ST_CASE,VEH_NO,PER_NO,AGE,SEX,PER_TYP,INJ_SEV,SEAT_POS,REST_USE,AIR_BAG,DRUGS,LOCATION,NUMOCCS,HIT_RUN,OWNER,V_CONFIG,HAZ_INV,TRAV_SP,DR_HGT,DR_WGT,PREV_SPD,SPEEDREL,VTRAFWAY,VNUM_LAN,VPROFILE,VPAVETYP,VSURCOND,P_CRASH1,P_CRASH2,DR_DRINK,VPICBODYCLASS,DRDISTRACT,DRIVERRF,DAY,MONTH,YEAR,DAY_WEEK,HOUR,RUR_URB,HARM_EV,RELJCT2,TYP_INT,REL_ROAD,LGT_COND,WEATHER,Fatality Rate (%)
40927,1,1,17,1,1,1,11,3,1,0,0,1,0,2,0,1,998,999,999,99,5,5,6,8,8,98,1,82,0,13,96,91,20,12,2020,1,1,2,8,1,1,1,3,99,50.0
40928,1,1,22,2,1,3,11,3,1,1,0,3,0,2,0,1,998,66,265,2,9,2,3,8,8,98,1,17,1,7,96,0,20,12,2020,1,4,2,12,2,2,1,3,99,40.0
40929,1,1,66,1,1,0,11,3,8,0,0,1,0,1,0,1,998,75,185,0,0,2,5,1,2,1,11,15,0,7,0,38,21,12,2020,2,11,2,12,2,3,1,1,1,50.0
40930,1,1,22,1,1,9,11,99,98,0,0,2,0,1,0,1,998,999,999,0,9,2,4,8,8,98,1,17,0,13,96,39,21,12,2020,2,7,2,12,2,2,1,9,99,33.33333333
40931,1,1,999,9,1,9,11,99,99,9,0,1,0,9,99,1,999,999,999,99,9,9,9,9,9,99,99,82,0,999,99,999,24,12,2020,5,99,2,8,99,99,99,9,99,50.0
40932,1,1,23,1,1,3,11,20,1,0,0,1,0,2,0,1,96,65,130,0,5,2,4,8,8,8,1,62,0,13,99,91,26,12,2020,7,11,2,12,2,2,1,1,99,66.66666667
40933,1,1,46,1,1,9,11,99,20,8,0,1,0,9,99,1,999,71,210,0,9,1,2,8,8,98,1,50,1,999,96,91,26,12,2020,7,21,2,12,3,2,1,6,99,75.0
40934,1,1,38,1,1,4,11,20,20,0,0,1,0,2,0,1,998,74,310,0,9,3,3,8,8,98,1,17,0,60,96,39,29,12,2020,3,21,2,12,2,2,1,3,99,25.0
40935,1,1,999,9,1,9,11,99,99,9,0,2,0,9,99,1,999,999,999,99,9,9,9,9,9,99,99,99,0,999,99,999,30,12,2020,4,11,2,99,99,99,99,1,99,50.0
40936,1,1,32,1,1,2,11,99,20,0,0,2,1,9,0,1,998,75,212,0,5,1,5,8,8,98,1,17,0,13,96,91,30,12,2020,4,22,2,12,2,2,1,3,99,33.33333333
40937,1,1,38,1,1,0,11,3,20,0,0,2,0,2,0,1,998,76,220,2,9,8,8,8,8,98,1,80,0,13,96,0,31,12,2020,5,19,2,8,1,1,1,2,99,33.33333333
40938,1,1,71,1,1,4,11,3,8,0,0,1,0,1,0,1,10,76,275,0,0,1,6,1,8,1,11,15,0,13,99,38,20,10,2020,3,5,2,12,2,2,1,4,1,50.0
40939,1,1,90,1,1,3,11,3,1,0,0,2,0,1,0,1,15,67,135,0,0,3,5,1,2,1,11,15,0,13,0,38,21,10,2020,4,15,2,12,2,2,1,1,1,25.0
40940,1,1,22,1,1,0,11,3,20,0,0,2,0,2,0,1,45,72,185,1,0,1,2,1,2,1,1,83,0,60,0,0,23,10,2020,6,21,2,15,1,1,1,2,1,20.0
40941,1,1,64,1,1,2,11,99,20,1,0,1,0,1,0,1,50,74,190,0,0,3,5,1,8,1,1,12,1,7,0,91,25,10,2020,1,17,2,12,1,1,1,3,1,50.0
40942,1,1,28,1,1,0,11,99,20,9,0,1,1,2,0,1,47,72,180,0,0,5,3,1,8,1,1,11,0,7,99,28,7,11,2020,7,18,2,8,1,1,2,3,1,50.0
40944,1,1,52,1,1,0,11,20,20,0,0,1,0,1,0,1,45,68,270,3,9,5,5,1,2,1,1,80,0,60,99,999,22,11,2020,1,19,2,8,1,1,1,3,1,50.0
40945,1,1,40,1,1,4,11,20,20,1,0,2,0,1,0,1,45,72,195,1,4,5,3,1,2,1,1,6,1,105,99,58,26,11,2020,5,18,2,33,1,1,4,3,1,50.0
40946,1,1,72,1,1,4,11,20,1,9,0,1,0,1,0,1,45,75,210,0,9,1,3,1,2,1,99,14,0,13,99,39,19,12,2020,7,20,2,33,3,3,4,3,1,100.0
40947,1,1,21,1,1,4,11,20,20,8,0,1,0,2,0,1,998,69,145,0,5,2,4,1,8,98,10,9,1,60,96,999,25,12,2020,6,1,2,33,3,2,3,6,99,100.0
40948,1,1,27,1,1,3,11,20,1,9,0,3,0,1,0,1,85,72,200,0,3,1,2,1,8,1,1,14,0,60,99,39,28,8,2020,6,17,2,33,3,3,4,1,1,33.33333333
40951,1,1,31,1,1,4,11,20,20,1,0,1,0,2,0,1,68,67,185,1,3,5,5,1,8,1,1,62,0,80,99,0,28,10,2020,4,15,2,12,8,1,1,1,1,50.0
40952,1,1,53,1,1,1,11,20,9,9,0,2,0,1,0,1,998,68,167,0,0,5,5,1,8,1,1,10,0,13,99,28,28,10,2020,4,18,2,12,1,1,1,3,1,14.28571429
40953,1,1,63,2,1,0,11,3,20,0,0,1,0,1,0,1,40,60,135,0,0,3,3,1,8,1,15,80,0,13,0,0,3,11,2020,3,4,2,8,1,1,1,3,1,50.0
40954,1,1,79,1,1,4,11,3,8,9,0,2,0,1,0,1,15,69,164,0,0,1,2,1,2,1,11,15,0,15,99,38,15,11,2020,1,19,2,12,2,3,1,3,1,33.33333333
40955,1,1,26,1,1,0,11,20,20,0,0,1,0,2,0,1,15,65,178,1,0,1,2,1,2,1,11,80,0,3,99,38,30,11,2020,2,15,2,8,3,3,1,1,1,50.0
40956,1,1,999,9,1,9,11,99,99,9,0,99,1,9,99,1,999,999,999,99,9,5,5,1,8,1,1,80,0,999,99,999,9,12,2020,4,20,2,8,1,1,1,3,10,50.0
40957,1,1,84,2,1,4,11,3,20,0,0,1,0,1,0,1,15,66,156,0,0,0,0,0,0,0,11,15,0,7,99,38,10,12,2020,5,17,2,12,8,1,1,3,10,50.0
40958,1,1,26,2,1,0,11,3,20,9,0,1,0,1,0,1,998,67,230,3,9,5,9,1,8,1,1,80,0,7,6,999,20,12,2020,1,0,2,8,1,1,1,2,1,33.33333333
40960,1,1,25,1,1,1,11,3,20,0,0,1,0,2,0,1,998,69,200,0,0,5,6,1,8,1,1,80,0,60,0,0,26,12,2020,7,18,2,8,1,1,1,3,1,11.11111111
40961,1,1,19,2,1,0,11,3,20,0,0,1,0,2,0,1,58,60,115,0,9,5,6,1,8,1,1,67,0,13,99,0,28,12,2020,2,14,2,12,8,1,1,1,10,50.0
40962,1,1,54,2,1,2,11,3,20,0,0,3,0,1,0,1,45,62,175,0,0,3,5,1,8,1,2,53,0,13,0,0,16,5,2020,7,21,2,12,1,1,1,3,1,14.28571429
40963,1,1,80,1,1,4,11,3,8,0,0,1,0,1,0,1,40,74,220,1,4,5,5,1,8,1,1,51,0,7,0,0,11,9,2020,6,7,2,12,1,1,1,1,10,50.0
40964,1,1,31,2,1,1,11,3,20,9,0,1,0,1,0,1,35,58,110,0,0,4,2,1,8,1,1,17,0,7,0,39,10,10,2020,7,1,2,12,2,2,1,3,1,50.0
40966,1,1,48,2,1,0,11,99,20,8,0,2,0,2,0,1,30,63,115,0,0,1,2,8,8,98,99,98,0,7,99,999,12,6,2020,6,23,2,5,1,1,1,6,99,50.0
40975,1,1,77,1,1,4,11,3,20,0,0,2,0,1,0,1,15,69,160,0,0,3,3,1,8,1,11,15,0,13,0,38,20,12,2020,1,16,2,12,2,4,1,1,1,25.0
50008,1,1,35,1,1,0,11,3,1,0,0,2,0,2,0,1,998,999,999,0,0,3,2,6,2,1,1,80,0,7,0,0,27,1,2020,2,18,2,8,1,1,1,2,1,33.33333333
50010,1,1,24,2,1,4,11,20,20,9,0,3,0,2,0,1,998,61,110,1,0,3,4,6,1,1,1,53,0,13,99,0,29,1,2020,4,21,2,12,1,1,1,2,1,16.66666667
50015,1,1,41,1,1,4,11,20,1,0,0,1,0,1,0,1,998,75,230,2,3,1,2,1,2,2,1,65,0,7,99,6,23,1,2020,5,5,2,12,8,1,1,2,2,50.0
50016,1,1,54,1,1,4,11,20,20,0,0,1,0,1,0,1,998,75,200,0,9,5,5,1,2,1,1,13,0,13,99,0,21,1,2020,3,4,2,18,1,1,4,2,1,100.0
50019,1,1,24,1,1,4,11,20,20,9,0,1,0,2,0,1,998,71,260,0,3,1,5,1,2,1,1,17,0,80,12,39,2,1,2020,5,15,2,12,2,2,1,1,10,33.33333333
50025,1,1,33,1,1,0,11,3,8,0,0,1,0,1,0,1,998,76,270,0,0,5,5,1,2,2,1,80,0,60,0,87,9,1,2020,5,21,2,8,8,1,1,2,10,50.0
50028,1,1,18,1,1,2,11,3,1,1,0,3,0,2,0,1,68,999,999,0,4,5,5,1,2,4,1,6,0,13,99,58,11,1,2020,7,16,2,12,1,1,1,1,12,16.66666667
50033,1,1,33,1,1,0,11,3,20,0,0,1,0,1,0,1,998,68,205,1,0,1,4,1,2,1,1,80,0,3,0,0,14,2,2020,6,20,2,8,1,1,1,2,1,50.0
50034,1,1,67,2,1,4,11,3,8,9,0,1,0,1,0,1,998,63,175,0,9,1,2,1,1,1,1,13,0,13,0,51,15,2,2020,7,20,2,33,1,1,4,3,1,50.0
50038,1,1,37,2,1,4,11,3,99,0,0,3,0,1,0,1,998,64,260,0,4,2,2,6,1,2,14,6,0,13,0,8,24,2,2020,2,5,2,21,1,1,4,2,2,66.66666667
50043,1,1,34,1,1,2,11,3,1,0,0,1,0,3,1,1,998,75,230,1,9,3,3,1,2,1,1,50,0,65,99,0,6,2,2020,5,22,2,12,1,1,1,2,10,50.0
50044,1,1,30,1,1,0,11,3,20,0,0,1,0,1,0,1,998,72,185,3,0,1,2,1,2,2,1,80,0,60,0,87,11,2,2020,3,17,2,8,1,1,1,2,1,50.0
50047,1,1,18,2,1,4,11,3,3,0,0,1,0,2,0,1,998,67,135,0,4,3,4,6,2,2,14,6,0,13,0,87,4,2,2020,3,10,2,32,1,1,4,1,2,100.0
50050,1,1,26,1,1,4,11,20,20,9,0,1,0,2,0,1,998,73,180,1,3,5,5,1,2,1,1,50,0,98,99,6,28,2,2020,6,16,2,12,1,1,1,1,1,50.0
50051,1,1,47,1,1,4,11,20,20,0,0,1,0,2,0,1,998,67,170,0,3,1,2,1,2,1,1,17,0,82,0,36,28,2,2020,6,18,2,12,2,2,1,5,1,50.0
50055,1,1,23,1,1,1,11,3,20,0,0,2,0,3,6,1,998,72,167,0,0,3,6,1,2,1,1,13,0,66,0,28,16,2,2020,1,0,2,14,1,1,2,3,1,50.0
50060,1,1,22,2,1,0,11,3,20,9,0,1,0,2,0,1,998,63,220,0,9,4,2,4,2,1,1,80,1,3,0,0,12,1,2020,1,1,2,8,1,1,1,2,1,50.0
50061,1,1,43,1,1,0,11,3,20,9,0,1,0,1,0,1,998,64,190,0,9,1,2,1,2,1,1,80,0,13,99,0,11,1,2020,7,17,2,8,1,1,1,3,1,50.0
50065,1,1,26,2,1,4,11,99,8,0,0,1,0,1,0,1,998,63,105,0,3,1,4,1,2,1,14,13,1,7,99,0,22,2,2020,7,6,2,30,1,1,4,4,1,100.0
50066,1,1,31,1,1,4,11,3,8,9,0,1,0,1,0,1,998,67,230,0,9,3,3,5,1,1,1,54,1,13,99,36,7,3,2020,7,4,2,12,1,1,1,2,1,100.0
50067,1,1,31,1,1,0,11,3,20,8,0,2,0,3,6,1,998,999,999,99,0,1,4,1,1,1,1,53,0,66,96,38,12,1,2020,1,17,2,12,8,1,1,6,1,33.33333333
50068,1,1,33,1,1,0,11,3,20,9,0,1,0,9,0,1,998,71,185,0,0,1,4,1,2,2,1,80,0,7,0,0,15,1,2020,4,17,2,8,1,1,1,2,2,50.0
50071,1,1,44,1,1,0,11,3,20,0,0,1,0,3,0,1,998,75,185,0,0,1,4,1,2,1,1,80,0,7,99,0,29,1,2020,4,18,2,8,2,3,1,3,1,33.33333333
50074,1,1,59,1,1,4,11,3,8,0,0,1,0,1,0,1,998,73,160,0,3,3,2,1,1,2,14,51,1,7,99,87,16,3,2020,2,20,2,12,1,1,1,2,2,50.0
50076,1,1,30,2,1,4,11,20,1,9,0,1,0,1,0,1,998,71,290,0,9,1,2,1,2,1,1,10,0,13,99,28,19,2,2020,4,18,2,12,1,1,1,2,1,33.33333333
50077,1,1,51,2,1,0,11,3,20,0,0,1,0,1,0,1,998,63,108,0,0,2,4,1,2,1,1,67,0,13,0,0,19,2,2020,4,16,2,12,2,2,1,1,1,25.0
50088,1,1,76,2,1,4,11,20,8,9,0,1,0,1,0,1,998,63,190,0,0,5,3,5,2,1,1,13,0,7,99,0,24,3,2020,3,15,2,32,1,1,4,1,10,100.0
50093,1,1,59,1,1,4,11,20,20,0,0,1,0,1,0,1,998,68,220,0,4,1,2,1,2,1,14,12,1,81,96,8,26,3,2020,5,23,2,30,1,1,4,3,1,50.0
50094,2,1,26,1,1,4,11,3,1,9,0,1,0,1,0,1,998,70,155,0,9,3,1,1,1,1,6,13,1,5,99,36,15,2,2020,7,3,2,14,1,1,5,3,1,50.0
50101,1,1,37,1,1,4,11,20,20,9,0,1,0,1,0,1,998,69,170,0,9,1,2,6,2,1,1,51,1,80,99,6,2,4,2020,5,21,2,12,1,1,1,2,10,50.0
50102,1,1,84,1,1,0,11,3,20,0,0,1,0,1,0,1,998,68,175,0,0,4,1,1,4,11,1,80,0,60,0,0,3,3,2020,3,16,2,8,1,1,1,1,10,50.0
50104,1,1,43,1,1,4,11,20,1,0,0,1,0,1,0,1,998,68,185,0,0,1,2,1,2,1,14,10,1,13,0,36,5,3,2020,5,13,2,12,1,1,1,1,1,50.0
50105,1,1,74,2,1,4,11,3,1,0,0,1,0,1,0,1,998,67,155,0,0,1,2,5,2,2,11,15,0,1,0,38,3,4,2020,6,12,2,12,2,3,1,1,2,50.0
50106,1,1,58,1,1,0,11,3,20,0,0,1,0,3,6,1,998,69,200,0,0,6,4,1,1,1,11,80,0,66,0,0,8,4,2020,4,13,2,8,3,2,1,1,1,50.0
50108,1,1,26,1,1,4,11,99,8,0,0,1,0,1,0,1,998,70,190,2,9,5,5,1,2,2,1,13,0,13,99,999,14,3,2020,7,2,2,42,1,1,4,3,2,100.0
50109,1,1,31,1,1,0,11,3,20,1,0,1,0,1,0,1,998,71,169,0,0,1,2,1,2,1,1,80,0,3,99,0,5,3,2020,5,21,2,8,1,1,1,3,1,50.0
50110,1,1,28,1,1,2,11,3,20,0,0,1,0,1,0,1,998,70,190,0,9,3,2,1,2,1,1,80,0,13,98,81,21,3,2020,7,14,2,8,1,1,1,1,1,50.0
50113,1,1,40,1,1,4,11,99,99,9,0,1,0,1,0,1,998,67,200,0,9,1,3,1,2,1,1,52,0,60,99,36,7,4,2020,3,20,2,12,2,2,1,3,1,50.0
50114,1,1,44,1,1,4,11,99,20,0,0,1,0,1,0,1,998,75,220,0,9,5,5,1,2,1,1,12,0,7,99,0,6,4,2020,2,1,2,3,1,1,5,3,1,100.0
50116,1,1,38,1,1,0,11,3,20,0,0,2,0,2,0,1,998,70,190,2,0,5,5,1,2,1,1,80,0,60,0,0,7,4,2020,3,5,2,8,1,1,1,2,10,33.33333333
50130,1,1,32,1,1,3,11,20,1,0,0,1,0,3,0,1,998,70,188,0,3,5,5,1,2,1,98,98,0,13,0,37,10,4,2020,6,6,2,12,4,1,1,4,1,50.0
50131,1,1,20,1,1,3,11,20,20,9,0,2,0,0,0,1,998,73,150,1,9,1,2,1,2,1,1,17,0,98,99,39,28,4,2020,3,9,2,12,2,2,1,1,1,33.33333333
50141,1,1,23,1,1,3,11,20,3,0,0,5,0,1,0,1,998,73,160,0,3,1,2,1,2,1,2,13,0,13,0,36,24,4,2020,6,21,2,30,1,1,4,3,1,40.0
50145,1,1,57,1,1,4,11,3,8,0,0,1,0,1,0,1,998,68,190,0,0,3,6,1,1,1,1,53,0,7,0,0,1,5,2020,6,6,2,12,1,1,1,1,1,50.0
50154,1,1,29,2,1,0,11,3,8,9,0,1,0,1,0,1,998,62,163,0,9,3,5,1,1,1,1,1,1,13,0,80,30,4,2020,5,13,2,8,1,1,4,1,1,50.0
50156,1,1,64,1,1,4,11,20,20,0,0,1,0,0,0,1,998,69,150,1,0,1,2,6,2,1,14,13,0,12,99,0,26,3,2020,5,13,2,58,1,1,4,1,1,100.0
50157,1,1,48,1,1,4,11,3,1,9,0,1,0,1,0,1,998,72,275,0,3,2,2,6,2,1,1,54,0,13,99,51,27,3,2020,6,7,2,12,1,1,1,1,1,50.0
50158,1,1,39,2,1,2,11,3,20,8,0,2,0,1,0,1,998,68,250,0,0,1,4,1,2,1,1,90,0,7,0,0,16,4,2020,5,1,2,18,1,1,1,6,1,50.0
50159,1,1,30,1,1,4,11,3,1,9,0,1,0,1,0,1,998,63,190,0,3,1,2,1,5,11,1,13,1,13,99,6,25,4,2020,7,19,2,34,1,1,4,1,1,100.0
50160,1,1,71,1,1,4,11,20,20,0,0,2,0,1,0,1,998,68,212,0,0,5,5,1,2,1,1,67,1,7,0,0,16,4,2020,5,12,2,12,2,2,1,1,1,33.33333333
50167,1,1,67,1,1,3,11,3,8,0,0,1,0,1,0,1,998,72,145,0,0,5,5,1,2,1,11,15,0,60,0,38,6,5,2020,4,12,2,12,8,1,1,1,1,75.0
50172,1,1,23,2,1,3,11,3,20,9,0,2,0,3,0,1,998,69,210,0,9,2,1,1,1,1,1,12,0,13,99,6,6,5,2020,4,3,2,59,1,1,3,2,1,33.33333333
50175,1,1,62,1,1,4,11,99,99,0,0,2,0,1,0,1,998,63,145,0,0,1,4,1,2,1,1,66,0,2,0,0,26,4,2020,1,12,2,12,2,2,1,1,1,25.0
50176,1,1,25,1,1,0,11,3,20,0,0,2,0,2,0,1,998,72,240,0,0,5,5,1,2,1,11,15,0,13,0,38,26,4,2020,1,13,2,12,2,2,1,1,1,25.0
50181,1,1,68,2,1,3,11,3,20,0,0,2,0,1,0,1,998,60,167,0,0,1,2,1,2,1,14,62,0,13,0,0,28,4,2020,3,21,2,12,1,1,1,2,10,16.66666667
50192,1,1,60,1,1,4,11,20,1,0,0,1,0,1,0,1,998,74,215,0,3,1,2,6,2,1,14,12,1,60,99,6,15,5,2020,6,21,2,42,1,1,4,2,1,100.0
50196,1,1,60,1,1,4,11,3,8,0,0,1,0,1,0,1,998,68,200,0,0,5,5,5,2,1,1,10,1,13,99,0,1,6,2020,2,9,2,12,1,1,1,1,1,50.0
50198,1,1,35,1,1,0,11,3,20,0,0,1,0,2,0,1,998,62,200,0,0,1,5,1,2,2,11,15,1,60,0,38,13,5,2020,4,1,2,1,2,3,1,3,2,50.0
50213,1,1,58,1,1,4,11,20,20,0,0,1,0,1,0,1,998,72,215,1,0,3,4,5,1,1,14,9,0,94,0,0,7,6,2020,1,9,2,59,1,1,3,1,1,100.0
50218,1,1,40,1,1,0,11,99,20,0,0,1,0,3,0,1,998,72,180,0,0,4,2,1,2,1,14,80,0,13,0,0,12,6,2020,6,0,2,8,1,1,1,2,1,50.0
50223,1,1,25,2,1,3,11,3,8,9,0,3,0,1,0,1,998,66,135,0,0,1,4,1,2,1,1,62,0,3,0,0,16,6,2020,3,19,2,12,1,1,1,1,1,25.0
50227,1,1,70,1,1,0,11,3,1,0,0,1,0,1,0,1,998,66,202,0,0,5,5,6,2,1,1,65,0,119,0,0,18,6,2020,5,11,2,12,2,3,1,1,1,33.33333333
50231,1,1,61,1,1,4,11,20,20,9,0,1,0,1,0,1,998,69,160,0,0,1,4,6,2,1,15,50,0,81,99,26,10,6,2020,4,12,2,12,2,3,1,1,1,25.0
50234,1,1,29,1,1,4,11,20,20,9,0,1,0,2,0,1,998,74,165,0,3,3,2,1,2,1,14,12,0,80,99,6,20,6,2020,7,20,2,57,1,1,3,5,1,100.0
50237,1,1,49,2,1,1,11,3,20,9,0,1,0,1,0,1,49,62,150,0,3,1,2,1,2,1,1,13,0,13,0,6,4,6,2020,5,20,2,38,1,1,5,5,1,25.0
50241,1,1,26,1,1,0,11,3,1,0,0,5,0,2,0,1,998,67,172,3,0,1,3,1,2,1,1,17,0,7,0,0,6,6,2020,7,12,2,12,2,2,1,1,1,16.66666667
50243,1,1,30,1,1,0,11,3,20,0,0,2,0,1,0,1,998,66,140,0,0,5,5,1,2,1,1,80,0,95,0,0,24,6,2020,4,3,2,8,1,1,1,3,1,33.33333333
50246,1,1,46,1,1,4,11,20,20,0,0,1,0,1,0,1,998,72,170,0,0,1,4,1,2,1,1,12,0,60,0,0,27,6,2020,7,0,2,43,1,1,5,3,1,100.0
50247,1,1,59,1,1,4,11,20,20,0,0,1,0,2,0,1,998,65,180,0,0,3,3,1,2,2,1,53,0,12,0,0,29,6,2020,2,3,2,12,1,1,1,2,10,50.0
50252,1,1,999,2,1,0,11,99,99,9,0,99,1,9,99,1,998,999,999,99,9,3,3,1,2,1,1,83,0,999,99,0,28,6,2020,1,0,2,9,1,1,1,3,1,50.0
50253,1,1,24,2,1,4,11,20,8,0,0,1,0,3,0,1,998,66,325,2,9,1,2,1,2,1,1,52,0,13,99,26,29,6,2020,2,8,2,12,3,3,1,1,1,50.0
50255,1,1,63,1,1,4,11,3,8,9,0,1,0,1,0,1,998,64,160,0,9,1,2,1,2,1,1,91,0,60,99,39,30,6,2020,3,18,2,10,6,1,1,1,1,100.0
50256,1,1,28,1,1,4,11,20,8,9,0,1,0,1,0,1,998,68,200,0,9,6,1,1,1,1,16,9,1,13,99,27,20,6,2020,7,1,2,25,5,1,4,3,1,50.0
50261,1,1,30,1,1,0,11,3,20,0,0,3,0,2,0,1,998,75,240,2,0,2,4,1,2,1,1,81,0,60,0,0,2,7,2020,5,6,2,8,1,1,1,1,1,25.0
50262,1,1,18,2,1,4,11,20,20,0,0,1,0,2,0,1,998,65,155,0,0,1,2,1,2,1,1,17,0,98,99,39,25,6,2020,5,17,2,12,2,2,1,1,1,50.0
50267,1,1,51,1,1,2,11,3,1,0,0,1,0,1,0,1,998,71,180,0,0,2,4,1,2,1,1,66,0,13,0,0,24,6,2020,4,9,2,12,2,3,1,1,1,50.0
50270,1,1,56,1,1,0,11,3,8,0,0,1,0,3,0,1,998,66,160,0,0,1,5,1,1,1,11,15,0,2,0,6,7,7,2020,3,11,2,12,2,2,1,1,1,50.0
50271,1,1,46,1,1,0,11,3,1,0,0,1,0,2,0,1,998,72,184,0,0,1,5,1,2,1,11,15,0,13,0,38,7,7,2020,3,14,2,12,2,2,1,1,10,50.0
50272,1,1,60,1,1,4,11,20,1,0,0,1,0,1,0,1,54,74,238,1,3,5,5,1,2,1,1,17,0,60,99,39,6,6,2020,7,20,2,12,2,2,1,3,1,25.0
50273,1,1,24,1,1,4,11,20,20,0,0,1,0,1,0,1,998,72,175,0,3,4,2,1,2,1,14,6,0,98,99,36,10,6,2020,4,21,2,38,1,1,5,3,1,100.0
50278,1,1,19,1,1,0,11,3,20,0,0,1,1,2,0,1,998,70,136,0,9,1,4,1,2,1,1,80,0,13,99,0,7,7,2020,3,5,2,8,3,2,1,3,1,50.0
50280,1,1,37,1,1,0,11,3,20,0,0,1,0,2,0,1,998,69,150,0,0,1,2,1,2,2,1,83,0,60,99,0,7,7,2020,3,21,2,15,8,1,1,2,10,50.0
50284,1,1,999,9,1,0,11,99,99,9,0,99,1,9,99,1,998,999,999,99,9,2,4,1,2,2,14,82,0,998,99,0,27,6,2020,7,99,2,8,1,1,98,2,2,50.0
50287,1,1,39,1,1,0,11,3,20,0,0,1,0,2,19,1,998,66,178,0,0,5,5,1,2,1,14,54,0,66,0,0,26,6,2020,6,15,2,12,1,1,1,1,1,50.0
50290,1,1,36,1,1,0,11,99,20,0,0,2,0,3,1,1,998,72,162,0,0,1,2,1,2,1,1,98,0,60,12,0,15,7,2020,4,21,2,5,1,1,1,2,1,50.0
50291,1,1,999,9,1,0,11,99,99,9,0,99,1,9,99,1,998,999,999,99,9,4,2,1,2,1,1,80,0,999,99,0,17,7,2020,6,2,2,8,1,1,2,3,1,50.0
50292,1,1,999,9,1,0,11,99,99,9,0,99,1,9,99,1,998,999,999,99,9,1,2,1,1,1,1,80,0,999,99,0,18,7,2020,7,23,2,8,1,1,1,2,1,50.0
50302,1,1,21,1,1,2,11,3,1,0,0,2,0,1,0,1,998,70,208,0,9,2,4,6,2,1,1,62,0,7,0,0,17,7,2020,6,19,2,12,2,3,1,1,1,33.33333333
50305,1,1,52,1,1,4,11,99,8,9,0,1,0,1,0,1,998,74,208,0,9,1,2,1,2,1,6,12,1,5,99,35,24,7,2020,6,20,2,30,3,2,4,2,1,50.0
50308,1,1,44,2,1,4,11,3,1,0,0,1,0,1,0,1,998,63,300,0,0,1,2,1,2,1,1,13,0,13,0,28,6,7,2020,2,17,2,32,1,1,4,1,1,100.0
50317,1,1,30,2,1,4,11,3,1,9,0,1,0,1,0,1,998,65,160,1,9,1,4,1,2,1,1,13,1,13,99,6,29,7,2020,4,19,2,42,1,1,4,5,1,100.0
50326,1,1,24,1,1,3,11,3,8,1,0,2,0,1,0,1,998,67,155,1,0,3,3,1,2,1,1,54,1,13,0,50,27,7,2020,2,20,2,12,3,3,1,2,1,25.0
50329,1,1,34,1,1,0,11,3,20,0,0,1,0,2,0,1,998,68,155,0,0,1,2,1,2,1,1,17,0,13,99,38,15,7,2020,4,16,2,12,2,7,1,1,1,50.0
50330,1,1,23,1,1,0,11,3,20,1,0,3,0,3,0,1,998,72,185,0,0,1,2,1,2,1,1,80,1,13,0,86,3,8,2020,2,21,2,8,1,1,1,3,1,25.0
50333,1,1,27,1,1,2,11,3,8,9,0,1,0,1,0,1,998,75,215,1,9,1,4,1,2,1,1,53,0,60,99,0,2,8,2020,1,3,2,12,1,1,1,3,1,25.0
50336,1,1,42,2,1,4,11,3,8,0,0,3,0,1,0,1,998,69,170,0,0,1,3,5,2,1,14,62,0,7,0,0,19,7,2020,1,17,2,12,1,1,1,1,1,33.33333333
50337,1,1,999,9,1,0,11,99,20,9,0,99,1,9,99,1,998,999,999,99,9,5,5,1,2,2,1,83,0,999,99,999,6,7,2020,2,22,2,9,1,1,1,3,1,50.0
50338,1,1,66,1,1,0,11,3,20,0,0,1,0,1,0,1,998,68,400,0,0,5,5,1,2,1,11,15,0,60,0,38,17,7,2020,6,20,2,12,2,3,1,6,1,50.0
50340,1,1,49,1,1,4,11,3,8,0,0,1,0,2,0,1,998,68,230,0,0,1,2,1,2,1,1,13,0,7,0,0,14,4,2020,3,9,2,33,1,1,4,1,1,100.0
50341,1,1,59,1,1,1,11,20,20,0,0,2,0,1,0,1,998,68,175,0,0,3,3,1,2,2,2,9,0,125,0,6,8,8,2020,7,12,2,1,1,1,2,1,2,50.0
50348,1,1,16,2,1,4,11,20,20,0,0,1,0,5,0,1,998,64,100,0,0,3,4,1,2,1,1,53,0,12,0,23,28,7,2020,3,19,2,12,1,1,1,2,1,50.0
50349,1,1,999,9,1,0,11,99,99,9,0,99,1,9,99,1,998,999,999,99,9,1,2,3,2,1,1,82,0,999,99,999,18,7,2020,7,19,2,8,1,1,4,1,1,50.0
50350,1,1,57,2,1,4,11,20,20,0,0,1,0,1,0,1,998,65,285,0,9,1,4,1,2,1,1,9,0,12,99,999,20,7,2020,2,17,2,1,2,2,1,1,1,100.0
50354,1,1,51,1,1,4,11,20,1,0,0,1,0,3,2,1,998,71,215,0,0,5,5,1,2,1,1,12,1,63,99,999,25,7,2020,7,12,2,33,1,1,4,1,1,100.0
50363,1,1,16,1,1,0,11,3,8,0,0,2,0,2,0,1,998,74,155,0,3,5,3,1,2,1,1,66,0,7,99,6,5,8,2020,4,23,2,12,2,2,1,3,1,33.33333333
50364,1,1,24,1,1,0,11,3,20,0,0,1,0,1,0,1,998,66,150,2,0,1,2,1,2,1,1,80,0,13,0,0,23,8,2020,1,3,2,8,1,1,1,2,1,50.0