ST_CASE,VEH_NO,PER_NO,AGE,SEX,PER_TYP,INJ_SEV,SEAT_POS,REST_USE,AIR_BAG,DRUGS,LOCATION,NUMOCCS,HIT_RUN,OWNER,V_CONFIG,HAZ_INV,TRAV_SP,DR_HGT,DR_WGT,PREV_SPD,SPEEDREL,VTRAFWAY,VNUM_LAN,VPROFILE,VPAVETYP,VSURCOND,P_CRASH1,P_CRASH2,DR_DRINK,VPICBODYCLASS,DRDISTRACT,DRIVERRF,DAY,MONTH,YEAR,DAY_WEEK,HOUR,RUR_URB,HARM_EV,RELJCT2,TYP_INT,REL_ROAD,LGT_COND,WEATHER,Fatality Rate (%)
80103,1,1,48,1,1,4,11,20,20,0,0,1,0,2,1,1,999,66,999,0,5,5,5,1,2,1,1,6,1,60,96,36,25,3,2020,4,16,2,1,1,1,4,1,98,100.0
80104,1,1,32,2,1,4,11,20,1,1,0,1,0,1,0,1,65,67,185,0,0,2,2,5,2,1,1,9,0,13,96,6,1,4,2020,4,11,2,12,18,1,1,1,98,33.33333333
80108,1,1,12,1,1,4,11,3,20,0,0,1,0,5,0,1,70,999,999,0,3,1,2,1,2,1,14,12,0,7,96,37,5,4,2020,1,6,2,1,1,1,1,3,98,100.0
80113,1,1,22,2,1,0,11,3,20,0,0,1,0,1,0,1,998,67,120,1,0,2,2,1,2,1,1,80,0,60,96,0,9,4,2020,5,7,2,8,3,3,1,1,98,50.0
80115,1,1,56,1,1,4,11,3,1,0,0,1,0,1,0,1,72,73,225,0,0,3,3,1,1,1,15,51,0,9,92,27,14,4,2020,3,14,2,45,18,1,1,1,98,25.0
80118,1,1,67,1,1,4,11,3,8,0,0,1,0,1,0,1,78,76,218,0,0,3,3,6,1,1,1,9,0,7,96,0,15,4,2020,4,16,2,18,19,1,4,1,98,100.0
80119,1,1,54,1,1,4,11,20,20,0,0,1,0,0,0,1,85,69,230,0,3,1,2,6,2,1,1,14,1,13,96,39,18,4,2020,7,16,2,59,3,3,4,1,98,100.0
80121,1,1,76,2,1,4,11,20,1,0,0,1,0,2,0,1,40,65,170,0,0,2,4,1,2,1,1,51,0,13,96,6,15,4,2020,4,14,2,12,3,2,1,1,98,33.33333333
80123,1,1,79,2,1,4,11,20,1,0,0,1,0,1,0,1,35,60,177,0,0,1,4,1,2,1,1,12,0,7,96,6,20,4,2020,2,17,2,30,1,1,4,1,98,100.0
80125,1,1,18,1,1,4,11,20,20,0,0,2,0,1,0,1,95,72,163,0,3,1,2,1,2,1,1,13,1,60,96,36,25,4,2020,7,23,2,1,1,1,4,2,98,100.0
80126,1,1,22,1,1,4,11,20,3,0,0,1,0,2,0,1,100,65,155,0,3,2,2,1,2,1,14,6,0,60,96,37,26,4,2020,1,1,2,42,1,1,3,3,98,100.0
80129,1,1,18,1,1,0,11,3,20,0,0,1,0,2,0,1,25,67,150,0,0,2,2,1,1,1,1,17,0,13,96,52,26,4,2020,1,17,2,12,2,2,1,1,98,50.0
80130,1,1,37,2,1,4,11,20,20,0,0,1,0,1,0,1,100,65,145,0,3,3,4,5,1,1,6,6,0,80,96,36,27,4,2020,2,16,2,25,1,1,4,1,98,33.33333333
80131,1,1,64,1,1,4,11,3,20,0,0,1,0,1,0,1,80,72,190,1,3,4,1,1,2,1,14,14,1,3,96,39,25,4,2020,7,16,2,33,3,6,4,1,98,100.0
80132,1,1,20,1,1,1,11,20,1,0,0,4,1,1,0,1,30,69,160,1,0,2,4,1,1,1,1,14,1,13,96,6,26,4,2020,1,22,2,38,3,3,5,3,1,25.0
80134,1,1,34,1,1,4,11,20,20,9,0,1,0,2,0,1,998,75,230,0,5,2,4,1,2,1,1,17,1,98,96,39,18,4,2020,7,19,2,12,2,2,1,3,98,50.0
80136,1,1,999,9,1,0,11,99,98,8,0,99,1,9,0,1,998,999,999,99,0,2,4,1,2,1,1,80,0,60,96,0,3,5,2020,1,1,2,8,3,3,1,3,98,50.0
80137,1,1,26,1,1,0,11,3,8,1,0,5,1,2,0,1,80,75,190,1,3,2,3,1,2,1,6,51,0,7,96,36,3,5,2020,1,18,2,12,2,3,1,1,98,16.66666667
80140,1,1,58,1,1,4,11,20,20,0,0,1,0,1,0,1,64,74,265,0,3,1,2,1,2,1,1,13,0,81,96,36,4,5,2020,2,15,2,1,1,1,4,1,98,100.0
80141,1,1,19,1,1,4,11,20,20,1,0,2,0,5,0,1,70,66,170,0,3,1,2,1,2,1,1,6,0,60,96,37,7,5,2020,5,2,2,33,1,1,4,2,98,100.0
80143,1,1,22,1,1,4,11,20,20,0,0,1,0,1,0,1,998,69,173,3,0,2,4,1,2,1,1,52,0,80,96,26,2,5,2020,7,19,2,1,3,3,1,1,98,100.0
80144,1,1,25,1,1,4,11,20,20,0,0,1,0,1,0,1,45,71,175,1,0,5,4,5,2,1,1,62,0,80,96,85,6,5,2020,4,18,2,1,3,2,1,1,98,100.0
80145,1,1,17,1,1,0,11,3,20,0,0,1,0,2,0,1,998,68,160,0,0,2,4,2,1,1,1,83,0,7,96,0,1,5,2020,6,18,2,9,2,2,1,1,98,50.0
80147,1,1,22,1,1,4,11,3,1,1,0,1,0,2,0,1,998,69,145,1,0,1,2,1,2,1,1,10,0,15,96,28,12,5,2020,3,6,2,12,1,1,1,4,98,33.33333333
80148,1,1,22,1,1,3,11,20,20,0,0,2,0,3,1,1,15,71,185,0,0,2,2,1,1,1,11,15,0,63,96,38,13,5,2020,4,17,2,12,2,2,1,1,98,33.33333333
80149,1,1,45,1,1,4,11,20,20,1,0,1,0,1,0,1,45,75,250,0,3,1,2,6,2,1,1,6,0,82,96,36,13,5,2020,4,19,2,1,1,1,1,1,1,33.33333333
80150,1,1,70,1,1,4,11,20,20,0,0,1,0,1,0,1,55,73,175,0,4,6,1,1,2,1,10,6,0,83,96,30,14,5,2020,5,13,2,1,3,3,1,1,98,100.0
80152,1,1,36,1,1,4,11,20,20,1,0,1,0,2,0,1,65,74,400,0,2,3,2,1,2,1,1,6,0,60,96,74,15,5,2020,6,4,2,1,19,1,4,2,98,100.0
80154,1,1,16,1,1,3,11,3,1,1,0,2,0,2,0,1,99,65,145,1,3,2,3,1,2,1,1,13,1,13,96,36,16,5,2020,7,19,2,33,3,3,4,5,98,12.5
80156,1,1,50,1,1,4,11,20,20,0,0,1,0,2,0,1,40,67,165,0,0,1,6,1,2,1,1,17,0,80,96,39,8,5,2020,6,9,2,12,3,3,1,1,98,50.0
80157,1,1,42,1,1,4,11,20,20,1,0,1,0,1,0,1,95,68,130,1,3,2,1,2,2,1,1,51,1,80,96,36,16,5,2020,7,15,2,12,3,3,1,1,98,33.33333333
80159,1,1,24,1,1,1,11,3,1,0,0,1,0,1,0,1,75,74,999,0,3,3,4,1,2,2,1,51,1,13,96,36,16,5,2020,7,23,2,12,18,1,1,3,98,16.66666667
80161,1,1,37,1,1,4,11,20,20,0,0,1,0,1,0,1,55,74,200,0,0,3,5,1,2,1,15,5,0,82,96,8,19,5,2020,3,11,2,1,1,1,1,1,98,50.0
80162,1,1,29,2,1,0,11,3,20,0,0,1,0,2,0,1,27,999,999,4,0,2,3,6,2,1,1,80,0,13,96,0,20,5,2020,4,20,2,8,3,2,1,3,98,50.0
80165,1,1,47,1,1,4,11,20,20,9,0,1,0,2,0,1,20,74,325,3,0,2,5,3,1,1,1,10,1,81,96,6,23,5,2020,7,21,2,12,3,2,1,5,98,33.33333333
80170,1,1,28,1,1,4,11,3,3,0,0,2,0,4,0,1,60,67,999,0,3,2,4,1,2,1,1,17,0,7,96,39,19,5,2020,3,17,2,12,2,2,1,1,98,25.0
80172,1,1,39,1,1,4,11,20,20,0,0,1,0,1,0,1,50,68,170,0,3,5,5,1,2,1,1,62,0,80,96,36,22,5,2020,6,17,2,12,2,3,1,1,98,50.0
80174,1,1,999,9,1,0,11,98,98,8,0,99,1,9,99,1,998,999,999,99,0,5,6,1,2,1,1,80,0,999,96,0,22,5,2020,6,20,2,8,1,1,1,3,98,50.0
80177,1,1,29,1,1,4,11,20,20,9,0,1,0,1,0,1,998,67,191,1,5,2,4,1,2,1,1,67,1,80,96,36,19,5,2020,3,13,2,1,2,2,1,1,98,100.0
80178,1,1,32,1,1,4,11,20,20,9,0,1,0,3,0,1,85,67,140,0,3,2,2,1,2,1,1,62,1,94,96,36,26,5,2020,3,17,2,12,2,3,1,1,98,50.0
80180,1,1,83,1,1,4,11,3,20,1,0,1,0,1,0,1,35,75,193,0,0,2,5,6,2,1,15,50,1,60,96,39,27,5,2020,4,10,2,12,3,2,1,1,98,33.33333333
80181,1,1,40,2,1,4,11,20,20,0,0,1,0,2,0,1,100,62,130,0,3,2,2,5,2,1,1,13,1,13,96,36,11,5,2020,2,20,2,33,3,2,4,5,98,100.0
80183,1,1,999,9,1,0,11,98,98,8,0,99,1,9,99,1,55,999,999,99,0,1,2,6,2,1,14,80,0,999,96,0,14,4,2020,3,0,2,8,1,1,1,2,98,50.0
80186,1,1,28,1,1,4,11,20,20,1,0,2,0,2,0,1,88,69,215,0,3,2,2,1,1,1,15,6,0,13,96,36,1,6,2020,2,4,2,1,1,1,4,2,98,50.0
80188,1,1,20,1,1,4,11,20,8,0,0,1,0,1,0,1,60,72,195,0,0,1,2,6,2,1,6,9,1,5,96,33,5,6,2020,6,15,2,12,1,1,1,1,98,50.0
80193,1,1,22,2,1,4,11,20,1,0,0,1,0,2,0,1,45,64,150,0,0,2,3,1,1,1,1,12,0,13,96,6,4,6,2020,5,17,2,12,1,1,1,1,98,25.0
80194,1,1,29,1,1,0,11,3,20,0,0,1,0,1,0,1,20,70,155,0,0,5,5,1,2,1,11,80,0,7,96,0,10,6,2020,4,21,2,8,8,1,1,2,1,50.0
80196,1,1,52,1,1,4,11,20,20,0,0,1,0,0,0,1,60,70,160,1,0,2,3,6,2,1,1,13,0,81,96,52,13,6,2020,7,16,2,1,1,1,4,1,98,100.0
80197,1,1,998,8,1,0,11,99,99,0,0,99,1,9,99,1,40,999,999,99,0,2,3,1,2,1,1,80,0,999,96,0,10,6,2020,4,0,2,8,1,1,1,3,98,50.0
80200,1,1,67,1,1,0,11,3,20,0,0,1,0,1,0,1,30,66,215,0,0,4,2,1,2,1,1,17,0,8,96,39,10,6,2020,4,17,2,12,2,2,1,1,98,50.0
80201,1,1,999,9,1,0,11,99,20,9,0,99,1,9,0,1,55,999,999,99,3,2,4,1,2,1,1,80,0,7,96,0,16,6,2020,3,21,2,8,3,3,1,3,98,33.33333333
80202,1,1,20,1,1,0,11,3,8,0,0,1,0,1,0,1,998,69,154,1,5,2,5,2,2,1,14,62,0,13,96,36,3,6,2020,4,6,2,12,2,2,1,1,98,50.0
80203,1,1,26,1,1,1,11,20,1,0,0,1,0,2,0,1,85,73,205,0,3,3,5,1,2,1,1,52,0,9,96,36,3,6,2020,4,18,2,12,18,1,1,1,98,22.22222222
80204,1,1,19,1,1,4,11,3,1,9,0,3,0,1,0,1,998,999,999,0,0,1,7,1,2,1,1,17,1,13,96,39,4,6,2020,5,4,2,12,2,2,1,4,98,50.0
80205,1,1,40,1,1,0,11,99,20,1,0,2,1,2,0,1,998,71,178,0,0,2,3,1,2,1,1,80,1,13,96,6,2,6,2020,3,21,2,8,3,2,1,3,98,33.33333333
80206,1,1,42,1,1,4,11,20,20,9,0,1,0,1,0,1,998,72,240,0,5,2,1,1,2,1,6,6,1,81,96,36,7,6,2020,1,20,2,33,3,6,3,3,98,50.0
80207,1,1,31,1,1,0,11,3,20,0,0,1,0,1,0,1,998,68,210,1,0,2,3,1,2,1,14,80,0,2,96,0,8,6,2020,2,17,2,8,1,1,1,1,98,50.0
80208,1,1,42,2,1,4,11,3,1,9,0,1,0,1,0,1,72,62,225,0,0,2,2,1,2,1,1,12,0,15,96,0,11,6,2020,5,18,2,12,1,1,1,1,98,33.33333333
80209,1,1,33,1,1,4,11,20,20,0,0,1,0,2,0,1,55,71,190,2,3,5,3,1,2,1,6,66,1,81,96,36,14,6,2020,1,22,2,12,2,2,1,3,98,33.33333333
80211,1,1,65,2,1,4,11,3,8,0,0,2,0,1,0,1,12,63,115,0,0,1,2,1,2,1,11,15,0,7,3,38,19,6,2020,6,12,2,12,2,3,1,1,98,66.66666667
80213,1,1,66,1,1,4,11,20,20,0,0,1,0,1,0,1,55,70,190,0,0,1,2,6,2,1,1,50,0,82,93,6,21,6,2020,1,14,2,1,3,3,1,1,98,33.33333333
80214,1,1,33,1,1,4,11,20,20,0,0,1,0,2,0,1,75,70,225,0,0,3,2,1,2,1,15,8,0,7,96,58,3,6,2020,4,18,2,1,1,1,4,1,98,100.0
80215,1,1,17,2,1,2,11,3,1,0,0,3,0,1,0,1,998,64,130,0,0,2,4,1,2,1,11,15,0,7,96,38,19,6,2020,6,20,2,12,2,2,1,3,98,20.0
80217,1,1,22,1,1,4,11,20,1,0,0,1,0,1,1,1,75,72,145,2,3,1,2,2,2,1,14,13,1,60,96,36,23,6,2020,3,1,2,17,1,1,4,2,1,100.0
80218,1,1,61,1,1,4,11,20,20,0,0,1,0,3,6,1,40,66,200,0,0,1,2,5,2,1,14,13,1,66,92,0,23,6,2020,3,10,2,59,3,10,4,1,1,100.0
80219,1,1,32,2,1,0,11,99,99,9,0,1,1,1,0,1,50,62,160,0,3,2,3,5,2,1,1,11,0,7,96,36,23,6,2020,3,12,2,12,1,1,1,1,98,25.0
80221,1,1,60,1,1,4,11,20,20,0,0,1,0,1,0,1,55,76,380,0,0,6,1,1,2,1,16,9,0,82,96,0,7,6,2020,1,13,2,1,5,1,4,1,98,100.0
80223,1,1,24,1,1,4,11,20,20,0,0,1,0,2,0,1,85,70,205,1,3,5,5,1,1,1,1,67,0,80,96,52,24,6,2020,4,15,2,1,2,3,1,1,98,50.0
80226,1,1,999,9,1,0,11,98,98,8,0,99,1,9,99,1,999,999,999,99,0,5,3,1,2,1,1,80,0,999,96,0,28,6,2020,1,22,2,8,1,1,1,3,98,50.0
80227,1,1,52,1,1,0,11,3,1,1,0,1,0,1,0,1,998,67,238,1,0,5,3,1,2,1,1,12,0,60,96,91,26,6,2020,6,9,2,8,3,3,4,1,98,20.0
80228,1,1,23,1,1,2,11,3,8,0,0,1,0,2,0,1,998,66,130,2,0,2,2,1,2,1,1,17,0,13,96,74,14,6,2020,1,22,2,12,2,2,1,3,98,33.33333333
80230,1,1,998,8,1,0,11,98,98,8,0,99,1,9,0,1,30,999,999,99,0,1,2,2,2,1,1,83,0,60,96,6,23,6,2020,3,21,2,9,2,2,1,3,98,50.0
80231,1,1,69,1,1,4,11,3,1,0,0,1,0,1,0,1,50,69,175,0,0,2,3,5,1,1,1,13,0,60,96,0,30,6,2020,3,20,2,46,3,2,4,3,98,100.0
80232,1,1,23,1,1,2,11,3,20,0,0,5,0,2,0,1,50,72,168,0,3,1,2,2,2,1,1,98,1,60,96,36,21,6,2020,1,6,2,43,3,3,1,1,98,20.0
80236,1,1,75,1,1,4,11,20,20,0,0,1,0,1,0,1,35,66,170,0,0,6,1,1,2,1,1,90,0,98,96,81,20,6,2020,7,14,2,73,20,1,1,1,98,100.0
80237,1,1,32,1,1,0,11,3,20,0,0,1,0,2,0,1,38,69,165,0,0,1,3,1,2,1,1,80,0,7,96,0,21,6,2020,1,21,2,8,1,1,1,2,98,50.0
80238,1,1,32,2,1,4,11,20,1,1,0,1,0,2,0,1,50,66,150,0,3,1,2,1,2,1,1,11,1,13,96,39,17,6,2020,4,21,2,14,3,2,7,2,98,100.0
80239,1,1,52,1,1,2,11,99,8,0,0,2,0,1,0,1,50,71,215,0,3,1,6,6,2,1,1,17,0,7,96,38,8,6,2020,2,0,2,12,2,2,1,3,98,25.0
80240,1,1,49,1,1,4,11,20,20,1,0,1,0,1,0,1,55,67,155,1,3,3,2,6,2,1,1,12,1,81,96,36,9,6,2020,3,4,2,24,1,1,3,3,98,100.0
80241,1,1,25,1,1,4,11,20,20,9,0,2,0,0,0,1,998,70,160,2,5,1,2,1,2,1,1,62,0,80,96,91,10,6,2020,4,18,2,12,2,3,1,1,98,33.33333333
80242,1,1,55,2,1,3,11,20,8,1,0,1,0,1,0,1,75,64,191,0,0,3,2,1,2,1,1,12,1,7,96,91,28,1,2020,3,15,2,57,1,1,3,1,1,50.0
80243,1,1,22,1,1,4,11,20,20,9,0,1,0,1,0,1,90,66,999,0,3,3,2,1,1,1,1,13,1,94,96,36,5,4,2020,1,22,2,24,1,1,4,2,98,100.0
80246,1,1,49,2,1,0,11,3,20,0,0,1,0,1,0,1,25,62,120,0,0,6,1,6,1,1,14,80,0,7,96,0,25,5,2020,2,0,2,8,20,1,1,3,98,50.0
80247,1,1,41,1,1,0,11,20,8,1,0,4,0,4,0,1,75,71,210,0,3,2,4,5,2,1,6,50,0,7,96,39,27,5,2020,4,18,2,12,2,2,1,1,98,12.5
80248,1,1,24,1,1,4,11,20,20,0,0,1,0,1,0,1,100,73,250,0,3,3,2,1,2,1,1,51,1,80,99,36,2,7,2020,5,22,2,12,1,1,1,2,98,33.33333333
80249,1,1,28,1,1,3,11,3,8,0,0,2,0,2,0,1,110,73,205,2,3,6,2,6,2,1,14,6,1,13,96,36,3,7,2020,6,2,2,25,5,1,4,3,98,50.0
80251,1,1,22,1,1,4,11,20,20,0,0,1,0,1,0,1,98,71,150,1,3,1,2,1,2,1,1,6,0,80,96,36,4,7,2020,7,18,2,38,1,1,5,1,98,100.0
80252,1,1,28,2,1,4,11,3,8,1,0,2,0,2,0,1,89,62,125,1,3,2,1,6,2,1,1,6,0,1,93,36,5,7,2020,1,6,2,17,19,1,4,1,98,50.0
80253,1,1,20,1,1,4,11,20,20,0,0,1,0,2,0,1,78,68,145,1,3,2,5,1,2,1,1,62,0,80,96,52,5,7,2020,1,20,2,1,2,2,1,5,98,33.33333333
80254,1,1,53,1,1,0,11,3,20,0,0,1,0,1,0,1,5,73,290,0,0,1,2,1,2,1,13,80,0,60,96,0,2,7,2020,5,11,2,8,8,1,1,1,98,50.0
80255,1,1,39,1,1,4,11,20,1,1,0,1,0,2,0,1,55,71,240,0,3,1,6,1,2,1,15,51,1,13,96,36,2,7,2020,5,14,2,12,3,2,1,1,98,25.0
80257,1,1,27,1,1,0,11,3,20,1,0,1,0,1,0,1,998,76,167,0,0,2,3,1,2,1,1,80,1,13,96,91,6,7,2020,2,22,2,8,3,2,1,3,98,50.0
80258,1,1,32,1,1,4,11,20,20,0,0,1,0,0,0,1,75,70,165,1,3,1,2,1,2,1,1,13,1,80,96,36,7,7,2020,3,4,2,1,1,1,4,2,98,100.0
80260,1,1,44,1,1,4,11,20,20,0,0,1,0,1,0,1,45,65,160,1,0,1,2,5,2,1,1,50,0,82,93,0,9,7,2020,5,18,2,1,3,2,1,1,98,33.33333333
80261,1,1,32,1,1,0,11,3,20,0,0,1,0,2,0,1,25,70,165,0,0,2,2,1,2,1,1,80,0,13,96,0,9,7,2020,5,23,2,8,1,1,1,2,98,50.0
80262,1,1,67,1,1,0,11,3,20,0,0,1,0,1,0,1,15,73,185,0,0,2,3,5,1,1,11,83,0,7,96,0,11,7,2020,7,11,2,9,2,3,1,1,98,50.0
80267,1,1,24,1,1,4,11,20,20,0,0,1,0,1,0,1,45,70,150,3,3,5,3,1,2,1,14,6,1,94,96,36,17,7,2020,6,2,2,33,1,1,4,2,98,100.0
80268,1,1,37,1,1,4,11,20,1,0,0,1,0,1,0,1,62,74,210,0,0,2,4,5,2,1,1,13,0,7,96,6,18,7,2020,7,15,2,33,3,2,12,1,98,100.0
80270,1,1,25,1,1,4,11,20,20,1,0,1,0,2,0,1,65,78,190,0,0,2,2,1,2,1,1,13,1,60,96,58,18,7,2020,7,15,2,1,1,1,1,1,98,100.0
80271,1,1,32,1,1,4,11,20,20,0,0,1,0,1,0,1,100,69,170,1,3,1,2,1,2,1,1,13,1,81,96,36,19,7,2020,1,21,2,33,1,1,4,2,98,100.0
80274,1,1,24,1,1,0,11,3,20,0,0,1,0,3,0,1,40,68,130,0,0,2,3,5,1,1,1,80,0,7,96,0,9,7,2020,5,13,2,8,1,1,1,1,1,50.0
80277,1,1,40,1,1,4,11,3,8,1,0,2,0,1,0,1,147,69,200,1,3,2,2,6,2,1,14,13,1,13,96,36,12,7,2020,1,6,2,33,1,1,4,1,98,50.0
80280,1,1,36,2,1,4,11,20,20,0,0,1,0,1,0,1,60,61,160,1,0,3,4,1,1,1,1,98,1,82,96,55,22,7,2020,4,23,2,1,1,1,1,3,98,50.0
80281,1,1,28,1,1,0,11,3,1,0,0,1,0,1,0,1,50,73,999,0,0,2,4,1,2,1,1,83,0,1,96,0,23,7,2020,5,21,2,9,3,2,1,3,98,50.0
80285,1,1,21,1,1,4,11,20,20,0,0,1,0,1,0,1,10,70,250,2,0,2,3,1,2,1,1,17,0,94,96,39,3,7,2020,6,19,2,12,2,2,1,1,98,50.0
80287,1,1,32,1,1,2,11,99,1,0,0,2,0,2,0,1,45,72,174,0,3,1,2,1,2,1,1,9,1,3,96,36,26,7,2020,1,19,2,12,1,1,1,1,98,16.66666667
80288,1,1,39,1,1,4,11,20,20,0,0,1,0,1,0,1,65,74,250,0,3,6,2,5,2,1,3,6,0,80,96,37,28,7,2020,3,1,2,1,5,1,1,2,98,100.0
80290,1,1,39,2,1,0,11,98,98,8,0,2,1,2,0,1,998,67,130,0,0,2,2,1,2,1,1,80,0,15,96,0,20,7,2020,2,22,2,8,3,2,1,3,98,33.33333333
80295,1,1,45,1,1,4,11,20,1,1,0,1,0,1,0,1,80,67,150,0,3,2,5,1,2,1,1,17,1,7,96,39,20,7,2020,2,6,2,12,2,2,1,1,98,14.28571429
80296,1,1,19,1,1,4,11,20,20,1,0,2,0,2,0,1,105,67,170,0,3,1,2,1,2,1,1,6,1,7,96,36,23,7,2020,5,22,2,24,1,1,4,2,98,100.0
80297,1,1,70,1,1,4,11,99,1,0,0,1,0,1,0,1,40,67,145,0,0,1,3,1,2,1,1,10,0,60,96,74,26,7,2020,1,15,2,12,1,1,1,1,1,20.0
80298,1,1,13,1,1,4,11,20,8,1,0,2,0,5,0,1,998,999,999,0,5,3,3,2,2,1,1,6,1,7,96,52,13,7,2020,2,1,2,33,1,1,3,3,98,50.0
80299,1,1,44,1,1,0,11,3,20,0,0,1,0,2,0,1,45,72,225,1,0,2,2,1,2,1,1,83,0,13,96,0,17,7,2020,6,0,2,15,1,1,1,2,98,50.0
80300,1,1,22,2,1,3,11,3,20,0,0,1,0,1,0,1,42,62,127,0,0,2,4,1,2,1,1,80,0,5,96,0,20,7,2020,2,23,2,8,1,1,1,3,98,50.0
80301,1,1,81,1,1,0,11,99,20,0,0,1,0,1,0,1,998,73,220,0,0,2,6,1,2,2,1,83,0,9,96,0,26,7,2020,1,22,2,15,3,2,1,3,2,50.0
80302,1,1,36,1,1,0,11,99,20,0,0,1,0,1,0,1,30,69,170,1,0,4,5,1,2,1,1,80,0,7,96,0,14,7,2020,3,22,2,8,1,1,1,3,98,50.0
80303,1,1,39,1,1,0,11,3,8,0,0,2,0,1,0,1,71,69,190,0,3,3,5,1,1,1,1,52,0,7,5,36,23,7,2020,5,4,2,12,18,1,1,3,98,20.0
80304,1,1,66,1,1,0,11,3,2,0,0,1,0,1,0,1,10,72,175,0,0,2,5,1,2,1,11,15,0,7,96,38,6,7,2020,2,9,2,12,2,2,1,1,98,50.0
80306,1,1,30,2,1,1,11,3,20,1,0,2,0,1,0,1,20,66,143,0,0,2,4,6,2,1,11,15,1,13,92,38,2,7,2020,5,16,2,12,2,3,1,1,98,33.33333333
80308,1,1,33,2,1,0,11,99,20,9,0,1,1,2,0,1,66,65,140,1,3,5,5,6,2,2,1,62,0,13,96,36,3,7,2020,6,18,2,12,2,3,1,1,2,50.0
80309,1,1,25,1,1,4,11,20,20,0,0,1,0,2,0,1,75,67,160,1,3,6,1,5,2,1,1,6,0,80,96,36,4,7,2020,7,19,2,1,20,1,1,1,98,100.0
80310,1,1,35,1,1,4,11,20,20,0,0,1,0,1,0,1,998,68,260,0,5,6,3,6,2,1,14,11,0,80,96,36,9,7,2020,5,15,2,14,3,2,2,1,98,33.33333333
80311,1,1,23,1,1,4,11,20,20,0,0,3,0,2,0,1,50,71,200,0,3,2,2,5,2,1,17,6,1,3,96,36,17,7,2020,6,18,2,33,19,1,3,1,98,33.33333333
80312,1,1,54,1,1,4,11,20,20,0,0,1,0,1,0,1,35,70,190,0,0,1,2,1,2,1,1,17,0,94,96,39,18,7,2020,7,14,2,12,2,2,1,1,98,16.66666667
80313,1,1,16,2,1,0,11,3,20,0,0,4,0,3,0,1,7,59,105,0,0,1,2,2,1,1,12,21,0,7,96,52,21,7,2020,3,18,2,12,1,1,1,1,98,20.0
80314,1,1,60,1,1,4,11,3,1,0,0,1,0,1,0,1,10,73,190,0,0,2,4,1,2,1,11,15,1,60,96,38,15,6,2020,2,13,2,12,2,2,1,1,1,50.0
80315,1,1,26,1,1,4,11,20,20,9,0,1,0,2,0,1,58,67,150,1,3,1,4,1,2,1,1,62,0,80,96,36,10,6,2020,4,11,2,12,2,3,1,1,98,50.0
80316,1,1,26,2,1,4,11,3,20,0,0,6,0,2,0,1,80,61,120,0,3,3,4,6,2,1,1,6,1,7,96,58,1,8,2020,7,16,2,1,1,1,4,1,98,50.0
80318,1,1,23,1,1,4,11,20,20,0,0,1,0,2,0,1,60,67,180,0,0,2,2,1,2,1,1,12,1,94,96,36,2,8,2020,1,0,2,31,1,1,3,2,98,100.0
80322,1,1,28,1,1,4,11,20,20,0,0,1,0,0,0,1,80,69,175,0,3,2,3,1,2,1,1,67,0,80,96,36,4,8,2020,3,14,2,12,2,2,1,1,98,50.0
80323,1,1,37,2,1,0,11,3,20,0,0,1,0,1,0,1,40,65,190,0,0,5,6,1,2,1,1,80,0,13,96,0,7,8,2020,6,22,2,8,1,1,1,3,98,50.0
80325,1,1,36,1,1,4,11,20,20,9,0,1,0,2,0,1,998,73,160,0,5,2,4,1,2,1,1,61,0,80,96,36,9,8,2020,1,8,2,12,8,1,1,1,98,50.0
80329,1,1,68,1,1,4,11,20,1,0,0,1,0,1,0,1,45,69,182,0,3,1,2,1,2,1,1,12,0,7,96,0,11,8,2020,3,14,2,33,1,1,4,1,98,100.0
80330,1,1,73,2,1,0,11,3,20,0,0,1,0,2,0,1,17,59,142,0,0,2,3,1,2,1,11,80,0,7,92,38,13,8,2020,5,9,2,8,3,2,1,1,98,50.0
80331,1,1,42,1,1,4,11,20,20,0,0,2,0,1,0,1,75,999,999,0,3,6,1,1,2,1,14,54,1,81,96,51,16,8,2020,1,0,2,12,5,1,1,3,98,50.0
80332,1,1,18,2,1,4,11,20,8,0,0,1,0,2,0,1,998,67,130,0,5,2,3,1,1,1,15,50,1,7,96,36,16,8,2020,1,7,2,12,3,3,1,1,1,50.0
80336,1,1,39,1,1,4,11,20,20,9,0,2,0,1,0,1,70,72,190,0,3,2,2,1,2,1,14,13,1,94,96,36,16,8,2020,1,20,2,33,1,1,4,3,98,50.0
80339,1,1,32,1,1,3,11,20,8,0,0,1,0,2,0,1,998,71,165,1,0,2,2,1,2,1,1,10,1,5,96,91,18,8,2020,3,15,2,12,1,1,1,1,98,33.33333333
80343,1,1,29,1,1,4,11,20,20,0,0,1,0,2,0,1,65,74,245,1,3,3,4,1,1,1,1,4,1,98,98,0,22,8,2020,7,22,2,1,18,1,1,3,1,100.0
80344,1,1,31,1,1,4,11,20,1,0,0,1,0,1,0,1,40,70,175,5,0,2,3,1,1,1,1,54,1,13,96,51,23,8,2020,1,12,2,12,1,1,1,1,98,50.0
80345,1,1,26,2,1,4,11,20,1,0,0,1,0,2,0,1,85,63,175,3,3,3,3,1,2,1,1,13,0,2,96,36,24,8,2020,2,2,2,59,19,1,4,3,98,100.0