ST_CASE,VEH_NO,PER_NO,AGE,SEX,PER_TYP,INJ_SEV,SEAT_POS,REST_USE,AIR_BAG,DRUGS,LOCATION,NUMOCCS,HIT_RUN,OWNER,V_CONFIG,HAZ_INV,TRAV_SP,DR_HGT,DR_WGT,PREV_SPD,SPEEDREL,VTRAFWAY,VNUM_LAN,VPROFILE,VPAVETYP,VSURCOND,P_CRASH1,P_CRASH2,DR_DRINK,VPICBODYCLASS,DRDISTRACT,DRIVERRF,DAY,MONTH,YEAR,DAY_WEEK,HOUR,RUR_URB,HARM_EV,RELJCT2,TYP_INT,REL_ROAD,LGT_COND,WEATHER,Fatality Rate (%)
80556,1,1,21,1,1,4,11,3,1,0,0,1,0,1,0,1,998,76,175,5,5,2,3,1,2,1,1,12,1,13,96,74,23,12,2020,4,17,2,12,1,1,1,3,98,14.28571429
80557,1,1,39,2,1,0,11,3,20,0,0,1,0,1,0,1,998,62,140,0,0,2,6,1,2,1,1,80,0,5,96,0,23,12,2020,4,21,2,8,3,2,1,3,98,50.0
80558,1,1,21,1,1,2,11,3,20,9,0,3,0,2,0,1,998,74,170,2,5,1,3,6,2,3,14,6,1,7,96,91,29,12,2020,3,1,2,33,3,2,4,3,98,33.33333333
80559,1,1,23,1,1,0,11,99,20,0,0,1,1,1,0,1,20,70,210,1,0,1,3,1,2,1,11,80,0,60,96,6,31,12,2020,5,18,2,8,3,2,1,3,98,50.0
80560,1,1,31,1,1,0,11,3,20,0,0,1,1,1,0,1,45,69,180,0,0,1,3,1,2,1,1,80,0,13,96,0,5,12,2020,7,19,2,8,1,1,1,2,98,50.0
80561,1,1,36,1,1,0,11,3,20,0,0,1,0,2,0,1,35,73,185,0,0,2,3,1,2,1,1,80,0,60,96,0,9,12,2020,4,17,2,8,1,1,1,3,98,50.0
80562,1,1,36,2,1,3,11,20,1,1,0,2,0,2,0,1,90,61,127,0,3,3,5,5,2,1,1,6,0,13,96,36,29,12,2020,3,21,2,25,1,1,4,3,98,50.0
80563,1,1,60,1,1,0,11,20,20,0,0,1,0,1,0,1,27,69,214,1,0,5,5,1,2,1,1,80,0,7,96,0,20,12,2020,1,18,2,8,1,1,1,3,98,50.0
80564,1,1,21,1,1,0,11,3,1,0,0,1,1,2,0,1,40,66,163,0,3,2,2,6,2,1,1,12,0,13,0,6,8,12,2020,3,11,2,8,1,1,4,1,1,50.0
80565,1,1,77,2,1,3,11,3,8,0,0,1,0,1,0,1,40,62,115,0,0,2,2,6,2,1,1,50,0,8,96,6,17,11,2020,3,18,2,12,1,1,1,3,98,50.0
80566,1,1,999,9,1,0,11,99,99,9,0,99,1,9,99,1,45,999,999,99,3,5,5,1,2,1,1,80,0,999,96,0,2,11,2020,2,17,2,8,3,3,1,3,98,50.0
80568,1,1,33,1,1,4,11,20,20,0,0,1,0,2,0,1,45,75,200,0,0,2,3,1,1,1,1,62,0,94,96,0,18,7,2020,7,18,2,1,2,2,1,1,1,100.0
80569,1,1,24,1,1,4,11,20,20,0,0,1,0,1,0,1,60,69,160,1,3,3,2,1,1,1,14,13,0,80,96,36,28,2,2020,6,17,2,24,1,1,4,2,98,100.0
80570,1,1,28,1,1,4,11,20,1,0,0,1,0,2,0,1,60,999,999,0,3,1,5,6,2,1,1,12,1,13,96,36,25,11,2020,4,5,2,39,3,2,4,3,1,100.0
80571,1,1,86,2,1,4,11,3,1,0,0,2,0,1,0,1,45,60,154,0,0,2,3,1,2,1,1,10,0,13,96,28,2,1,2020,5,15,2,12,3,3,1,1,98,33.33333333
80572,1,1,44,1,1,0,11,3,20,0,0,5,0,2,0,1,10,999,999,0,0,2,3,1,1,1,11,15,0,7,96,38,26,2,2020,4,18,2,12,2,2,1,3,98,16.66666667
80573,1,1,59,1,1,4,11,3,20,0,0,1,0,1,0,1,70,71,240,0,0,3,2,1,2,1,1,13,1,119,96,0,20,6,2020,7,17,2,59,1,1,4,1,1,100.0
80575,1,1,73,1,1,2,11,20,20,0,0,1,0,1,19,1,998,69,200,0,0,2,3,1,2,1,1,10,0,78,96,6,14,10,2020,4,16,2,12,3,2,1,1,1,4.166666667
80576,1,1,26,1,1,2,11,3,1,1,0,1,0,2,0,1,998,76,170,1,5,2,3,5,2,1,1,62,1,7,96,36,2,12,2020,4,15,2,12,2,3,1,1,1,50.0
80577,1,1,65,1,1,4,11,20,20,0,0,1,0,2,0,1,15,69,165,0,0,2,3,1,1,1,11,15,0,94,96,52,15,6,2020,2,21,2,12,2,2,1,3,1,50.0
90001,1,1,69,1,1,0,11,3,20,0,0,1,0,1,0,1,998,68,999,0,0,1,4,1,2,1,1,80,0,60,99,0,1,1,2020,4,11,2,8,1,1,1,1,1,50.0
90002,1,1,47,1,1,4,11,20,8,1,0,1,0,1,0,1,998,72,999,1,9,3,3,6,2,2,1,9,1,13,99,0,4,1,2020,7,17,2,24,19,1,4,3,10,100.0
90004,1,1,56,1,1,4,11,3,1,8,0,1,0,1,0,1,998,71,999,0,0,1,2,1,2,2,1,12,0,5,0,999,11,2,2020,3,9,2,30,1,1,4,1,12,100.0
90005,1,1,21,1,1,4,11,20,8,8,0,1,0,2,0,1,998,72,999,0,4,1,2,5,2,4,14,6,0,13,99,0,1,2,2020,7,4,2,42,1,1,4,2,10,100.0
90006,1,1,19,1,1,4,11,20,8,0,0,1,0,2,0,1,68,72,999,0,3,4,1,1,2,1,1,13,0,7,0,8,14,1,2020,3,14,2,33,1,1,4,1,1,100.0
90008,1,1,63,1,1,0,11,99,20,8,0,1,0,1,0,1,998,66,999,0,9,1,4,1,2,2,1,80,0,7,99,999,14,1,2020,3,19,2,8,1,1,1,2,2,50.0
90009,1,1,51,1,1,0,11,3,20,0,0,1,0,1,0,1,999,70,999,2,0,1,4,1,2,1,1,80,0,7,0,0,22,1,2020,4,19,2,8,1,1,1,3,1,50.0
90010,1,1,999,9,1,0,11,99,99,8,0,99,1,9,99,1,998,999,999,99,9,1,2,1,2,1,1,80,0,999,99,999,18,2,2020,3,15,2,8,1,1,1,1,1,50.0
90011,1,1,35,1,1,0,11,99,20,8,0,1,0,1,0,1,998,67,999,0,9,1,2,1,2,1,1,80,0,13,99,0,23,2,2020,1,18,2,8,1,1,1,6,1,50.0
90012,1,1,84,1,1,4,11,99,1,8,0,1,0,1,0,1,998,64,999,0,0,1,2,5,2,1,1,66,0,13,99,0,21,1,2020,3,16,2,12,2,2,1,5,1,50.0
90013,1,1,24,1,1,0,11,8,20,8,0,1,1,2,0,1,998,70,999,0,3,3,2,6,2,1,1,80,0,13,99,999,9,1,2020,5,18,2,8,1,1,1,3,1,50.0
90014,1,1,56,1,1,4,11,20,8,8,0,1,0,3,0,1,998,72,999,0,9,1,2,1,2,1,1,13,0,7,99,95,19,1,2020,1,16,2,42,1,1,4,5,10,100.0
90015,1,1,24,1,1,4,11,20,8,8,0,1,0,1,0,1,999,72,999,0,3,1,2,6,2,2,14,12,0,60,99,999,19,2,2020,4,6,2,42,1,1,4,4,1,100.0
90016,2,1,34,1,1,4,11,99,99,8,0,1,0,3,6,1,998,74,205,0,9,3,3,1,2,1,1,13,1,66,99,999,7,1,2020,3,0,2,14,1,1,2,3,1,50.0
90017,1,1,38,2,1,4,11,20,8,8,0,1,0,1,0,1,998,65,999,0,9,2,3,1,2,2,14,12,0,7,99,0,10,1,2020,6,12,2,39,1,1,3,1,1,100.0
90018,1,1,17,1,1,4,11,99,99,8,0,1,0,2,0,1,998,69,999,0,9,3,2,1,2,1,14,13,0,13,99,0,17,1,2020,6,22,2,42,1,1,4,2,1,100.0
90021,1,1,43,1,1,4,11,99,8,8,0,2,0,2,0,1,999,72,999,0,9,1,2,5,2,1,14,10,0,60,99,28,31,1,2020,6,16,2,12,1,1,1,2,1,33.33333333
90022,1,1,61,1,1,3,11,20,1,8,0,1,0,1,0,1,998,72,999,0,9,1,2,6,2,2,14,62,0,3,0,0,7,2,2020,6,99,2,12,1,1,1,1,2,50.0
90023,1,1,70,1,1,2,11,99,8,8,0,3,0,9,0,1,999,999,999,99,0,1,2,6,2,1,14,62,0,7,0,0,15,2,2020,7,18,2,12,1,1,1,3,1,14.28571429
90024,1,1,31,1,1,4,11,20,20,8,0,1,0,1,0,1,998,70,999,99,9,3,3,1,2,1,14,99,1,81,99,999,23,2,2020,1,18,2,1,1,1,1,3,1,100.0
90027,1,1,60,1,1,4,11,20,1,8,0,1,0,2,0,1,998,68,999,0,9,1,2,1,2,1,14,13,1,7,99,0,10,3,2020,3,22,2,35,1,1,4,2,1,100.0
90028,1,1,23,1,1,4,11,3,8,8,0,1,0,2,0,1,998,67,999,1,3,3,2,5,2,1,14,12,1,13,99,58,10,3,2020,3,18,2,31,19,1,3,1,1,100.0
90029,1,1,61,1,1,0,11,3,20,8,0,1,0,1,0,1,0,69,999,0,0,3,4,6,2,1,5,53,0,13,0,0,24,2,2020,2,13,2,12,18,1,1,1,1,20.0
90030,1,1,17,2,1,0,11,8,20,8,0,1,1,2,0,1,998,999,999,99,9,1,2,1,2,1,1,80,0,7,0,91,23,1,2020,5,12,2,8,1,1,1,1,1,50.0
90031,1,1,29,1,1,4,11,99,8,1,0,1,0,1,0,1,998,72,999,0,9,1,2,1,2,1,1,10,1,13,99,28,7,3,2020,7,20,2,12,1,1,1,2,1,50.0
90033,1,1,38,2,1,4,11,20,8,8,0,2,0,2,0,1,998,63,999,0,0,1,4,1,2,1,1,10,0,8,0,0,24,1,2020,6,23,2,12,1,1,1,2,1,20.0
90034,1,1,28,1,1,0,11,3,20,8,0,1,0,3,6,1,998,69,999,99,9,3,3,5,2,1,1,50,0,66,0,999,15,3,2020,1,0,2,12,18,1,1,3,1,50.0
90035,1,1,19,1,1,1,11,8,1,0,0,2,0,1,0,1,998,999,999,0,9,1,2,1,2,1,1,17,1,7,10,999,21,2,2020,6,3,2,12,2,2,1,3,1,33.33333333
90036,1,1,25,1,1,2,11,20,8,8,0,2,0,2,0,1,998,999,999,0,9,3,4,1,2,1,1,54,0,7,99,999,21,3,2020,7,99,2,12,18,1,1,3,1,33.33333333
90037,1,1,68,1,1,0,11,3,20,8,0,1,0,1,0,1,998,64,999,0,0,1,2,6,2,1,1,80,0,7,0,0,29,1,2020,4,15,2,8,2,3,1,1,1,50.0
90038,1,1,74,2,1,4,11,20,8,8,0,1,0,1,0,1,998,64,999,0,0,1,2,6,2,1,1,13,0,13,99,999,7,1,2020,3,14,2,42,1,1,4,1,1,100.0
90039,1,1,29,1,1,4,11,3,20,8,0,1,0,2,0,1,998,999,999,0,9,3,2,1,2,2,1,13,0,13,99,999,28,3,2020,7,21,2,42,1,1,4,3,2,100.0
90040,1,1,39,1,1,0,11,3,20,8,0,1,0,2,0,1,998,68,999,0,0,1,4,1,2,2,1,80,0,13,0,0,4,4,2020,7,19,2,8,1,1,1,3,1,33.33333333
90041,1,1,30,1,1,3,11,3,8,8,0,4,0,9,0,1,998,999,999,99,3,1,2,1,2,1,6,61,1,13,99,91,9,2,2020,1,23,2,12,8,1,1,2,1,40.0
90043,1,1,28,1,1,4,11,3,1,8,0,1,0,2,0,1,998,75,999,0,3,1,2,1,2,1,14,6,0,13,99,28,4,4,2020,7,19,2,12,1,1,1,3,1,50.0
90044,1,1,22,1,1,4,11,99,1,8,0,2,0,2,0,1,998,64,999,0,9,3,2,1,2,1,99,13,0,13,99,0,4,4,2020,7,18,2,42,1,1,4,1,1,50.0
90045,1,1,18,1,1,1,11,99,20,8,0,3,0,2,0,1,998,72,999,0,0,2,2,1,2,1,1,12,0,60,99,0,30,3,2020,2,22,2,35,1,1,3,3,10,66.66666667
90046,1,1,38,1,1,4,11,20,1,8,0,1,0,3,0,1,998,999,999,0,9,6,1,1,2,1,14,12,0,2,99,0,5,4,2020,1,0,2,25,5,1,4,3,1,100.0
90047,1,1,19,1,1,2,11,99,20,8,0,5,0,2,0,1,103,999,999,0,9,3,2,1,2,2,14,6,0,13,99,36,9,4,2020,5,16,2,42,1,1,3,1,2,40.0
90048,1,1,44,1,1,0,11,3,20,0,0,1,0,1,0,1,998,72,999,0,0,1,4,1,2,1,1,80,0,13,0,0,21,1,2020,3,99,2,8,3,2,1,3,1,50.0
90049,1,1,50,1,1,4,11,3,3,0,0,1,0,2,0,1,998,77,999,0,0,1,4,1,2,1,1,66,0,7,0,0,1,1,2020,4,15,2,12,2,2,1,1,1,50.0
90050,1,1,32,1,1,4,11,20,20,8,0,1,0,5,0,1,998,69,999,0,3,1,2,1,2,1,1,52,0,80,99,36,27,3,2020,6,20,2,12,8,1,1,3,1,50.0
90051,1,1,31,2,1,0,11,99,20,8,0,1,1,2,0,1,998,64,999,0,9,1,4,1,2,1,1,12,0,7,99,36,12,2,2020,4,4,2,43,1,1,4,3,1,66.66666667
90052,1,1,21,1,1,1,11,3,20,8,0,2,0,4,0,1,998,75,999,0,0,1,2,1,2,1,1,66,0,13,0,0,17,4,2020,6,99,2,12,2,2,1,1,10,33.33333333
90053,1,1,33,1,1,4,11,20,1,8,0,1,0,1,0,1,998,71,999,0,9,1,2,1,2,1,14,13,0,13,99,8,20,4,2020,2,9,2,19,3,10,4,1,1,100.0
90054,1,1,53,2,1,0,11,3,20,8,0,1,1,1,0,1,998,66,999,0,0,1,4,1,2,1,1,80,0,7,0,0,9,4,2020,5,23,2,15,1,1,1,3,1,50.0
90055,1,1,77,1,1,3,11,99,8,8,0,1,0,1,0,1,999,71,999,0,9,1,2,1,2,2,1,62,0,13,99,999,18,4,2020,7,7,2,12,1,1,1,1,2,50.0
90056,1,1,74,1,1,0,11,3,20,8,0,1,0,1,0,1,998,66,999,0,0,1,2,1,2,1,1,80,0,7,0,0,17,2,2020,2,16,2,8,18,1,1,1,1,50.0
90057,4,1,46,1,1,1,11,3,8,0,0,1,0,1,0,1,83,73,999,0,3,3,2,1,2,1,15,13,1,13,0,28,22,4,2020,4,16,2,14,1,1,2,1,1,25.0
90058,1,1,69,1,1,4,11,3,8,8,0,1,0,1,0,1,998,72,999,0,0,5,5,1,2,1,1,10,0,13,99,28,23,4,2020,5,21,2,12,1,1,1,3,1,50.0
90059,1,1,24,1,1,4,11,99,99,8,0,1,0,1,0,1,998,70,999,0,9,1,2,1,2,1,14,13,0,3,99,0,8,3,2020,1,11,2,35,1,1,4,1,1,50.0
90060,1,1,33,1,1,0,11,8,20,8,0,1,1,2,0,1,998,999,999,99,3,1,4,5,2,1,1,80,0,13,5,91,4,3,2020,4,21,2,8,3,2,1,3,1,50.0
90061,1,1,37,1,1,4,11,20,20,8,0,1,0,1,0,1,998,68,999,1,9,3,4,1,2,1,1,9,0,80,99,999,29,4,2020,4,13,2,57,1,1,3,1,10,100.0
90062,1,1,46,1,1,4,11,3,1,8,0,1,0,3,0,1,998,68,999,0,9,3,4,1,2,1,14,13,0,60,99,0,4,5,2020,2,11,2,43,1,1,6,1,1,100.0
90063,1,1,71,1,1,4,11,3,1,8,0,1,0,1,0,1,998,72,999,0,0,3,8,1,2,1,1,54,0,3,0,0,30,4,2020,5,16,2,12,1,1,1,1,1,25.0
90065,1,1,53,1,1,4,11,20,20,8,0,1,0,1,0,1,998,68,999,0,0,1,2,1,2,1,1,14,0,81,99,999,7,4,2020,3,19,2,43,3,2,5,3,1,100.0
90066,1,1,57,2,1,4,11,20,1,8,0,1,0,1,0,1,998,65,999,0,9,1,2,1,2,1,1,12,0,13,99,999,30,4,2020,5,19,2,42,1,1,4,5,1,100.0
90067,1,1,17,1,1,0,11,99,1,8,0,1,0,5,0,1,998,999,999,0,3,1,5,1,2,1,1,50,0,7,99,39,7,5,2020,5,9,2,12,3,2,1,1,1,33.33333333
90068,1,1,63,2,1,0,11,3,20,8,0,1,0,1,0,1,998,67,999,0,0,1,2,1,2,2,1,80,0,13,0,0,1,5,2020,6,4,2,8,2,2,1,3,2,50.0
90070,1,1,45,1,1,4,11,20,20,8,0,1,0,2,0,1,998,63,999,0,4,3,3,1,2,1,14,6,0,80,0,28,16,5,2020,7,17,2,1,18,1,1,1,1,100.0
90071,1,1,43,1,1,0,11,3,20,0,0,1,0,1,0,1,998,69,999,0,0,1,2,1,2,3,1,80,0,5,0,0,9,1,2020,5,17,2,8,1,1,1,3,4,50.0
90072,1,1,75,2,1,0,11,3,20,0,0,3,0,1,0,1,998,66,999,0,9,1,2,1,2,1,1,80,0,13,99,0,8,2,2020,7,19,2,8,1,1,1,2,1,25.0
90074,1,1,45,2,1,0,11,3,20,8,0,1,0,2,0,1,998,64,999,0,0,3,2,1,2,1,14,60,0,7,0,0,20,5,2020,4,15,2,1,18,1,1,1,1,50.0
90075,1,1,37,1,1,4,11,20,8,0,0,1,0,1,0,1,47,72,999,0,3,1,2,5,2,2,1,10,0,13,99,28,13,1,2020,2,16,2,12,1,1,1,2,2,50.0
90076,1,1,20,1,1,4,11,3,8,8,0,1,0,2,0,1,999,69,999,0,4,1,2,1,2,2,1,12,0,13,99,999,16,5,2020,7,1,2,53,19,1,4,2,2,100.0
90077,1,1,37,2,1,0,11,99,20,8,0,1,0,1,0,1,998,61,999,0,3,1,2,5,2,1,1,80,0,13,99,36,21,4,2020,3,22,2,8,3,3,1,3,1,50.0
90078,1,1,26,1,1,3,11,99,1,1,0,2,0,4,0,1,998,70,999,1,9,1,4,1,2,1,14,12,0,5,99,999,25,4,2020,7,16,2,33,3,7,3,1,1,33.33333333
90080,1,1,42,1,1,3,11,20,20,8,0,3,0,1,0,1,998,71,999,0,0,1,2,3,2,1,1,66,0,13,0,0,17,5,2020,1,4,2,12,2,2,1,3,10,20.0
90081,1,1,52,1,1,4,11,8,8,8,0,1,0,1,0,1,94,69,999,1,3,3,3,1,2,1,15,6,1,7,0,28,31,5,2020,1,1,2,24,1,1,3,3,1,100.0
90082,1,1,36,1,1,4,11,20,20,8,0,1,0,0,0,1,998,77,999,0,3,1,2,1,2,1,1,17,0,12,99,36,6,6,2020,7,11,2,12,2,2,1,1,1,20.0
90083,1,1,999,1,1,3,11,99,1,8,0,2,0,9,0,1,998,999,999,99,3,1,2,1,2,1,1,17,0,3,99,39,9,6,2020,3,2,2,12,2,2,1,3,1,16.66666667
90084,1,1,33,1,1,4,11,20,3,8,0,1,0,2,0,1,998,999,999,99,3,1,4,1,2,1,1,17,0,13,99,39,25,5,2020,2,21,2,12,2,2,1,3,1,33.33333333
90087,1,1,52,1,1,2,11,20,20,8,0,2,0,2,0,1,998,68,999,0,0,2,2,1,2,1,14,1,0,82,0,0,17,5,2020,1,13,2,1,1,1,1,1,1,50.0
90088,1,1,58,1,1,4,11,20,20,8,0,1,0,1,0,1,998,999,999,99,0,0,0,0,0,0,10,16,0,12,0,38,31,5,2020,1,14,2,12,8,1,1,1,1,50.0
90089,1,1,42,2,1,4,11,3,20,8,0,2,0,2,0,1,998,64,999,0,0,3,3,1,2,1,1,13,1,7,0,58,10,6,2020,4,0,2,1,1,1,1,3,1,50.0
90090,1,1,17,1,1,0,11,99,20,0,0,1,0,2,0,1,998,69,999,0,9,1,2,1,2,1,6,80,0,7,99,999,12,6,2020,6,19,2,8,1,1,1,1,1,50.0
90092,1,1,33,2,1,4,11,20,20,8,0,1,0,1,0,1,998,66,999,0,0,3,4,6,2,1,14,12,1,94,0,28,16,6,2020,3,99,2,26,19,1,3,1,1,100.0
90093,1,1,24,1,1,4,11,20,20,8,0,1,0,2,0,1,998,69,999,0,3,1,2,6,2,1,1,6,1,13,99,8,15,6,2020,2,0,2,58,1,1,1,3,1,100.0
90094,1,1,24,1,1,3,11,20,20,8,0,2,0,1,0,1,998,69,999,0,3,1,2,6,2,1,14,6,0,3,99,58,16,5,2020,7,22,2,33,1,1,4,3,1,50.0
90095,1,1,45,1,1,4,11,99,1,8,0,2,0,1,0,1,998,68,999,0,0,1,2,1,2,1,1,13,0,13,0,0,25,6,2020,5,0,2,46,3,3,4,3,1,50.0
90097,1,1,42,1,1,0,11,3,99,8,0,1,0,1,0,1,998,999,999,99,9,2,4,1,2,1,11,15,0,13,99,999,22,6,2020,2,14,2,12,2,2,1,1,1,50.0
90099,1,1,999,9,1,0,11,99,2,8,0,99,1,9,0,1,998,999,999,99,9,1,2,1,2,1,6,54,0,13,99,36,1,7,2020,4,17,2,12,1,1,1,1,1,50.0
90100,1,1,27,1,1,2,11,20,1,1,0,2,1,2,0,1,998,70,999,0,4,1,2,3,2,1,1,12,0,13,3,36,19,6,2020,6,19,2,33,1,1,4,1,1,50.0
90102,1,1,18,1,1,4,11,99,99,8,0,1,0,2,0,1,998,75,999,0,3,1,2,1,2,1,6,6,0,13,0,58,21,6,2020,1,4,2,12,1,1,1,3,1,50.0
90103,1,1,29,1,1,3,11,99,8,8,0,4,0,1,0,1,998,70,999,0,9,1,4,5,2,1,1,99,0,60,99,26,16,6,2020,3,12,2,12,1,1,1,1,1,8.333333333
90104,1,1,91,1,1,1,11,3,8,8,0,1,0,1,0,1,998,69,999,0,0,1,4,1,2,1,11,15,0,7,99,38,8,3,2020,1,12,2,12,2,2,1,1,1,25.0
90105,1,1,58,1,1,4,11,20,8,8,0,1,0,1,0,1,998,66,999,0,3,1,2,1,2,1,1,13,1,13,0,8,12,6,2020,6,14,2,33,1,1,4,1,1,100.0
90108,1,1,32,1,1,0,11,20,20,8,0,2,0,0,0,1,998,70,999,0,0,1,2,1,2,1,1,98,1,88,0,0,5,7,2020,1,19,2,5,1,1,1,1,1,50.0
90109,1,1,34,1,1,3,11,20,20,8,0,1,0,1,0,1,998,999,999,99,9,4,2,1,2,1,1,80,0,85,99,999,9,7,2020,5,21,2,8,3,2,1,3,1,50.0
90110,2,1,37,1,1,0,11,3,1,8,0,1,0,1,0,1,998,68,999,0,9,1,4,6,2,1,1,50,0,7,0,0,20,6,2020,7,4,2,8,2,2,1,2,1,50.0
90111,1,1,26,2,1,4,11,20,8,8,0,1,0,2,0,1,998,63,999,1,3,2,2,1,2,1,14,12,1,7,99,58,3,4,2020,6,20,2,42,1,1,4,2,1,100.0
90112,1,1,22,1,1,0,11,99,20,8,0,2,1,1,0,1,998,72,999,0,3,1,2,1,2,1,1,13,0,60,99,36,4,7,2020,7,19,2,8,1,1,2,1,1,33.33333333
90113,1,1,28,2,1,0,11,3,20,8,0,1,0,1,0,1,998,60,999,2,0,4,4,1,2,1,1,80,0,13,0,0,12,7,2020,1,16,2,8,3,2,1,1,1,50.0
90114,1,1,31,1,1,4,11,20,20,8,0,1,0,1,0,1,998,66,999,0,3,1,2,5,2,1,98,54,1,113,0,36,7,3,2020,7,19,2,12,1,1,1,2,1,16.66666667
90115,1,1,45,1,1,0,11,3,20,0,0,3,0,2,0,1,998,999,999,99,0,3,3,1,2,1,1,53,0,7,0,0,27,6,2020,7,2,2,12,18,1,1,3,1,14.28571429
90116,1,1,47,1,1,4,11,99,8,8,0,1,0,1,99,1,94,69,999,0,3,1,4,1,2,2,14,6,0,7,99,999,6,2,2020,5,99,2,33,1,1,4,3,2,100.0
90118,1,1,60,1,1,0,11,3,20,8,0,1,0,1,0,1,0,68,999,0,0,1,2,1,2,1,5,67,0,7,0,0,14,7,2020,3,15,2,12,2,3,1,1,1,33.33333333
90119,1,1,22,1,1,4,11,99,99,8,0,3,0,2,0,1,998,999,999,99,3,1,2,1,2,1,1,11,1,13,99,36,22,6,2020,2,20,2,33,1,1,4,3,1,33.33333333
90121,1,1,26,1,1,4,11,20,20,8,0,1,0,2,0,1,998,73,999,0,0,4,2,1,2,1,1,60,0,98,0,0,26,6,2020,6,21,2,12,2,2,1,3,1,50.0
90122,1,1,32,1,1,4,11,20,20,8,0,1,0,0,0,1,998,71,999,0,9,1,2,6,2,1,1,13,1,69,99,999,30,6,2020,3,22,2,33,1,1,4,6,1,100.0
90123,1,1,87,1,1,4,11,3,8,8,0,1,0,1,0,1,998,66,999,0,0,1,2,5,2,1,11,15,0,7,99,38,6,7,2020,2,7,2,12,2,3,1,1,1,50.0
90124,1,1,85,1,1,4,11,20,8,8,0,2,0,1,0,1,998,68,999,0,3,1,3,1,2,1,1,52,0,13,99,39,18,7,2020,7,15,2,12,8,1,1,1,1,16.66666667
90125,1,1,25,1,1,1,11,20,1,8,0,2,0,0,0,1,998,999,999,99,9,1,4,5,2,1,1,17,1,7,99,0,28,7,2020,3,19,2,12,2,2,1,1,1,16.66666667
90126,1,1,36,1,1,2,11,3,20,0,0,1,0,3,6,1,998,69,190,0,0,3,3,1,2,1,1,60,0,66,0,0,17,7,2020,6,0,2,12,1,1,1,3,1,50.0
90127,1,1,31,1,1,4,11,99,7,0,0,1,0,1,0,1,998,68,999,0,0,3,3,1,2,1,15,11,1,3,99,0,26,7,2020,1,0,2,24,1,1,4,3,1,100.0
90128,1,1,36,1,1,4,11,20,20,8,0,1,0,1,0,1,998,72,999,1,4,6,1,6,2,1,14,6,1,80,0,0,29,7,2020,4,18,2,24,5,1,8,1,1,100.0
90129,1,1,29,1,1,4,11,3,8,1,0,1,0,1,0,1,998,69,999,0,0,3,2,1,2,1,14,13,1,13,0,0,1,8,2020,7,0,2,24,1,1,4,3,1,100.0
90132,1,1,51,1,1,4,11,99,8,0,0,1,0,1,0,1,998,69,999,0,0,3,2,6,2,1,1,54,0,2,99,0,5,8,2020,4,99,2,12,18,1,1,2,1,100.0
90134,1,1,18,1,1,4,11,3,8,0,0,1,0,2,0,1,998,64,999,0,9,1,2,1,2,1,14,12,0,5,99,999,31,7,2020,6,22,2,17,1,1,4,2,1,100.0
90135,1,1,55,1,1,4,11,20,20,8,0,1,0,1,0,1,998,66,999,0,3,4,1,1,2,1,14,6,1,94,99,0,2,8,2020,1,99,2,33,1,1,4,3,1,100.0
90136,1,1,78,2,1,4,11,20,8,8,0,1,0,1,0,1,998,63,999,0,9,6,3,1,2,1,15,12,1,2,99,30,7,8,2020,6,18,2,35,5,1,3,1,1,100.0
90137,1,1,26,1,1,4,11,20,20,8,0,1,0,1,0,1,998,68,999,0,0,1,2,1,2,1,6,80,0,6,0,33,19,8,2020,4,18,2,12,2,3,1,1,1,50.0
90138,1,1,46,2,1,0,11,3,20,8,0,1,0,2,0,1,998,64,999,0,9,1,2,1,2,1,1,80,1,7,99,999,12,8,2020,4,22,2,8,1,1,1,3,1,50.0
90139,1,1,60,1,1,4,11,20,20,8,0,1,0,1,0,1,998,999,999,99,0,1,2,5,2,1,14,13,0,6,99,28,1,8,2020,7,11,2,59,1,1,4,1,1,100.0
90140,1,1,24,1,1,0,11,99,1,8,0,1,1,1,0,1,998,999,999,99,3,1,2,1,2,1,1,54,0,13,99,91,27,8,2020,5,13,2,12,1,1,4,1,1,33.33333333
90141,1,1,21,1,1,4,11,20,2,8,0,1,0,2,0,1,998,66,999,0,3,2,2,6,2,1,1,6,1,13,99,28,22,8,2020,7,2,2,53,1,1,4,2,1,100.0
90142,1,1,39,1,1,0,11,3,8,8,0,2,0,2,0,1,998,67,999,0,9,1,4,1,2,1,6,80,1,7,99,39,31,8,2020,2,20,2,8,2,2,1,3,1,33.33333333
90143,1,1,17,2,1,0,11,3,20,8,0,1,0,2,0,1,998,66,999,0,0,3,4,1,2,1,1,80,0,13,0,0,16,8,2020,1,21,2,8,18,1,1,3,1,50.0
90144,1,1,95,1,1,3,11,99,1,8,0,1,0,1,0,1,998,999,999,99,9,1,2,1,2,1,10,16,0,13,99,0,18,7,2020,7,11,2,12,2,3,1,1,1,50.0
90145,1,1,20,1,1,4,11,8,99,8,0,1,0,2,0,1,998,76,999,0,0,3,3,1,2,1,1,13,1,13,0,28,23,8,2020,1,23,2,35,19,1,4,2,1,100.0
90146,1,1,23,1,1,4,11,20,20,1,0,1,0,1,0,1,998,72,999,0,9,1,2,6,2,1,14,12,0,80,99,0,7,9,2020,2,15,2,24,1,1,4,1,1,100.0