ST_CASE,VEH_NO,PER_NO,AGE,SEX,PER_TYP,INJ_SEV,SEAT_POS,REST_USE,AIR_BAG,DRUGS,LOCATION,NUMOCCS,HIT_RUN,OWNER,V_CONFIG,HAZ_INV,TRAV_SP,DR_HGT,DR_WGT,PREV_SPD,SPEEDREL,VTRAFWAY,VNUM_LAN,VPROFILE,VPAVETYP,VSURCOND,P_CRASH1,P_CRASH2,DR_DRINK,VPICBODYCLASS,DRDISTRACT,DRIVERRF,DAY,MONTH,YEAR,DAY_WEEK,HOUR,RUR_URB,HARM_EV,RELJCT2,TYP_INT,REL_ROAD,LGT_COND,WEATHER,Fatality Rate (%)
120554,1,1,26,1,1,0,11,3,20,0,0,1,0,2,0,1,45,75,999,0,0,2,3,1,8,1,1,80,0,13,0,0,21,3,2020,7,22,2,8,1,1,1,3,1,50.0
120555,1,1,55,1,1,4,11,20,20,9,0,1,0,1,0,1,35,73,999,0,0,6,2,1,8,1,14,13,1,81,99,6,15,3,2020,1,20,2,25,5,1,4,3,1,100.0
120557,1,1,24,1,1,4,11,20,20,0,0,1,0,1,0,1,75,70,999,0,3,1,6,1,8,1,1,98,1,81,0,39,12,3,2020,5,21,2,1,2,2,1,3,1,25.0
120559,1,1,29,1,1,0,11,2,20,0,0,1,0,3,21,1,40,77,999,2,0,1,4,1,8,1,14,80,0,16,0,0,12,3,2020,5,22,2,8,3,2,1,2,1,50.0
120560,1,1,36,1,1,0,11,3,20,0,0,1,0,1,0,1,50,70,999,0,0,2,6,1,8,1,1,80,0,7,0,0,17,3,2020,3,18,2,8,3,2,1,5,1,50.0
120561,1,1,55,2,1,3,11,3,8,1,0,1,0,2,0,1,60,65,999,0,0,2,3,1,8,1,15,10,0,1,0,0,9,3,2020,2,7,2,12,1,1,1,3,10,42.85714286
120562,1,1,17,1,1,4,11,3,1,9,0,3,0,1,0,1,55,66,999,0,0,1,2,1,8,1,1,10,0,7,99,51,22,2,2020,7,0,2,12,1,1,1,2,1,75.0
120564,1,1,54,2,1,0,11,3,20,0,0,1,0,3,0,1,45,63,999,0,0,2,6,1,8,1,1,80,0,5,0,0,15,3,2020,1,9,2,8,1,1,1,1,1,50.0
120565,1,1,32,1,1,4,11,3,8,1,0,1,0,2,0,1,60,67,999,0,3,2,2,1,8,1,14,12,1,13,99,6,13,3,2020,6,17,2,33,1,1,3,1,1,20.0
120566,1,1,36,1,1,4,11,20,20,0,0,1,0,1,0,1,65,72,999,0,3,2,3,1,8,1,15,98,0,80,99,85,15,3,2020,1,18,2,1,2,3,1,5,1,100.0
120567,1,1,53,1,1,0,11,3,20,1,0,1,0,1,0,1,35,69,999,0,0,1,2,1,8,1,1,80,1,60,0,0,21,3,2020,7,20,2,8,3,3,1,2,10,50.0
120568,1,1,31,1,1,0,11,3,20,0,0,2,0,1,0,1,45,72,999,0,0,5,6,1,8,1,1,83,0,3,0,0,3,1,2020,6,21,2,9,3,2,1,3,1,33.33333333
120569,1,1,29,2,1,4,11,20,8,0,0,1,0,1,0,1,65,64,999,0,0,2,2,1,8,1,14,13,1,5,99,0,21,2,2020,6,20,2,59,1,1,4,3,1,100.0
120570,1,1,27,1,1,4,11,20,20,0,0,1,0,1,0,1,75,69,999,1,3,2,3,1,8,1,14,12,1,80,99,0,23,2,2020,1,18,2,33,1,1,3,3,10,100.0
120573,1,1,83,1,1,0,11,3,20,0,0,1,0,1,0,1,45,70,999,0,0,2,3,1,8,1,1,83,0,2,0,0,19,3,2020,5,21,2,9,1,1,1,3,1,50.0
120574,1,1,56,1,1,0,11,3,20,0,0,2,0,1,0,1,45,72,999,0,0,2,2,1,8,1,1,80,0,13,0,0,18,3,2020,4,22,2,8,1,1,1,2,1,33.33333333
120575,1,1,46,2,1,0,11,3,2,0,0,1,0,1,0,1,998,67,999,0,0,2,3,5,8,1,11,15,0,13,99,0,3,3,2020,3,15,2,12,2,2,1,1,10,50.0
120576,1,1,40,2,1,0,11,3,20,0,0,1,0,3,0,1,30,66,999,1,0,2,3,1,8,1,1,80,0,7,0,0,23,3,2020,2,14,2,8,1,1,1,1,1,50.0
120580,1,1,47,1,1,4,11,20,8,0,0,1,0,2,0,1,60,68,999,0,0,1,5,1,8,2,1,51,0,13,99,0,12,1,2020,1,4,2,12,1,1,1,3,1,20.0
120582,1,1,43,2,1,1,11,3,8,0,0,1,0,2,0,1,60,64,999,1,0,1,2,1,2,1,1,10,0,5,0,28,14,1,2020,3,9,2,12,1,1,1,1,1,25.0
120587,1,1,71,1,1,0,11,3,20,0,0,1,0,1,0,1,40,75,999,0,0,2,2,1,8,1,15,80,0,60,0,0,16,1,2020,5,20,2,8,1,1,1,3,1,50.0
120593,1,1,17,2,1,1,11,3,20,0,0,1,0,2,0,1,10,66,999,0,0,3,3,1,8,1,11,15,0,13,0,38,16,1,2020,5,11,2,12,2,2,1,1,1,50.0
120594,1,1,81,2,1,4,11,3,8,0,0,1,0,1,0,1,30,63,999,0,0,0,0,0,0,0,11,15,0,5,0,38,29,1,2020,4,14,2,12,8,1,1,1,1,50.0
120596,1,1,46,1,1,0,11,3,20,0,0,1,0,1,0,1,45,70,999,0,0,2,3,1,8,1,1,80,0,60,0,38,15,1,2020,4,19,2,8,1,1,1,3,1,50.0
120598,1,1,55,1,1,4,11,3,2,1,0,1,0,1,0,1,55,69,999,0,0,2,3,1,2,1,14,12,1,13,99,0,4,2,2020,3,18,2,32,3,3,3,3,1,100.0
120601,1,1,57,1,1,4,11,20,20,0,0,2,0,1,0,1,45,73,999,0,4,6,1,1,8,1,14,12,0,81,93,0,9,2,2020,1,17,2,1,5,1,4,1,1,50.0
120602,1,1,82,1,1,2,11,3,20,0,0,2,0,2,0,1,10,67,999,0,0,0,0,0,0,0,11,15,0,13,0,38,5,2,2020,4,12,2,12,4,1,1,1,1,33.33333333
120603,1,1,21,2,1,0,11,3,20,0,0,2,0,1,0,1,998,999,999,0,0,1,2,1,8,1,1,80,0,7,0,0,8,2,2020,7,19,2,8,1,1,1,3,1,33.33333333
120604,1,1,34,2,1,0,11,3,20,0,0,2,0,1,0,1,20,65,999,0,0,1,2,1,8,1,11,83,0,7,93,38,11,2,2020,3,9,2,9,3,2,1,1,1,33.33333333
120607,1,1,76,2,1,3,11,3,8,0,0,2,0,1,0,1,30,999,999,0,0,2,3,1,8,1,11,15,0,13,93,38,9,2,2020,1,18,2,12,2,2,1,5,1,33.33333333
120608,1,1,26,1,1,4,11,20,20,1,0,1,0,1,0,1,65,69,999,0,0,2,2,1,8,1,1,13,1,7,0,0,20,2,2020,5,22,2,1,1,1,4,2,1,100.0
120609,1,1,36,1,1,4,11,20,3,0,0,2,0,2,0,1,35,64,999,0,0,2,3,1,8,2,1,12,0,7,99,0,22,2,2020,7,22,2,33,1,1,3,3,2,50.0
120614,1,1,39,1,1,4,11,20,1,9,0,1,0,1,0,1,90,69,999,0,3,2,3,1,8,1,1,12,0,13,0,6,17,2,2020,2,9,2,42,1,1,3,1,1,50.0
120615,1,1,38,1,1,0,11,3,20,0,0,2,0,3,1,1,45,68,999,0,0,2,3,1,8,1,1,83,0,11,0,0,21,2,2020,6,22,2,9,3,2,1,3,1,33.33333333
120617,1,1,24,1,1,4,11,20,20,9,0,1,0,1,0,1,60,66,999,0,0,3,5,1,8,1,1,51,0,80,99,6,27,2,2020,5,0,2,12,1,1,1,3,1,20.0
120618,1,1,57,1,1,0,11,3,20,0,0,1,0,3,6,1,45,73,999,0,0,2,2,1,8,1,1,80,0,66,0,0,12,2,2020,4,3,2,8,1,1,1,3,1,50.0
120619,1,1,17,2,1,0,11,3,2,0,0,1,0,2,0,1,15,70,999,0,0,2,2,1,8,1,1,17,0,13,0,38,14,2,2020,6,20,2,12,2,2,1,1,1,20.0
120620,1,1,56,1,1,0,11,20,20,0,0,1,0,1,0,1,45,72,999,0,0,2,5,1,8,1,1,80,0,119,0,0,7,3,2020,7,19,2,8,1,1,1,3,1,50.0
120621,1,1,62,1,1,0,11,3,20,0,0,1,0,1,0,1,35,68,999,0,0,2,3,1,8,1,1,83,0,13,0,0,7,3,2020,7,19,2,9,3,2,1,3,1,50.0
120622,1,1,60,1,1,3,11,20,20,0,0,1,0,3,2,1,70,69,999,0,0,3,3,5,8,1,1,1,0,11,0,0,5,3,2020,5,11,2,57,1,1,1,1,1,25.0
120623,1,1,68,2,1,0,11,3,20,0,0,2,0,1,0,1,35,69,999,0,0,1,2,1,8,1,1,80,0,7,0,0,8,3,2020,1,19,2,8,1,1,1,3,1,33.33333333
120626,1,1,21,1,1,1,11,3,8,0,0,4,0,2,0,1,55,74,999,0,0,3,4,1,8,1,15,10,0,13,0,6,25,2,2020,3,22,2,12,1,1,1,3,1,14.28571429
120627,1,1,69,1,1,0,11,20,20,0,0,2,0,1,0,1,25,67,999,0,0,1,3,1,8,1,1,83,0,60,0,0,4,3,2020,4,18,2,9,1,1,1,5,1,33.33333333
120628,1,1,57,1,1,4,11,20,8,0,0,1,0,1,0,1,55,71,999,0,0,1,2,1,8,1,1,11,0,7,0,0,10,3,2020,3,22,2,46,3,3,4,2,10,100.0
120630,1,1,32,1,1,3,11,3,1,0,0,2,0,1,0,1,45,73,999,0,0,1,2,1,8,1,6,10,0,13,12,51,14,3,2020,7,23,2,12,2,3,1,2,1,25.0
120631,1,1,48,1,1,0,11,3,20,0,0,1,0,3,21,1,998,76,999,0,0,2,3,1,8,1,1,80,0,16,0,0,17,3,2020,3,18,2,8,1,1,1,1,1,50.0
120632,1,1,30,1,1,4,11,20,1,9,0,1,0,2,0,1,55,73,186,0,0,1,2,1,8,1,1,13,0,13,99,6,15,3,2020,1,16,2,38,1,1,4,1,1,100.0
120634,1,1,65,1,1,0,11,3,20,0,0,1,0,1,0,1,35,78,999,0,0,1,4,1,8,1,1,80,0,3,0,0,20,3,2020,6,21,2,8,1,1,1,3,1,33.33333333
120635,1,1,39,1,1,4,11,20,20,0,0,1,0,1,0,1,60,67,999,1,4,1,2,1,2,1,14,13,0,80,0,0,12,3,2020,5,21,2,33,1,1,4,2,1,100.0
120639,1,1,22,2,1,0,11,3,1,0,0,2,0,2,0,1,60,64,999,0,0,3,2,1,8,1,1,13,1,13,99,6,16,3,2020,2,22,2,8,1,1,5,3,1,25.0
120640,1,1,16,1,1,2,11,3,8,0,0,1,0,2,0,1,20,69,999,0,0,2,4,1,8,1,11,15,0,60,0,38,15,3,2020,1,11,2,12,2,2,1,1,1,25.0
120641,1,1,81,1,1,4,11,8,99,9,0,1,0,1,0,1,35,68,999,0,0,2,2,1,8,1,99,13,0,13,99,0,21,3,2020,7,6,2,42,1,1,4,6,1,100.0
120642,1,1,21,2,1,2,11,20,8,1,0,2,0,1,0,1,45,68,999,0,0,2,4,1,8,1,1,17,0,8,99,39,21,3,2020,7,23,2,12,2,2,1,3,1,14.28571429
120643,1,1,44,1,1,3,11,20,20,0,0,2,0,1,0,1,50,76,999,0,0,2,3,1,8,1,2,98,0,81,0,0,9,3,2020,2,13,2,1,1,1,1,1,1,50.0
120644,1,1,17,1,1,4,11,20,20,1,0,1,0,2,0,1,82,999,999,0,3,2,2,6,8,1,14,13,0,98,0,6,10,3,2020,3,15,2,24,1,1,4,1,10,100.0
120646,1,1,36,1,1,4,11,20,20,9,0,2,0,2,0,1,70,71,999,0,0,3,3,1,8,1,1,12,1,7,99,58,17,3,2020,3,3,2,1,1,1,3,3,10,50.0
120649,1,1,30,2,1,0,11,3,20,0,0,3,0,1,0,1,35,67,999,0,0,2,4,1,8,1,1,80,0,7,0,0,17,3,2020,3,20,2,8,1,1,1,3,1,25.0
120651,1,1,35,1,1,0,11,3,20,0,0,1,0,3,0,1,40,73,999,0,0,2,2,1,8,1,1,80,0,13,99,0,26,3,2020,5,6,2,8,18,1,1,4,1,50.0
120652,1,1,45,2,1,4,11,20,20,9,0,1,0,2,0,1,65,62,999,0,0,2,2,1,2,1,1,12,1,7,99,58,22,3,2020,1,17,2,1,1,1,3,1,1,100.0
120653,1,1,46,1,1,0,11,3,20,0,0,2,0,2,0,1,55,71,999,0,0,6,2,1,8,1,1,80,0,60,0,0,25,2,2020,3,19,2,8,20,1,1,2,1,12.5
120654,1,1,69,1,1,0,11,3,20,0,0,1,0,3,0,1,45,999,999,99,0,2,4,1,8,1,1,80,0,7,0,0,1,3,2020,1,20,2,8,1,1,1,3,1,50.0
120656,1,1,36,1,1,0,11,3,20,0,0,1,0,2,0,1,45,69,999,0,0,2,3,1,8,1,1,80,0,8,0,0,4,3,2020,4,21,2,8,3,2,1,3,1,50.0
120657,1,1,22,2,1,4,11,20,20,9,0,2,0,2,0,1,45,65,999,0,0,1,2,1,8,11,1,98,0,69,99,6,23,3,2020,2,0,2,34,1,1,6,2,1,50.0
120658,1,1,57,1,1,0,11,3,20,0,0,2,0,1,0,1,50,69,999,0,0,2,3,1,8,1,1,80,0,60,0,0,23,3,2020,2,21,2,8,1,1,1,3,1,33.33333333
120660,1,1,22,1,1,4,11,3,8,0,0,1,0,2,0,1,65,69,999,0,0,3,6,1,8,1,1,51,1,7,93,6,18,1,2020,7,7,2,12,1,1,1,1,1,50.0
120661,1,1,64,1,1,4,11,3,1,1,0,1,0,2,0,1,50,70,999,0,0,1,2,1,8,1,1,52,0,60,99,6,22,3,2020,1,13,2,12,3,3,1,1,1,25.0
120662,1,1,53,1,1,4,11,3,8,1,0,2,0,2,0,1,70,72,230,2,0,1,4,1,8,1,1,10,0,13,99,28,16,3,2020,2,9,2,12,1,1,1,1,1,100.0
120664,1,1,44,1,1,2,11,20,8,9,0,1,0,3,0,1,30,73,999,1,0,1,2,1,8,1,1,17,0,1,0,39,23,3,2020,2,10,2,12,2,2,1,1,1,33.33333333
120665,1,1,26,1,1,0,11,3,20,0,0,1,0,1,0,1,45,76,999,1,0,2,6,1,8,1,1,80,0,60,0,0,23,3,2020,2,21,2,8,3,2,1,3,1,50.0
120666,1,1,75,2,1,4,11,3,8,0,0,1,0,1,0,1,10,67,999,0,0,1,2,1,8,1,1,17,0,3,0,38,17,3,2020,3,18,2,12,2,2,1,1,1,25.0
120668,1,1,58,1,1,0,11,3,20,0,0,1,0,4,0,1,80,62,999,0,3,2,2,6,8,1,15,51,0,7,93,0,16,3,2020,2,19,2,12,1,1,1,2,1,33.33333333
120669,1,1,35,1,1,4,11,20,20,1,0,1,0,1,0,1,80,69,999,1,0,3,6,1,8,1,1,50,0,80,99,6,28,3,2020,7,6,2,1,1,1,1,3,1,100.0
120673,1,1,27,1,1,4,11,20,20,1,0,1,0,2,0,1,60,69,999,0,0,5,5,1,8,1,1,17,1,82,99,6,19,3,2020,5,21,2,12,2,2,1,3,1,50.0
120676,1,1,56,1,1,0,11,3,20,0,0,1,0,1,0,1,45,71,999,0,0,2,3,1,8,1,1,80,0,7,0,0,18,3,2020,4,21,2,8,3,2,1,3,1,50.0
120677,1,1,54,1,1,0,11,3,20,0,0,1,0,3,6,1,998,68,999,0,0,2,2,1,8,1,14,80,0,66,0,28,24,2,2020,2,20,2,8,1,1,2,2,1,66.66666667
120679,1,1,998,8,1,9,11,20,20,8,0,99,1,9,99,1,998,999,999,99,0,3,3,8,8,1,99,80,0,998,96,0,14,3,2020,7,1,2,8,1,1,1,3,1,50.0
120681,1,1,60,2,1,4,11,3,1,0,0,1,0,1,0,1,10,65,999,0,0,1,2,1,8,1,11,15,0,5,0,38,20,3,2020,6,11,2,12,2,3,1,1,1,50.0
120682,1,1,22,2,1,0,11,3,20,0,0,1,0,2,0,1,45,66,999,0,0,2,3,1,8,1,1,80,0,13,0,0,25,3,2020,4,23,2,8,1,1,1,3,1,50.0
120683,1,1,21,1,9,4,99,20,99,8,0,1,0,6,0,1,998,998,997,998,8,1,2,1,8,8,0,19,0,2,16,0,26,2,2020,4,20,2,3,1,1,6,8,98,100.0
120684,1,1,36,1,1,4,11,20,20,1,0,1,0,3,1,1,70,74,999,0,0,2,3,1,8,1,1,13,0,11,99,28,22,3,2020,1,22,2,14,1,1,5,3,1,33.33333333
120685,1,1,41,2,1,1,11,3,20,0,0,1,0,1,0,1,25,63,999,0,0,1,3,1,8,1,11,80,0,13,0,38,20,3,2020,6,10,2,8,3,2,1,1,1,50.0
120686,1,1,41,2,1,1,11,20,8,0,0,1,0,3,0,1,10,66,999,1,0,2,3,1,8,1,11,15,0,7,0,38,25,3,2020,4,17,2,12,2,3,1,1,1,50.0
120689,1,1,43,1,1,0,11,3,20,0,0,1,0,1,0,1,50,74,999,1,0,2,2,1,8,1,2,80,0,13,99,0,3,3,2020,3,23,2,8,1,1,1,3,1,50.0
120692,1,1,33,2,1,0,11,3,1,1,0,1,0,1,0,1,70,63,999,0,0,5,5,1,8,1,1,51,1,13,0,6,29,3,2020,1,23,2,12,1,1,1,3,1,50.0
120694,1,1,29,1,1,3,11,3,8,0,0,1,0,1,0,1,60,75,999,1,0,2,2,1,8,1,1,12,0,7,99,6,1,4,2020,4,6,2,32,1,1,4,2,1,33.33333333
120697,1,1,55,2,1,4,11,20,2,0,0,1,0,2,0,1,55,66,999,0,0,2,4,6,8,1,1,12,1,7,0,6,31,3,2020,3,17,2,12,1,1,1,1,1,50.0
120699,1,1,44,1,1,0,11,3,20,0,0,2,0,4,1,1,15,64,999,3,0,2,3,1,8,1,12,21,0,74,0,38,21,3,2020,7,19,2,12,3,3,1,2,1,33.33333333
120700,1,1,35,1,1,0,11,3,20,0,0,1,0,1,0,1,45,68,999,1,0,2,3,1,8,1,1,80,0,13,0,0,1,4,2020,4,18,2,8,3,2,1,1,1,50.0
120701,1,1,20,1,1,4,11,20,8,9,0,1,0,1,0,1,90,65,999,0,0,2,3,1,8,1,15,13,1,13,99,6,25,3,2020,4,17,2,33,1,1,4,1,1,100.0
120702,1,1,31,1,1,3,11,3,8,0,0,3,0,2,0,1,10,999,999,99,0,1,2,1,8,1,11,15,0,13,99,38,2,4,2020,5,21,2,12,2,2,1,3,1,25.0
120703,1,1,41,2,1,0,11,3,20,0,0,2,0,1,0,1,45,63,200,0,0,2,3,1,8,1,1,80,0,13,0,0,24,3,2020,3,0,2,8,1,1,1,2,1,33.33333333
120704,1,1,22,1,1,0,11,3,20,0,0,1,0,1,0,1,998,72,999,0,0,2,4,1,8,1,15,80,0,7,0,0,1,4,2020,4,22,2,8,1,1,1,2,1,50.0
120705,1,1,67,2,1,0,11,3,20,0,0,2,1,1,0,1,45,64,999,0,0,2,2,1,8,1,1,83,0,7,3,0,22,3,2020,1,13,2,9,2,3,1,1,1,33.33333333
120706,1,1,54,1,1,4,11,20,20,9,0,1,0,1,0,1,35,67,999,1,0,1,2,1,8,1,1,98,0,81,99,0,30,1,2020,5,18,2,1,1,1,1,3,1,100.0
120708,1,1,66,1,1,4,11,3,8,9,0,1,0,1,0,1,30,68,999,1,0,2,3,1,8,1,14,12,0,13,99,0,4,4,2020,7,20,2,33,1,1,3,3,10,100.0
120709,1,1,20,1,1,4,11,20,8,9,0,2,0,1,0,1,998,999,999,0,0,1,2,1,8,1,1,12,1,3,99,6,29,3,2020,1,22,2,17,1,1,4,2,1,100.0
120711,1,1,31,1,1,4,11,20,20,1,0,1,0,1,0,1,65,73,999,2,0,6,1,6,2,1,14,12,1,80,99,0,26,1,2020,1,20,2,25,5,1,4,3,1,100.0
120713,1,1,59,2,1,4,11,20,8,9,0,1,0,1,0,1,80,66,999,0,0,1,2,1,8,1,1,10,1,13,0,28,19,3,2020,5,6,2,12,1,1,1,2,1,50.0
120716,1,1,69,1,1,4,11,3,8,0,0,1,0,1,0,1,15,71,999,0,0,1,2,1,8,1,11,15,0,13,0,38,31,3,2020,3,5,2,12,2,2,1,3,1,50.0
120718,1,1,67,1,1,0,11,3,1,0,0,2,0,1,0,1,35,76,295,0,0,2,4,1,8,1,1,17,0,7,93,39,9,1,2020,5,14,2,12,2,2,1,1,1,25.0
120719,1,1,76,1,1,4,11,20,20,0,0,2,0,2,0,1,45,74,999,0,0,2,2,1,8,1,1,13,0,83,0,0,11,3,2020,4,14,2,33,1,1,4,1,1,50.0
120721,1,1,21,2,1,2,11,3,1,0,0,1,0,2,0,1,30,64,999,0,0,1,2,1,8,1,11,15,0,7,93,39,1,3,2020,1,16,2,12,2,2,1,1,1,33.33333333
120722,1,1,25,1,1,2,11,20,1,0,0,5,0,1,0,1,55,67,999,0,0,3,3,6,8,1,14,98,0,13,92,6,25,3,2020,4,8,2,14,1,1,2,1,10,16.66666667
120725,1,1,43,2,1,0,11,3,20,0,0,2,0,2,0,1,35,64,999,0,0,2,3,1,8,1,1,80,0,13,0,0,27,3,2020,6,6,2,8,2,3,1,2,1,33.33333333
120726,1,1,34,2,1,4,11,20,2,0,0,1,0,1,0,1,70,61,999,1,0,3,3,1,8,1,1,12,0,13,99,0,1,4,2020,4,0,2,1,1,1,3,2,10,100.0
120727,1,1,33,2,1,4,11,3,99,1,0,1,0,1,0,1,35,65,999,0,0,1,3,1,8,1,1,13,1,7,99,0,2,4,2020,5,1,2,30,3,2,4,3,1,100.0
120729,1,1,25,1,1,4,11,20,8,9,0,2,0,5,0,1,90,72,999,0,0,6,1,6,2,1,1,12,0,7,0,6,6,4,2020,2,18,2,42,5,1,4,1,1,50.0
120730,1,1,55,1,1,0,11,3,20,9,0,99,1,1,0,1,998,70,999,0,0,1,2,1,8,1,1,80,0,13,99,0,24,3,2020,3,20,2,8,3,2,1,3,1,50.0
120731,1,1,998,8,1,9,11,98,98,8,0,99,1,9,99,1,998,999,999,99,0,3,3,1,8,1,1,80,0,999,0,0,3,4,2020,6,0,2,8,1,1,1,3,1,20.0
120732,1,1,34,1,1,0,11,3,20,0,0,1,0,3,0,1,50,71,999,1,0,2,3,1,8,1,1,51,0,7,0,0,25,3,2020,4,1,2,12,1,1,1,3,1,50.0
120733,1,1,79,1,1,4,11,3,8,0,0,1,0,1,0,1,45,77,999,0,0,1,2,1,8,1,1,13,0,13,99,0,27,3,2020,6,8,2,38,1,1,4,1,10,100.0
120734,1,1,49,1,1,0,11,20,20,0,0,1,0,3,99,1,20,69,999,0,0,1,2,1,8,1,11,83,0,126,0,38,24,3,2020,3,9,2,9,2,2,1,1,1,50.0
120735,1,1,54,1,1,0,11,20,20,0,0,1,1,1,0,1,998,68,999,1,0,2,4,1,8,1,1,80,0,60,99,0,24,2,2020,2,19,2,8,1,1,1,3,1,50.0
120736,1,1,81,1,1,1,11,3,20,0,0,1,0,1,0,1,14,68,999,0,0,2,3,1,8,1,11,15,0,60,0,38,26,3,2020,5,17,2,12,2,3,1,1,1,33.33333333
120737,1,1,19,2,1,0,11,3,20,0,0,1,0,2,0,1,30,61,103,1,0,2,2,1,8,1,1,83,0,13,99,0,14,3,2020,7,10,2,15,1,1,1,1,1,50.0
120738,1,1,77,1,1,4,11,3,2,0,0,2,0,1,0,1,15,70,999,0,0,1,2,1,8,1,11,15,0,13,99,38,6,4,2020,2,11,2,12,2,3,1,1,1,25.0
120739,1,1,39,1,1,4,11,20,20,9,0,1,0,1,0,1,998,66,999,0,3,2,3,1,8,1,1,62,0,80,99,0,1,4,2020,4,6,2,12,8,1,1,4,1,50.0
120741,1,1,22,1,1,4,11,20,20,9,0,1,0,2,0,1,1,67,999,0,0,2,2,1,8,1,1,51,1,80,99,6,24,3,2020,3,2,2,12,1,1,1,3,1,50.0
120742,1,1,60,1,1,4,11,20,98,1,0,1,0,1,0,1,35,72,160,1,0,2,3,1,8,1,1,98,0,94,99,6,13,3,2020,6,12,2,1,1,1,1,1,10,50.0
120743,1,1,26,1,1,2,11,20,20,0,0,2,0,1,0,1,55,69,999,0,0,3,5,5,8,1,14,12,0,80,0,6,22,3,2020,1,6,2,25,19,1,3,4,1,50.0
120744,1,1,20,1,1,4,11,3,1,1,0,1,0,2,0,1,45,69,999,1,0,2,2,1,8,1,1,12,1,60,99,51,30,3,2020,2,17,2,33,1,1,3,1,10,50.0
120745,1,1,21,1,1,4,11,20,20,1,0,1,0,1,0,1,86,63,999,0,3,5,4,1,8,1,1,66,0,13,0,36,4,4,2020,7,20,2,12,2,2,1,3,1,100.0
120746,1,1,74,1,1,4,11,3,20,0,0,1,0,1,0,1,65,68,999,0,0,3,3,1,8,1,1,10,0,60,0,28,1,4,2020,4,9,2,12,1,1,1,1,1,33.33333333
120747,1,1,23,2,1,4,11,20,20,0,0,1,0,1,0,1,40,66,999,0,0,5,5,1,8,1,10,11,0,6,99,6,27,3,2020,6,17,2,12,3,2,1,1,1,50.0
120748,1,1,33,1,1,0,11,3,20,9,0,1,0,1,0,1,40,72,999,0,0,5,3,1,2,1,1,13,0,60,10,28,6,4,2020,2,20,2,9,1,1,4,3,1,50.0
120749,1,1,31,1,1,4,11,20,20,9,0,1,0,1,0,1,998,68,999,0,0,2,2,1,8,1,14,98,1,94,99,6,9,4,2020,5,17,2,1,1,1,1,1,1,100.0
120750,1,1,51,1,1,4,11,20,20,1,0,1,0,1,0,1,45,65,999,0,0,1,2,1,2,1,1,13,0,80,99,6,11,4,2020,7,19,2,1,1,1,6,5,1,100.0
120751,1,1,75,1,1,4,11,20,20,0,0,1,0,1,0,1,70,70,220,0,0,3,2,1,8,1,1,12,0,83,0,0,13,3,2020,6,14,2,34,1,1,3,1,1,100.0
120752,1,1,60,1,1,4,11,20,20,0,0,1,0,1,0,1,70,69,999,0,0,1,2,1,8,1,1,9,1,81,0,0,26,2,2020,4,2,2,5,1,1,2,2,1,100.0
120753,1,1,53,1,1,3,11,3,8,0,0,1,0,2,0,1,70,65,999,0,0,2,3,1,8,1,1,67,0,60,99,0,1,4,2020,4,21,2,12,2,3,1,3,1,50.0
120754,1,1,87,1,1,4,11,20,20,0,0,1,0,1,0,1,30,999,999,0,0,1,5,1,8,1,1,80,0,12,0,38,5,3,2020,5,15,2,8,1,1,1,1,1,50.0
120755,1,1,27,1,1,4,11,8,1,9,0,1,0,1,0,1,70,74,999,0,0,3,3,1,8,1,1,10,1,7,0,0,2,4,2020,5,22,2,12,1,1,1,2,1,50.0
120756,1,1,23,1,1,0,11,3,20,0,0,1,0,2,0,1,40,72,999,2,0,2,2,3,8,1,1,80,0,13,0,0,21,3,2020,7,22,2,8,1,1,1,2,10,50.0
120759,1,1,51,1,1,4,11,3,1,0,0,1,0,1,0,1,45,69,999,0,0,2,5,1,8,1,1,50,0,13,0,6,17,3,2020,3,18,2,12,3,2,1,1,1,16.66666667
120760,1,1,25,1,1,0,11,20,8,0,0,2,0,4,0,1,45,70,999,0,0,2,3,1,8,1,1,50,0,13,0,0,28,3,2020,7,20,2,12,3,2,1,3,1,33.33333333
120762,1,1,31,1,1,4,11,20,20,9,0,1,0,1,0,1,96,73,999,1,3,2,2,1,8,1,1,83,0,98,99,0,4,4,2020,7,11,2,9,2,3,1,1,1,100.0
120763,1,1,60,1,1,1,11,3,8,0,0,1,0,1,0,1,60,66,999,1,0,4,4,1,8,1,1,17,0,95,0,39,6,4,2020,2,12,2,12,2,2,1,1,1,33.33333333
120765,1,1,38,2,1,4,11,3,1,0,0,4,0,1,0,1,15,63,999,0,0,1,2,1,8,1,1,17,0,13,0,39,2,4,2020,5,23,2,12,2,2,1,3,1,20.0
120767,1,1,41,1,1,0,11,3,20,0,0,1,0,1,0,1,45,73,999,0,0,1,2,1,8,1,1,80,0,7,0,0,23,3,2020,2,3,2,8,1,1,1,2,5,50.0
120770,1,1,27,1,1,4,11,20,20,1,0,1,0,2,0,1,25,68,999,0,0,6,2,1,8,1,1,12,0,80,93,6,20,3,2020,6,17,2,12,5,1,1,1,1,50.0
120772,1,1,63,1,1,0,11,3,20,0,0,1,0,3,6,1,45,67,999,0,0,1,4,1,8,2,14,80,0,66,0,0,6,4,2020,2,2,2,8,3,3,1,2,10,50.0
120775,1,1,37,1,1,4,11,20,20,1,0,1,0,2,0,1,60,74,999,1,0,2,2,1,8,1,14,12,0,82,12,36,5,4,2020,1,20,2,33,1,1,3,3,1,100.0
120777,1,1,70,1,1,4,11,20,1,9,0,2,0,1,0,1,30,69,999,0,0,1,2,6,8,1,1,14,0,7,0,39,1,4,2020,4,5,2,43,3,3,4,2,1,50.0