ST_CASE,VEH_NO,PER_NO,AGE,SEX,PER_TYP,INJ_SEV,SEAT_POS,REST_USE,AIR_BAG,DRUGS,LOCATION,NUMOCCS,HIT_RUN,OWNER,V_CONFIG,HAZ_INV,TRAV_SP,DR_HGT,DR_WGT,PREV_SPD,SPEEDREL,VTRAFWAY,VNUM_LAN,VPROFILE,VPAVETYP,VSURCOND,P_CRASH1,P_CRASH2,DR_DRINK,VPICBODYCLASS,DRDISTRACT,DRIVERRF,DAY,MONTH,YEAR,DAY_WEEK,HOUR,RUR_URB,HARM_EV,RELJCT2,TYP_INT,REL_ROAD,LGT_COND,WEATHER,Fatality Rate (%)
121427,1,1,39,1,1,0,11,3,20,0,0,3,0,4,0,1,35,74,999,0,0,1,4,1,8,1,1,83,0,7,0,0,30,5,2020,7,15,2,9,1,1,1,1,1,25.0
121429,1,1,68,1,1,4,11,3,2,0,0,1,0,1,0,1,10,69,999,0,0,2,2,1,8,1,1,17,0,1,0,38,25,6,2020,5,16,2,12,2,3,1,1,1,25.0
121430,1,1,19,2,1,0,11,3,20,9,0,1,0,1,0,1,60,69,999,0,3,2,3,1,8,1,1,80,0,13,99,36,21,6,2020,1,5,2,8,1,1,1,4,1,50.0
121431,1,1,78,1,1,4,11,20,1,0,0,1,0,1,0,1,45,999,999,0,0,5,4,1,8,1,1,13,0,2,99,0,25,6,2020,5,16,2,46,3,2,4,1,1,100.0
121432,1,1,35,2,1,4,11,20,20,1,0,1,0,1,0,1,55,63,999,0,0,1,2,5,8,1,14,13,1,13,93,6,5,6,2020,6,16,2,30,1,1,4,1,1,100.0
121433,1,1,28,1,1,3,11,8,1,1,0,1,0,1,1,1,60,74,999,1,0,1,2,1,8,1,1,10,1,60,99,51,20,6,2020,7,17,2,12,1,1,1,1,10,25.0
121435,1,1,45,1,1,4,11,20,1,9,0,2,0,1,0,1,75,75,999,2,0,1,2,1,8,1,1,12,0,3,99,0,21,6,2020,1,21,2,34,1,1,4,3,1,50.0
121436,1,1,96,1,1,4,11,3,20,0,0,1,0,1,0,1,20,71,999,0,0,1,2,1,8,1,11,15,0,13,93,38,12,6,2020,6,17,2,12,2,3,1,1,1,50.0
121438,1,1,81,1,1,4,11,3,8,0,0,1,0,1,0,1,35,67,999,0,0,2,3,1,8,1,1,50,0,60,93,6,30,6,2020,3,9,2,12,3,2,1,1,1,50.0
121439,1,1,25,1,1,4,11,20,20,0,0,2,0,1,0,1,55,65,999,0,0,2,4,1,8,1,1,87,0,98,0,0,31,5,2020,1,13,2,11,1,1,1,1,1,50.0
121440,1,1,70,2,1,1,11,3,2,0,0,1,0,1,0,1,15,68,999,0,0,2,4,1,8,1,11,15,0,7,0,38,27,6,2020,7,13,2,12,2,2,1,1,1,50.0
121442,1,1,32,1,1,4,11,20,1,0,0,1,0,1,0,1,45,68,999,0,0,2,2,6,8,1,14,13,1,3,99,6,15,6,2020,2,1,2,33,1,1,4,2,1,100.0
121443,1,1,34,1,1,1,11,3,8,0,0,2,0,4,0,1,70,71,999,0,0,3,6,1,8,1,1,12,0,13,0,6,23,6,2020,3,22,2,25,1,1,3,3,1,33.33333333
121444,1,1,20,1,1,3,11,3,1,9,0,1,0,2,0,1,50,67,999,0,0,3,4,1,2,1,1,52,0,13,99,26,22,6,2020,2,2,2,12,1,1,1,3,1,33.33333333
121445,1,1,75,2,1,4,11,1,20,0,0,1,0,1,0,1,30,64,999,0,0,2,3,1,8,1,1,12,0,7,93,0,30,6,2020,3,12,2,3,1,1,5,1,1,100.0
121449,1,1,85,1,1,4,11,3,3,9,0,1,0,1,0,1,15,73,999,0,0,1,2,1,8,1,11,15,0,13,99,38,28,5,2020,5,9,2,12,2,2,1,1,1,50.0
121451,1,1,16,1,1,0,11,3,20,0,0,99,1,2,0,1,40,66,999,0,0,2,4,1,8,1,1,80,0,60,0,0,18,6,2020,5,22,2,8,3,2,1,3,1,50.0
121452,1,1,22,2,1,0,11,3,1,0,0,1,0,2,0,1,55,64,999,3,0,2,2,1,8,1,1,83,0,7,0,0,26,6,2020,6,8,2,9,1,1,1,1,1,50.0
121455,1,1,18,1,1,2,11,3,8,0,0,1,0,2,0,1,45,67,999,0,3,2,4,1,8,1,1,17,0,13,0,39,18,6,2020,5,6,2,12,2,2,1,1,1,50.0
121456,1,1,33,1,1,0,11,3,20,0,0,99,1,3,4,1,65,999,999,0,0,3,4,1,8,1,1,13,0,60,0,0,25,6,2020,5,12,2,8,1,1,2,1,1,33.33333333
121460,1,1,68,1,1,0,11,3,20,0,0,1,0,1,0,1,45,68,999,0,0,2,3,1,8,1,1,83,0,60,0,0,25,6,2020,5,14,2,9,1,1,1,1,1,50.0
121461,1,1,30,1,1,4,11,20,20,9,0,1,0,1,0,1,45,70,999,0,0,1,2,1,8,1,1,12,0,7,99,0,14,6,2020,1,1,2,35,1,1,4,2,1,100.0
121463,1,1,64,1,1,0,11,3,20,0,0,1,0,1,0,1,25,68,999,0,0,2,6,1,8,1,1,83,0,13,99,0,24,6,2020,4,13,2,9,3,2,1,1,1,33.33333333
121464,1,1,56,1,1,0,11,3,20,9,0,3,0,1,0,1,40,63,999,0,0,1,2,1,8,1,1,83,1,13,99,0,26,6,2020,6,22,2,15,3,2,1,2,1,25.0
121465,1,1,27,2,1,1,11,20,1,0,0,4,0,1,0,1,17,66,999,0,0,2,2,1,8,1,11,15,0,13,0,38,27,6,2020,7,19,2,12,2,2,1,5,1,16.66666667
121466,1,1,27,1,1,1,11,3,8,1,0,1,0,2,0,1,45,69,999,2,0,5,5,1,8,1,1,10,0,7,99,6,1,7,2020,4,8,2,12,1,1,1,1,10,33.33333333
121468,1,1,19,1,1,4,11,20,1,1,0,1,0,2,0,1,70,999,999,0,4,5,3,1,8,1,14,13,0,13,12,36,21,6,2020,1,2,2,59,3,3,4,2,1,100.0
121469,1,1,55,1,1,4,11,20,20,1,0,1,0,2,0,1,60,76,999,0,0,3,3,5,8,1,14,13,0,60,99,58,22,6,2020,2,11,2,12,18,1,1,1,10,50.0
121470,1,1,27,1,1,0,11,3,20,9,0,4,0,3,1,1,45,65,160,0,0,2,4,1,8,1,1,80,0,60,0,0,3,7,2020,6,19,2,8,3,2,1,5,1,20.0
121472,1,1,48,1,1,0,11,3,20,0,0,1,0,3,0,1,25,68,999,0,0,1,2,1,8,1,11,83,0,13,0,38,28,6,2020,1,7,2,9,2,4,1,1,1,33.33333333
121473,1,1,42,2,1,2,11,3,8,9,0,2,0,1,0,1,45,67,999,0,0,2,6,1,8,1,1,67,0,13,0,6,24,6,2020,4,15,2,12,2,2,1,1,1,33.33333333
121474,1,1,44,2,1,4,11,3,8,1,0,1,0,1,0,1,10,62,999,0,0,5,3,3,8,1,12,98,0,13,99,48,28,6,2020,1,16,2,12,2,2,1,1,1,33.33333333
121475,1,1,53,1,1,4,11,20,2,1,0,1,0,1,0,1,25,67,999,0,0,1,2,1,8,1,1,17,1,13,99,38,4,7,2020,7,21,2,12,2,3,1,3,1,50.0
121476,1,1,46,2,1,1,11,3,8,0,0,1,0,1,0,1,10,72,999,0,0,2,4,1,8,1,11,15,0,7,0,38,14,6,2020,1,21,2,12,2,2,1,2,1,66.66666667
121477,1,1,53,2,1,0,11,3,20,0,0,1,0,1,0,1,40,62,999,0,0,5,5,1,8,1,1,80,0,5,0,0,4,7,2020,7,23,2,8,1,1,1,3,10,50.0
121478,1,1,999,9,1,9,11,20,20,0,0,99,1,9,99,1,998,999,999,99,0,2,4,1,8,1,11,15,0,999,99,0,5,7,2020,1,20,2,12,2,2,1,3,1,50.0
121482,1,1,79,1,1,0,11,3,20,0,0,1,0,1,0,1,5,74,999,0,0,5,7,1,8,1,11,15,0,60,0,38,22,6,2020,2,9,2,12,8,1,1,1,1,50.0
121483,1,1,43,2,1,0,11,3,20,0,0,1,0,3,2,1,998,61,999,0,0,1,2,1,8,1,11,15,0,11,0,38,19,6,2020,6,14,2,12,8,1,1,1,1,33.33333333
121484,1,1,29,1,1,0,11,3,1,0,0,2,0,3,0,1,50,71,999,0,0,1,4,1,8,1,1,80,0,13,0,0,27,6,2020,7,23,2,8,1,1,1,2,1,33.33333333
121485,1,1,22,1,1,4,11,3,8,0,0,1,0,1,0,1,70,71,999,0,0,2,3,1,8,1,1,13,0,13,99,0,17,5,2020,1,23,2,31,1,1,4,2,5,100.0
121486,1,1,38,2,1,4,11,20,20,1,0,99,1,1,0,1,79,999,999,0,5,2,3,1,8,1,14,51,1,7,99,36,26,6,2020,6,8,2,12,1,1,1,1,1,50.0
121487,1,1,35,1,1,4,11,20,1,9,0,1,0,2,0,1,70,69,999,0,0,3,3,3,8,1,1,50,0,60,99,6,29,6,2020,2,4,2,12,1,1,1,3,1,100.0
121488,1,1,42,1,1,2,11,3,20,0,0,2,0,1,0,1,50,70,999,0,4,2,4,1,8,2,15,12,0,60,0,6,4,7,2020,7,16,2,59,3,2,4,1,2,50.0
121490,1,1,46,1,1,3,11,3,8,0,0,2,0,1,0,1,45,66,999,0,0,2,5,1,8,1,1,17,0,7,0,0,14,6,2020,1,12,2,12,2,2,1,1,1,25.0
121491,1,1,18,1,1,0,11,3,20,0,0,1,0,2,0,1,35,70,999,0,0,2,4,1,8,1,11,83,0,13,0,0,14,6,2020,1,12,2,9,3,2,1,1,1,50.0
121492,1,1,37,1,1,0,11,3,20,0,0,1,0,1,0,1,10,74,999,0,0,0,0,0,0,0,11,15,0,7,0,38,26,6,2020,6,7,2,12,8,1,1,1,1,50.0
121493,1,1,20,2,1,0,11,3,20,0,0,1,0,2,0,1,50,67,999,0,0,1,2,6,8,1,1,83,0,7,0,0,24,6,2020,4,11,2,9,1,1,1,1,10,50.0
121494,1,1,46,1,1,0,11,3,20,0,0,1,0,3,0,1,35,72,999,1,0,5,5,1,8,1,1,80,0,7,99,0,7,7,2020,3,2,2,8,1,1,1,3,1,50.0
121496,1,1,76,1,1,4,11,20,20,0,0,1,0,1,0,1,35,68,999,0,0,1,2,1,8,1,1,17,0,60,99,39,29,6,2020,2,10,2,12,2,3,1,1,1,50.0
121498,1,1,21,1,1,4,11,20,20,0,0,1,0,1,0,1,70,67,999,1,0,2,2,1,8,1,14,12,0,80,99,36,13,6,2020,7,2,2,33,1,1,4,3,1,100.0
121500,1,1,29,1,1,4,11,8,8,0,0,1,0,2,0,1,65,67,999,1,0,3,3,1,1,1,1,12,1,7,0,6,27,6,2020,7,1,2,25,1,1,3,3,10,100.0
121501,1,1,47,1,1,1,11,20,99,0,0,2,0,3,0,1,998,74,999,0,0,1,2,1,8,99,1,13,1,13,99,6,23,6,2020,3,21,2,53,1,1,4,6,1,50.0
121502,1,1,29,2,1,2,11,3,1,1,0,2,0,1,0,1,998,63,999,0,0,1,2,1,8,1,1,13,1,7,0,6,25,6,2020,5,13,2,8,1,1,4,1,1,33.33333333
121503,1,1,35,1,1,4,11,20,1,0,0,1,0,2,0,1,50,67,999,0,0,1,2,1,8,2,1,12,0,13,99,6,5,7,2020,1,11,2,32,1,1,4,1,2,100.0
121504,1,1,79,1,1,0,11,3,20,0,0,1,0,1,0,1,45,69,999,0,0,1,2,1,8,1,1,80,0,60,0,0,5,7,2020,1,4,2,8,1,1,1,2,10,50.0
121506,1,1,37,1,1,1,11,3,99,9,0,1,0,3,1,1,45,66,999,0,0,2,2,1,8,1,1,51,0,11,99,0,6,7,2020,2,11,2,12,1,1,1,1,1,33.33333333
121509,1,1,24,1,1,0,11,3,1,0,0,1,0,1,0,1,60,70,999,2,0,2,4,1,8,1,1,62,0,13,0,0,3,7,2020,6,15,2,12,2,2,1,1,1,33.33333333
121510,1,1,28,1,1,0,11,3,20,0,0,1,0,1,0,1,45,69,999,1,0,2,3,1,8,2,1,83,0,13,0,0,17,6,2020,4,23,2,9,1,1,1,3,1,50.0
121511,1,1,38,1,1,4,11,20,20,9,0,1,0,2,0,1,35,999,999,0,0,1,3,1,8,1,6,17,0,114,99,39,9,6,2020,3,16,2,12,2,2,1,1,1,50.0
121513,1,1,39,2,1,2,11,3,1,9,0,2,0,1,0,1,45,62,999,1,0,1,2,1,8,1,1,10,0,7,99,28,29,6,2020,2,18,2,12,1,1,1,1,1,33.33333333
121514,1,1,28,1,1,0,11,3,20,0,0,3,0,1,0,1,998,68,999,0,0,2,4,1,8,1,1,83,0,13,0,0,30,6,2020,3,21,2,9,1,1,1,3,10,25.0
121517,1,1,31,1,1,4,11,20,8,0,0,1,0,1,0,1,55,66,999,1,0,6,1,1,2,2,14,13,1,60,99,0,4,7,2020,7,23,2,30,5,1,4,3,10,100.0
121518,1,1,71,2,1,0,11,3,20,0,0,1,0,1,0,1,45,64,999,0,0,2,5,1,8,1,1,80,0,13,0,38,30,6,2020,3,0,2,8,1,1,1,3,1,50.0
121519,1,1,29,1,1,4,11,20,2,9,0,2,0,4,0,1,80,71,999,0,0,3,5,1,8,1,14,12,0,7,99,6,2,7,2020,5,7,2,25,1,1,3,1,1,50.0
121520,1,1,20,1,1,0,11,3,20,0,0,1,0,2,0,1,40,68,999,0,0,1,2,1,8,1,1,80,0,7,0,0,8,7,2020,4,5,2,8,1,1,1,2,10,50.0
121521,1,1,78,1,1,3,11,3,20,9,0,2,0,2,0,1,25,70,999,0,0,1,3,1,8,1,11,15,0,60,0,39,22,6,2020,2,16,2,12,2,2,1,1,1,25.0
121522,1,1,31,1,1,4,11,20,1,0,0,1,0,1,0,1,60,73,999,0,0,5,3,1,2,1,1,13,1,13,0,0,8,7,2020,4,18,2,32,1,1,4,1,10,100.0
121523,1,1,25,1,1,4,11,20,20,9,0,1,0,2,0,1,50,999,999,0,0,1,2,1,8,1,1,13,0,113,0,0,3,7,2020,6,17,2,33,3,2,4,1,1,100.0
121524,1,1,60,1,1,4,11,3,99,1,0,1,0,2,0,1,55,75,999,1,0,1,2,1,8,1,1,10,0,60,99,28,26,6,2020,6,6,2,12,1,1,1,4,1,80.0
121526,1,1,17,1,1,3,11,3,1,0,0,2,0,2,0,1,45,77,999,0,0,2,2,1,8,1,1,83,0,5,99,0,9,7,2020,5,23,2,9,1,1,1,3,1,16.66666667
121527,1,1,49,1,1,1,11,3,20,0,0,1,0,3,0,1,1,64,999,0,0,2,3,1,8,1,11,15,0,60,99,48,7,7,2020,3,11,2,12,2,2,1,1,1,50.0
121528,1,1,32,1,1,0,11,3,20,9,0,99,1,1,0,1,20,73,999,0,0,1,2,1,8,1,11,15,0,60,99,38,10,7,2020,6,22,2,12,2,3,1,3,10,50.0
121530,1,1,59,1,1,4,11,3,8,9,0,1,0,1,0,1,41,74,999,0,0,1,5,1,8,1,1,17,0,13,99,0,5,6,2020,6,0,2,12,2,2,1,3,1,50.0
121531,1,1,32,2,1,0,11,3,2,0,0,1,0,1,0,1,45,63,999,0,0,1,3,1,8,1,11,15,0,13,0,0,10,6,2020,4,2,2,12,2,2,1,3,1,50.0
121533,1,1,55,1,1,4,11,3,1,0,0,1,0,2,0,1,80,999,999,0,0,5,5,1,8,1,15,10,1,7,99,36,30,6,2020,3,14,2,12,1,1,1,1,1,50.0
121534,1,1,24,1,1,4,11,20,20,1,0,1,0,1,0,1,49,999,999,0,0,9,8,1,8,11,1,98,1,85,99,6,26,6,2020,6,19,2,35,1,1,4,5,10,100.0
121535,1,1,57,2,1,4,11,3,8,0,0,1,0,1,0,1,5,62,999,0,0,3,5,6,8,1,13,54,0,13,0,31,4,7,2020,7,13,2,12,1,1,1,1,1,50.0
121536,1,1,34,2,1,4,11,20,8,9,0,1,0,1,0,1,45,66,999,0,0,2,4,1,8,1,11,15,0,13,0,38,29,6,2020,2,22,2,12,2,2,1,3,1,50.0
121537,1,1,998,8,1,9,11,20,20,8,0,99,1,9,0,1,40,999,999,99,0,1,2,6,8,1,1,9,0,85,0,0,12,6,2020,6,21,2,12,1,1,1,2,1,33.33333333
121541,1,1,67,1,1,4,11,20,20,0,0,1,0,1,0,1,998,70,999,0,0,1,3,1,8,1,99,17,0,13,0,0,18,6,2020,5,10,2,12,2,2,1,1,1,50.0
121542,1,1,89,1,1,4,11,3,8,9,0,2,0,1,0,1,25,70,999,0,0,2,6,1,8,1,1,12,0,13,99,0,4,7,2020,7,17,2,12,3,2,1,1,10,33.33333333
121543,1,1,39,1,1,4,11,20,20,0,0,1,0,1,0,1,50,67,999,0,3,2,3,1,8,1,1,62,0,81,0,0,4,7,2020,7,16,2,12,2,3,1,1,10,50.0
121544,1,1,65,2,1,4,11,3,8,0,0,1,0,1,0,1,55,67,999,0,0,1,2,1,8,1,1,17,0,7,99,39,24,6,2020,4,9,2,12,2,2,1,1,10,33.33333333
121547,1,1,63,2,1,4,11,3,8,0,0,3,0,2,0,1,55,74,999,0,0,1,2,1,8,1,1,13,0,5,99,58,12,6,2020,6,12,2,12,1,1,1,1,1,40.0
121548,1,1,34,2,1,4,11,20,8,1,0,1,0,1,0,1,70,63,999,0,4,3,4,5,8,2,1,11,1,7,99,0,30,6,2020,3,22,2,12,1,1,1,3,2,33.33333333
121549,1,1,69,1,1,0,11,3,20,0,0,1,0,1,0,1,40,71,999,0,0,1,2,6,8,1,1,11,0,7,0,6,8,7,2020,4,6,2,9,1,1,2,4,1,50.0
121550,1,1,44,1,1,0,11,3,20,0,0,1,0,1,0,1,45,72,999,0,0,2,3,6,8,1,1,83,0,13,0,0,10,7,2020,6,0,2,9,1,1,1,8,1,50.0
121552,1,1,46,1,1,0,11,3,20,0,0,2,0,1,0,1,50,69,999,0,0,2,4,1,8,1,1,80,0,7,0,0,4,7,2020,7,22,2,8,3,2,1,2,1,33.33333333
121553,1,1,54,1,1,4,11,20,20,9,0,1,0,1,0,1,1,999,999,1,0,2,2,1,8,1,14,13,0,94,99,0,13,7,2020,2,18,2,33,1,1,4,1,1,100.0
121554,1,1,29,1,1,0,11,3,8,0,0,2,0,1,0,1,15,75,999,0,0,2,3,1,8,1,12,21,0,7,0,38,14,7,2020,3,20,2,12,2,3,1,3,1,33.33333333
121557,1,1,29,2,1,0,11,3,20,0,0,2,0,1,0,1,45,70,999,1,0,2,2,1,8,2,1,80,0,7,0,0,7,6,2020,1,0,2,8,1,1,1,3,2,33.33333333
121558,1,1,25,1,1,4,11,20,20,1,0,1,0,1,0,1,50,67,999,0,0,1,2,1,8,1,1,50,1,94,0,6,10,7,2020,6,22,2,12,1,1,1,2,1,50.0
121560,1,1,54,2,1,0,11,3,20,0,0,1,0,1,0,1,998,68,999,0,0,1,2,1,8,1,11,15,0,13,99,38,26,6,2020,6,16,2,12,2,3,1,1,1,50.0
121561,1,1,63,1,1,4,11,20,20,1,0,1,0,1,0,1,998,68,999,0,3,2,3,1,8,1,14,13,1,80,99,6,28,6,2020,1,6,2,33,1,1,4,4,1,50.0
121563,1,1,77,1,1,4,11,20,20,0,0,1,0,1,0,1,45,70,999,0,0,2,2,1,2,1,14,13,0,81,0,0,25,2,2020,3,8,2,1,1,1,4,1,1,100.0
121566,1,1,74,1,1,4,11,3,20,0,0,2,0,2,0,1,10,76,999,0,0,2,4,1,8,1,11,15,0,13,0,38,2,6,2020,3,11,2,12,2,2,1,1,1,25.0
121567,1,1,62,1,1,4,11,20,20,0,0,1,0,1,0,1,1,999,999,0,0,2,3,1,8,1,99,10,0,12,99,38,2,6,2020,3,14,2,12,1,1,1,1,1,50.0
121568,1,1,46,1,1,4,11,20,8,0,0,1,0,1,0,1,10,77,999,0,0,2,4,1,8,2,12,98,0,13,0,0,6,6,2020,7,2,2,12,1,1,1,2,2,25.0
121569,1,1,67,2,1,4,11,3,8,0,0,1,0,1,0,1,10,64,999,0,0,2,3,1,8,1,11,15,0,13,99,38,20,6,2020,7,16,2,12,2,2,1,1,1,50.0
121573,1,1,49,1,1,0,11,3,2,0,0,1,0,2,0,1,15,71,999,0,0,1,2,1,8,1,1,17,0,13,0,38,10,7,2020,6,11,2,12,2,2,1,1,1,50.0
121575,1,1,30,1,1,4,11,20,20,0,0,3,0,2,0,1,85,999,999,0,0,3,6,1,8,1,15,10,1,7,93,6,5,7,2020,1,14,2,12,1,1,1,1,10,25.0
121576,1,1,36,2,1,0,11,3,20,0,0,1,0,1,0,1,45,65,999,0,0,2,2,1,8,1,1,83,0,7,0,39,3,7,2020,6,10,2,9,3,2,1,1,1,50.0
121577,1,1,28,1,1,0,11,98,20,9,0,99,1,1,0,1,998,69,999,0,0,2,4,1,8,1,11,15,0,13,99,38,14,7,2020,3,17,2,12,2,3,1,1,1,50.0
121578,1,1,53,1,1,4,11,20,20,1,0,1,0,1,0,1,48,68,999,0,0,2,3,1,2,2,1,13,1,60,0,6,15,6,2020,2,0,2,43,1,1,6,2,10,100.0
121580,1,1,29,2,1,2,11,3,8,0,0,5,0,2,0,1,65,64,999,0,0,3,7,1,8,2,1,51,1,13,99,6,4,7,2020,7,22,2,12,18,1,1,3,10,8.333333333
121582,1,1,37,1,1,3,11,3,20,0,0,1,0,1,0,1,20,72,999,1,0,1,2,1,8,1,11,15,0,7,0,38,5,7,2020,1,20,2,12,2,3,1,5,1,50.0
121583,1,1,63,1,1,1,11,3,1,1,0,1,0,1,0,1,20,72,999,0,0,2,3,1,8,1,11,15,0,13,0,38,11,7,2020,7,16,2,12,2,2,1,1,1,25.0
121585,1,1,25,2,1,0,11,3,20,0,0,1,0,2,0,1,50,63,999,1,0,2,3,1,8,1,1,80,0,13,0,0,14,7,2020,3,22,2,8,1,1,1,3,1,50.0
121587,1,1,20,1,1,2,11,3,20,0,0,1,0,1,0,1,80,74,999,0,0,3,4,1,8,1,15,11,0,5,93,6,3,7,2020,6,22,2,12,1,1,1,3,1,50.0
121588,1,1,30,2,1,4,11,20,20,9,0,1,0,1,0,1,25,63,999,0,0,1,2,1,8,1,1,13,0,12,99,28,15,7,2020,4,19,2,14,1,1,5,1,1,100.0
121589,1,1,49,1,1,4,11,20,20,1,0,1,0,1,0,1,50,67,999,0,0,2,2,6,8,1,1,98,1,125,99,58,9,5,2020,7,0,2,1,1,1,1,3,1,100.0
121590,1,1,88,1,1,4,11,3,8,0,0,1,0,1,0,1,40,999,999,0,0,2,2,5,8,1,14,54,0,13,0,51,24,6,2020,4,14,2,12,1,1,1,1,1,50.0
121591,1,1,77,1,1,4,11,20,20,0,0,1,0,1,0,1,10,74,999,0,0,0,0,0,0,0,13,20,0,60,0,0,28,6,2020,1,18,2,12,8,1,1,5,1,33.33333333
121593,1,1,40,2,1,4,11,3,8,9,0,2,0,2,0,1,45,69,999,0,0,2,2,1,8,1,1,12,1,13,99,6,2,7,2020,5,4,2,24,1,1,4,4,10,66.66666667
121594,1,1,17,2,1,4,11,3,1,9,0,5,0,2,0,1,80,67,999,0,3,2,4,1,8,1,1,13,0,13,99,58,4,7,2020,7,21,2,30,1,1,4,3,1,40.0
121595,1,1,24,1,1,4,11,20,20,9,0,1,0,2,0,1,5,68,999,1,0,1,3,1,8,1,1,17,0,13,99,0,29,6,2020,2,22,2,12,2,2,1,3,1,50.0
121596,1,1,27,2,1,0,11,3,20,0,0,1,0,2,0,1,40,999,999,0,0,5,5,1,8,1,1,80,0,13,0,0,9,7,2020,5,3,2,8,1,1,1,2,1,25.0
121597,1,1,46,1,1,4,11,20,1,0,0,1,0,2,0,1,50,72,999,0,0,2,4,1,8,1,1,54,1,13,99,51,14,7,2020,3,1,2,12,1,1,1,2,1,100.0
121598,1,1,27,1,1,3,11,20,20,0,0,3,0,2,0,1,40,72,999,0,0,5,5,1,8,2,14,6,0,13,99,36,17,7,2020,6,16,2,12,1,1,1,1,10,40.0
121602,1,1,33,1,1,0,11,3,1,9,0,2,0,3,0,1,25,69,999,0,0,2,3,1,8,1,11,15,1,60,0,38,30,6,2020,3,21,2,12,2,2,1,3,1,33.33333333
121604,1,1,26,1,1,2,11,20,20,0,0,1,0,2,0,1,45,70,999,0,0,2,3,1,8,1,1,80,0,6,0,0,29,6,2020,2,22,2,8,1,1,1,2,1,50.0
121607,1,1,998,8,1,9,11,20,8,9,0,2,0,9,0,1,30,999,999,99,0,2,4,1,8,1,11,15,0,3,99,38,7,7,2020,3,21,2,12,2,3,1,2,1,25.0
121610,1,1,55,1,1,0,11,3,20,0,0,1,0,1,0,1,45,68,999,0,0,2,2,1,8,2,1,80,0,13,0,0,17,7,2020,6,21,2,8,1,1,1,2,2,50.0
121611,1,1,20,2,1,4,11,3,8,1,0,2,0,2,0,1,45,68,999,1,0,2,2,1,8,1,1,13,1,13,99,0,24,6,2020,4,19,2,38,1,1,4,1,1,50.0
121613,1,1,71,1,1,0,11,3,20,0,0,1,0,1,0,1,40,66,999,0,0,1,2,1,8,1,1,80,0,7,0,0,24,6,2020,4,21,2,8,1,1,1,2,1,50.0
121614,1,1,28,1,1,0,11,3,20,0,0,2,0,1,0,1,10,72,999,0,0,2,2,1,8,1,11,15,0,13,0,38,28,6,2020,1,20,2,12,2,2,1,5,1,33.33333333
121615,1,1,19,1,1,0,11,3,20,0,0,1,0,2,0,1,49,74,999,1,0,2,3,1,8,1,1,80,0,13,0,0,18,7,2020,7,23,2,8,3,3,1,3,1,50.0
121617,1,1,19,1,1,0,11,3,20,0,0,1,0,1,0,1,40,73,999,0,0,5,5,1,8,1,1,80,0,13,0,0,21,7,2020,3,21,2,8,1,1,1,3,1,50.0
121619,1,1,998,8,1,9,11,20,20,0,0,99,1,9,99,1,999,999,999,99,0,5,5,1,8,1,1,80,0,999,99,0,10,7,2020,6,22,2,8,1,1,1,2,1,50.0
121620,1,1,56,1,1,4,11,20,1,9,0,1,0,3,0,1,45,69,999,0,4,2,2,1,8,2,15,13,0,60,0,6,22,7,2020,4,13,2,33,1,1,4,1,2,100.0
121621,1,1,44,1,1,4,11,20,20,9,0,1,0,1,0,1,65,74,999,0,0,2,3,1,8,1,14,12,1,3,99,0,21,6,2020,1,2,2,33,3,3,3,3,1,100.0
121622,1,1,43,1,1,4,11,3,8,9,0,1,0,1,0,1,998,69,999,0,0,2,2,1,8,1,99,13,0,13,99,6,24,7,2020,6,22,2,18,1,1,4,3,1,100.0
121623,1,1,61,1,1,4,11,20,20,0,0,1,0,1,0,1,55,67,999,0,0,6,1,6,8,1,14,98,1,80,99,0,3,7,2020,6,12,2,1,20,1,1,1,1,100.0
121624,1,1,21,2,1,2,11,3,20,1,0,1,0,1,0,1,998,62,999,1,0,2,3,1,8,1,1,83,1,3,0,0,24,7,2020,6,20,2,9,3,3,1,3,1,50.0
121625,1,1,43,2,1,0,11,3,20,0,0,1,0,2,0,1,45,64,999,0,0,2,3,1,8,1,1,83,0,7,0,0,4,7,2020,7,23,2,9,1,1,1,3,1,50.0
121627,1,1,32,1,1,1,11,3,20,0,0,1,0,3,2,1,65,67,999,0,0,3,3,1,8,2,1,13,0,11,93,6,10,7,2020,6,6,2,14,1,1,5,4,10,33.33333333
121628,1,1,37,1,1,1,11,3,1,0,0,1,0,1,0,1,70,69,999,0,0,3,3,1,8,1,1,51,1,7,10,6,18,7,2020,7,2,2,12,1,1,1,2,10,50.0
121629,1,1,54,1,1,4,11,3,20,0,0,1,0,2,1,1,55,66,999,0,0,2,3,5,8,1,15,10,0,60,99,6,18,7,2020,7,21,2,12,18,1,1,3,10,25.0
121630,1,1,25,2,1,4,11,20,8,9,0,1,0,1,0,1,45,68,999,0,0,1,2,1,8,1,1,10,0,13,99,28,26,6,2020,6,22,2,12,1,1,1,2,1,66.66666667
121633,1,1,22,2,1,4,11,20,20,1,0,1,0,2,0,1,45,67,999,0,0,1,2,1,2,1,1,12,1,7,93,6,7,7,2020,3,23,2,1,1,1,4,2,10,100.0
121634,1,1,40,1,1,4,11,3,8,0,0,1,0,1,0,1,60,72,999,2,0,3,4,1,8,1,14,13,0,7,0,6,18,7,2020,7,20,2,1,1,1,4,3,1,100.0
121635,1,1,24,2,1,0,11,3,20,0,0,1,0,1,0,1,50,999,999,1,0,2,3,1,8,1,1,80,0,13,99,0,13,7,2020,2,21,2,8,3,2,1,3,1,50.0