ST_CASE,VEH_NO,PER_NO,AGE,SEX,PER_TYP,INJ_SEV,SEAT_POS,REST_USE,AIR_BAG,DRUGS,LOCATION,NUMOCCS,HIT_RUN,OWNER,V_CONFIG,HAZ_INV,TRAV_SP,DR_HGT,DR_WGT,PREV_SPD,SPEEDREL,VTRAFWAY,VNUM_LAN,VPROFILE,VPAVETYP,VSURCOND,P_CRASH1,P_CRASH2,DR_DRINK,VPICBODYCLASS,DRDISTRACT,DRIVERRF,DAY,MONTH,YEAR,DAY_WEEK,HOUR,RUR_URB,HARM_EV,RELJCT2,TYP_INT,REL_ROAD,LGT_COND,WEATHER,Fatality Rate (%)
123143,1,1,999,9,1,9,11,99,99,8,0,99,1,9,99,1,999,999,999,99,0,2,4,1,8,1,99,80,0,999,99,0,13,12,2020,1,2,2,8,1,1,1,3,1,33.33333333
123144,1,1,45,1,1,0,11,3,8,0,0,99,1,2,0,1,15,71,999,0,0,1,2,1,8,1,1,17,1,7,0,36,30,12,2020,4,19,2,12,2,3,1,2,1,33.33333333
123145,1,1,37,1,1,4,11,20,8,0,0,1,0,2,0,1,45,68,999,0,0,2,4,1,8,1,1,17,0,13,93,39,19,12,2020,7,12,2,12,2,3,1,1,10,33.33333333
123147,1,1,59,1,1,1,11,3,1,0,0,1,0,1,0,1,50,69,999,0,0,2,4,1,8,1,1,50,0,60,93,6,4,12,2020,6,7,2,12,3,3,1,4,10,20.0
123149,1,1,27,2,1,0,11,3,20,0,0,1,0,2,0,1,30,62,999,0,0,2,4,1,8,1,2,83,0,13,0,0,22,12,2020,3,7,2,9,1,1,1,4,1,50.0
123150,1,1,41,1,1,4,11,20,1,0,0,1,0,1,0,1,50,999,999,0,0,2,3,1,8,1,1,12,1,60,0,0,30,12,2020,4,20,2,42,1,1,3,2,1,33.33333333
123151,1,1,77,1,1,4,11,3,8,0,0,1,0,2,0,1,45,68,999,0,0,3,4,1,8,1,1,12,0,7,93,6,25,12,2020,6,18,2,24,3,2,3,5,1,50.0
123152,1,1,60,1,1,4,11,3,1,0,0,1,0,2,0,1,25,66,999,0,0,2,3,1,8,1,1,50,0,7,0,6,30,12,2020,4,6,2,12,3,3,1,3,10,33.33333333
123154,1,1,76,1,1,0,11,3,20,0,0,1,0,1,0,1,30,70,999,0,0,5,5,1,8,1,1,80,0,7,0,0,2,12,2020,4,19,2,8,1,1,1,3,1,50.0
123156,1,1,35,1,1,4,11,20,8,0,0,1,0,1,0,1,53,69,999,0,0,2,2,6,8,1,1,54,1,60,99,51,12,12,2020,7,21,2,12,1,1,1,3,1,50.0
123160,1,1,29,1,1,0,11,8,20,9,0,99,1,1,0,1,45,999,999,0,0,5,5,1,8,1,1,80,0,60,0,0,13,5,2020,4,5,2,8,1,1,1,6,1,33.33333333
123161,1,1,38,1,1,0,11,3,20,0,0,1,0,1,0,1,15,74,999,0,0,2,2,1,8,1,11,15,0,13,93,6,13,5,2020,4,12,2,8,2,2,1,1,1,50.0
123172,1,1,52,1,1,0,11,3,20,0,0,1,0,1,0,1,35,69,999,0,0,1,2,1,8,1,1,80,0,13,0,0,8,12,2020,3,5,2,8,1,1,1,2,1,33.33333333
123173,1,1,86,2,1,4,11,3,8,0,0,1,0,1,0,1,30,58,999,0,0,1,2,1,8,1,11,15,0,7,0,6,8,12,2020,3,14,2,12,2,2,1,1,1,25.0
123177,1,1,20,1,1,0,11,3,20,0,0,1,0,2,1,1,20,69,999,0,0,2,4,1,8,1,11,15,0,11,0,38,13,12,2020,1,13,2,12,2,2,1,1,1,50.0
123180,1,1,45,2,1,0,11,3,20,0,0,2,0,1,0,1,30,63,999,0,0,1,2,1,8,1,1,17,0,13,0,38,8,12,2020,3,9,2,12,2,2,1,1,1,33.33333333
123182,1,1,65,2,1,0,11,3,20,0,0,1,0,1,0,1,25,64,999,0,0,2,2,1,8,2,1,80,0,13,0,0,24,12,2020,5,18,2,8,1,1,1,3,1,50.0
123183,1,1,56,2,1,1,11,3,2,0,0,1,0,1,0,1,1,70,999,0,0,4,3,1,8,1,99,99,0,7,15,6,5,12,2020,7,18,2,12,1,1,1,3,1,50.0
123186,1,1,20,1,1,4,11,3,8,0,0,1,0,2,0,1,998,70,999,0,0,2,2,1,8,1,14,13,0,7,0,6,20,7,2020,2,2,2,30,1,1,4,3,1,100.0
123188,1,1,27,1,1,4,11,20,20,1,0,1,0,3,0,1,80,75,999,1,3,5,5,1,8,1,15,17,0,80,0,6,17,12,2020,5,8,2,12,8,1,1,1,10,50.0
123189,1,1,47,1,1,4,11,20,8,1,0,1,0,2,0,1,60,67,999,0,0,6,2,1,8,1,1,54,0,13,12,51,29,12,2020,3,19,2,12,20,1,1,3,1,60.0
123190,1,1,65,1,1,0,11,3,20,0,0,1,0,3,0,1,50,70,999,0,0,2,2,1,8,1,1,83,1,5,0,0,20,12,2020,1,12,2,9,3,3,1,1,10,50.0
123191,1,1,42,1,1,3,11,20,1,1,0,1,0,2,0,1,65,73,999,0,0,3,3,1,8,1,1,50,1,7,0,6,17,12,2020,5,18,2,12,18,1,1,5,1,14.28571429
123192,1,1,44,2,1,0,11,3,8,0,0,3,0,1,0,1,35,62,999,0,0,1,2,1,8,1,11,15,0,13,0,0,26,6,2020,6,22,2,12,2,2,1,3,1,25.0
123193,1,1,24,1,1,1,11,3,8,0,0,3,0,1,0,1,10,68,999,0,0,1,2,1,8,1,1,17,0,13,93,38,15,12,2020,3,16,2,12,2,3,1,1,1,25.0
123194,1,1,68,2,1,0,11,3,20,0,0,1,0,2,0,1,40,66,999,0,0,2,3,1,8,1,1,80,0,8,0,0,23,12,2020,4,18,2,8,3,3,1,2,1,50.0
123195,1,1,18,1,1,1,11,3,1,0,0,2,0,1,0,1,45,68,999,1,0,2,3,1,2,1,1,67,0,7,99,39,1,8,2020,7,19,2,12,2,3,1,1,1,50.0
123196,1,1,80,1,1,3,11,3,8,0,0,2,0,2,0,1,5,71,999,0,0,2,2,1,8,1,1,17,0,2,0,0,16,8,2020,1,19,2,12,2,2,1,1,1,33.33333333
123197,1,1,22,2,1,3,11,20,8,0,0,1,0,2,0,1,998,70,999,0,0,1,2,1,8,2,1,10,0,7,0,28,1,11,2020,1,17,2,12,3,2,1,2,2,50.0
123199,1,1,18,1,1,4,11,20,20,9,0,1,0,9,0,1,998,69,999,0,0,2,2,1,8,1,1,13,0,125,99,0,28,12,2020,2,2,2,1,1,1,4,3,1,100.0
123200,1,1,23,1,1,0,11,3,20,0,0,1,0,1,0,1,90,67,999,0,0,3,3,6,8,1,15,11,0,13,0,34,15,11,2020,1,0,2,12,18,1,1,3,10,50.0
123206,1,1,27,2,1,0,11,3,20,0,0,2,0,1,0,1,45,63,999,0,0,2,4,1,8,1,1,83,0,5,0,0,31,12,2020,5,20,2,9,1,1,1,3,1,33.33333333
123208,1,1,998,9,1,0,11,8,20,9,0,1,1,9,0,1,998,999,999,99,0,2,3,5,8,1,15,80,0,13,99,0,25,12,2020,6,21,2,8,3,3,1,3,1,50.0
123209,1,1,59,1,1,4,11,3,1,0,0,1,0,1,0,1,45,72,999,0,0,2,2,1,8,1,1,12,0,95,0,0,30,12,2020,4,15,2,12,3,2,1,1,1,50.0
123211,1,1,42,1,1,0,11,3,2,0,0,1,0,2,0,1,15,75,999,0,0,2,4,1,8,1,11,15,0,13,0,48,30,11,2020,2,12,2,12,2,2,1,1,1,50.0
123212,1,1,20,1,1,2,11,20,2,0,0,1,0,1,0,1,35,69,999,0,0,2,2,1,8,1,11,15,0,3,0,38,17,12,2020,5,20,2,12,2,3,1,3,1,50.0
123213,1,1,30,1,1,0,11,3,20,0,0,2,0,1,0,1,45,68,999,0,0,2,2,1,8,1,1,83,0,95,0,0,20,12,2020,1,17,2,9,1,1,1,3,1,33.33333333
123214,1,1,33,1,1,4,11,20,20,0,0,1,0,1,0,1,50,72,999,0,3,1,2,6,8,1,1,62,0,85,0,0,28,12,2020,2,16,2,1,2,3,1,1,1,33.33333333
123215,1,1,32,1,1,4,11,99,1,1,0,1,0,4,0,1,998,71,999,0,0,1,2,1,8,1,14,12,1,13,99,0,13,8,2020,5,3,2,42,1,1,4,2,1,100.0
123216,1,1,32,1,1,4,11,20,20,1,0,1,0,2,0,1,60,68,999,0,0,3,4,1,8,1,1,13,0,80,99,6,6,12,2020,1,1,2,8,1,1,4,3,1,50.0
123217,1,1,57,1,1,0,11,3,3,0,0,2,0,1,0,1,5,78,999,0,0,1,2,1,8,1,13,20,0,13,0,38,7,5,2020,5,0,2,12,2,3,1,2,1,33.33333333
123220,1,1,21,2,1,0,11,3,20,0,0,1,0,2,0,1,40,68,999,0,0,2,3,1,8,1,1,80,0,60,0,0,16,10,2020,6,21,2,8,3,2,1,2,1,50.0
123221,1,1,56,1,1,4,11,20,1,0,0,1,0,1,0,1,60,68,999,0,0,1,2,1,8,1,1,14,0,7,99,39,19,12,2020,7,12,2,43,3,3,4,1,1,100.0
123222,1,1,17,1,1,0,11,3,20,0,0,4,0,2,1,1,10,75,999,0,0,2,3,1,8,1,11,83,0,60,99,6,20,10,2020,3,11,2,15,3,2,1,1,1,20.0
123225,1,1,25,2,1,2,11,3,1,0,0,1,0,2,0,1,30,70,999,0,0,1,2,1,8,1,1,17,0,2,99,38,27,6,2020,7,7,2,12,2,2,1,1,1,50.0
123228,1,1,33,1,1,0,11,3,20,0,0,1,0,1,0,1,40,71,999,2,0,2,2,1,2,1,1,80,0,3,0,0,17,2,2020,2,0,2,8,3,2,1,3,1,50.0
123230,1,1,50,1,1,4,11,3,8,0,0,1,0,1,0,1,25,67,165,0,0,6,2,1,8,1,11,15,1,13,93,38,30,5,2020,7,22,2,12,2,3,1,2,1,16.66666667
123236,1,1,31,2,1,3,11,20,8,0,0,2,0,1,0,1,10,68,999,0,0,2,4,1,8,1,1,17,0,13,93,39,9,9,2020,4,19,2,12,2,2,1,3,1,20.0
123243,1,1,24,1,1,4,11,20,20,0,0,1,0,0,0,1,100,66,999,3,0,1,2,1,8,2,14,10,1,80,0,36,18,6,2020,5,12,2,12,1,1,1,1,2,50.0
123244,1,1,32,1,1,4,11,99,1,9,0,1,0,2,0,1,51,999,999,0,3,2,4,1,8,1,1,13,0,60,99,0,23,11,2020,2,23,2,33,1,1,4,3,1,100.0
123245,1,1,49,2,1,0,11,3,8,0,0,2,0,1,0,1,45,64,999,0,0,1,2,1,8,1,1,80,0,3,0,0,4,9,2020,6,21,2,8,1,1,1,3,1,33.33333333
123246,1,1,24,1,1,4,11,20,20,9,0,1,0,1,0,1,70,66,999,0,0,1,5,1,8,1,6,54,0,80,99,6,4,9,2020,6,13,2,12,1,1,1,1,1,50.0
123250,1,1,21,1,1,3,11,3,8,0,0,1,0,2,0,1,65,73,999,0,0,1,5,1,8,1,1,54,0,7,0,6,27,12,2020,1,16,2,12,2,2,1,1,1,10.0
123255,1,1,86,1,1,4,11,20,20,0,0,1,0,1,0,1,25,72,999,0,0,1,2,1,8,1,1,98,0,124,0,0,11,12,2020,6,8,2,1,3,3,1,1,1,100.0
123257,1,1,19,2,1,0,11,3,8,0,0,1,0,2,0,1,998,63,999,0,0,2,2,1,8,1,1,67,0,7,99,39,18,12,2020,6,16,2,12,2,3,1,1,1,33.33333333
123276,1,1,36,2,1,0,11,3,20,0,0,2,0,2,0,1,998,63,999,0,0,1,2,1,8,1,99,98,0,7,0,0,18,5,2020,2,1,2,5,1,1,1,6,10,50.0
123279,1,1,44,2,1,4,11,20,8,0,0,3,0,1,0,1,65,60,999,0,0,2,4,1,8,1,98,12,0,13,99,6,15,11,2020,1,19,2,26,3,2,3,3,1,33.33333333
123281,1,1,999,9,1,0,11,99,99,8,0,99,1,9,99,1,999,999,999,99,0,1,2,1,8,1,99,99,0,999,99,0,11,12,2020,6,0,2,1,3,3,1,3,1,50.0
123283,1,1,73,1,1,1,11,3,20,0,0,2,0,1,0,1,45,72,999,0,0,2,3,6,8,1,1,80,0,60,0,0,22,12,2020,3,19,2,8,3,2,1,3,1,25.0
123286,1,1,26,1,1,4,11,3,20,1,0,1,0,1,0,1,75,71,999,0,0,3,3,1,8,1,14,12,0,13,99,6,3,11,2020,3,12,2,14,1,1,3,1,1,50.0
123302,1,1,35,1,1,4,11,20,20,9,0,1,0,1,0,1,70,73,999,0,0,3,3,1,8,1,1,62,1,98,0,6,17,8,2020,2,23,2,12,2,2,1,3,1,50.0
130001,1,1,72,2,1,4,11,3,20,0,0,1,0,1,0,1,998,999,999,0,0,2,4,2,1,1,14,13,0,13,96,0,1,1,2020,4,13,2,24,1,1,4,1,1,100.0
130002,1,1,43,1,1,0,11,3,20,0,0,1,0,1,0,1,998,999,999,99,0,5,5,1,2,1,1,80,0,60,12,0,1,1,2020,4,15,2,8,1,1,1,1,1,50.0
130003,1,1,24,1,1,0,11,3,20,0,0,1,0,3,0,1,998,999,999,0,0,2,2,1,2,1,1,80,0,13,0,16,1,1,2020,4,1,2,8,1,1,1,2,1,50.0
130004,1,1,55,1,1,4,11,20,9,0,0,1,0,1,0,1,998,999,999,3,0,2,2,1,2,1,1,17,0,13,96,0,2,1,2020,5,5,2,12,2,2,1,2,10,50.0
130005,1,1,64,1,1,4,11,3,20,1,0,1,0,1,0,1,998,999,999,0,0,2,2,1,2,2,10,66,1,13,0,0,2,1,2020,5,7,2,12,3,3,1,3,2,50.0
130006,1,1,84,1,1,4,11,3,1,1,0,1,0,1,0,1,998,999,999,0,0,1,3,1,2,1,1,19,1,60,0,0,2,1,2020,5,9,2,12,2,2,1,1,98,33.33333333
130007,1,1,33,1,1,0,11,1,20,0,0,2,0,2,0,1,998,999,999,0,0,4,2,1,2,1,1,80,0,13,0,0,2,1,2020,5,19,2,8,1,1,1,2,1,33.33333333
130008,1,1,18,1,1,0,11,3,20,0,0,1,0,1,0,1,998,999,999,0,0,1,2,1,2,1,1,80,0,60,99,86,2,1,2020,5,18,2,8,1,1,1,5,1,33.33333333
130010,1,1,57,1,1,1,11,3,1,0,0,1,0,1,0,1,998,999,999,0,3,1,3,1,2,2,14,10,0,60,0,6,3,1,2020,6,16,2,12,1,1,1,1,2,20.0
130011,1,1,77,1,1,4,11,3,20,1,0,1,0,1,0,1,998,999,999,0,0,3,5,1,1,2,14,13,0,7,0,0,3,1,2020,6,0,2,24,1,1,4,2,10,100.0
130012,1,1,50,1,1,4,11,20,8,0,0,1,0,1,0,1,998,999,999,0,9,1,2,1,2,2,1,13,1,13,0,6,3,1,2020,6,16,2,34,1,1,4,1,10,100.0
130013,1,1,55,1,1,0,11,3,20,0,0,1,0,1,0,1,998,999,999,0,0,1,7,1,2,2,1,80,0,5,0,0,3,1,2020,6,18,2,8,3,2,1,3,2,50.0
130015,1,1,81,1,1,4,11,3,20,1,0,2,0,1,0,1,998,999,999,1,0,1,2,1,2,2,1,17,1,13,0,0,4,1,2020,7,10,2,12,2,3,1,1,10,25.0
130016,1,1,72,1,1,0,11,99,20,8,0,1,1,2,0,1,998,999,999,0,0,1,5,1,2,2,1,99,0,7,99,999,4,1,2020,7,6,2,8,3,3,1,3,1,50.0
130018,1,1,23,1,1,0,11,3,9,0,0,3,0,2,0,1,998,999,999,3,0,1,2,1,2,1,1,10,0,2,19,51,5,1,2020,1,7,2,12,1,1,1,1,1,25.0
130019,1,1,39,2,1,0,11,3,1,1,0,4,0,1,0,1,998,999,999,1,0,3,4,1,2,1,11,15,1,7,0,0,5,1,2020,1,18,2,12,2,2,1,5,10,20.0
130020,1,1,27,1,1,4,11,20,9,0,0,1,0,1,0,1,998,999,999,0,3,1,2,2,2,1,14,10,0,3,96,36,6,1,2020,2,23,2,12,1,1,1,2,1,50.0
130021,1,1,27,1,1,0,11,98,20,0,0,1,1,2,0,1,998,999,999,0,0,1,2,1,1,1,1,13,0,13,19,28,6,1,2020,2,10,2,8,1,1,2,1,1,50.0
130022,1,1,27,1,1,4,11,20,8,1,0,2,0,2,0,1,124,69,143,0,3,3,2,1,2,2,3,13,1,13,0,6,7,1,2020,3,4,2,1,1,1,4,2,10,100.0
130026,1,1,30,1,1,4,11,20,1,0,0,1,0,1,0,1,998,999,999,1,4,3,4,1,1,2,6,13,1,13,0,0,10,1,2020,6,23,2,18,1,1,4,2,2,100.0
130027,1,1,54,2,1,2,11,3,20,0,0,1,0,1,0,1,998,999,999,0,0,2,3,2,2,1,1,18,0,3,0,0,10,1,2020,6,19,2,8,1,1,1,2,10,50.0
130028,1,1,61,1,1,0,11,3,20,0,0,1,0,1,0,1,998,999,999,1,0,5,5,1,2,1,1,80,0,13,0,0,10,1,2020,6,18,2,8,1,1,1,3,1,50.0
130032,1,1,53,1,1,4,11,3,1,0,0,1,0,2,0,1,998,999,999,0,0,3,3,1,2,1,15,10,0,3,98,0,10,1,2020,6,8,2,42,1,1,3,1,10,100.0
130034,1,1,17,2,1,4,11,3,9,1,0,1,0,2,0,1,998,999,999,0,3,1,2,2,2,1,14,10,1,3,0,0,12,1,2020,1,19,2,12,3,3,1,2,10,50.0
130037,1,1,70,1,1,0,11,3,20,0,0,1,0,2,0,1,998,999,999,0,0,2,4,1,2,2,1,19,0,60,0,0,13,1,2020,2,22,2,8,1,1,1,2,5,50.0
130039,1,1,44,2,1,0,11,2,20,0,0,99,1,4,0,1,998,999,999,0,0,2,4,1,2,2,99,99,0,13,99,0,14,1,2020,3,19,2,8,1,1,1,2,2,50.0
130040,1,1,26,1,1,4,11,20,1,0,0,1,0,2,0,1,998,999,999,3,4,1,2,1,2,2,1,10,1,60,0,0,14,1,2020,3,18,2,42,1,1,4,2,2,100.0
130042,1,1,999,9,1,0,11,3,9,0,0,99,1,4,0,1,998,999,999,1,9,1,2,1,1,2,99,99,0,13,99,999,15,1,2020,4,2,2,8,1,1,1,2,10,50.0
130044,1,1,46,1,1,0,11,3,9,0,0,1,0,1,0,1,998,999,999,2,0,1,2,2,2,1,1,9,0,60,0,0,16,1,2020,5,15,2,12,3,3,1,1,1,25.0
130045,1,1,62,1,1,4,11,99,1,0,0,1,0,9,99,1,998,999,999,0,0,2,4,1,2,1,1,66,0,999,0,0,16,1,2020,5,22,2,12,8,1,1,2,1,50.0
130046,1,1,54,1,1,0,11,3,20,0,0,1,0,1,0,1,998,999,999,0,0,1,4,1,2,2,1,80,0,13,0,0,16,1,2020,5,2,2,8,1,1,1,2,2,50.0
130048,1,1,88,1,1,4,11,3,1,0,0,1,0,1,0,1,998,999,999,0,0,1,2,3,2,2,11,3,0,13,96,0,16,2,2020,1,17,2,17,1,1,4,1,1,100.0
130049,1,1,46,1,1,4,11,20,1,1,0,2,0,1,0,1,998,999,999,99,9,1,2,1,2,1,99,13,1,60,0,0,1,2,2020,7,18,2,32,1,1,4,5,1,100.0
130053,1,1,19,1,1,4,11,3,1,0,0,1,0,2,0,1,998,999,999,0,4,1,2,1,2,2,1,10,0,1,0,0,16,1,2020,5,22,2,53,1,1,4,2,2,100.0
130054,1,1,72,1,1,4,11,20,1,0,0,1,0,1,0,1,998,999,999,0,0,3,6,1,2,1,1,18,0,13,96,0,28,1,2020,3,20,2,12,1,1,1,2,1,16.66666667
130056,1,1,36,1,1,4,11,3,1,0,0,1,0,1,0,1,998,73,999,0,9,3,4,1,1,1,6,10,0,13,96,27,18,1,2020,7,14,2,24,1,1,3,1,1,100.0
130058,1,1,21,1,1,4,11,20,1,0,0,1,0,1,0,1,998,999,999,0,4,3,6,1,2,1,1,19,0,13,0,36,18,1,2020,7,4,2,12,1,1,1,3,1,50.0
130059,1,1,34,1,1,4,11,20,1,1,0,1,0,1,0,1,998,999,999,0,3,1,2,1,2,1,1,10,1,3,0,37,19,1,2020,1,17,2,34,1,1,4,1,1,100.0
130060,1,1,70,2,1,4,11,3,20,8,0,1,0,1,0,1,998,999,999,0,0,1,3,1,2,1,10,17,0,7,96,38,16,1,2020,5,18,2,12,4,1,1,1,1,50.0
130061,1,1,73,1,1,2,11,3,1,0,0,2,0,1,0,1,998,999,999,1,0,2,4,1,2,1,1,10,0,7,0,0,21,1,2020,3,15,2,24,1,1,4,1,1,50.0
130062,1,1,73,1,1,4,11,20,8,0,0,1,0,1,0,1,998,999,999,0,0,1,5,1,2,1,11,21,0,13,0,28,22,1,2020,4,17,2,12,2,3,1,1,1,33.33333333
130063,1,1,49,1,1,2,11,3,8,1,0,1,0,1,0,1,998,999,999,0,0,1,5,1,2,2,1,66,1,60,96,87,18,1,2020,7,18,2,12,2,3,1,5,2,50.0
130064,1,1,998,9,9,9,99,99,99,9,0,99,1,9,99,1,998,998,997,998,8,2,4,1,2,1,0,99,0,999,16,0,19,1,2020,1,0,2,8,3,2,1,2,1,50.0
130065,1,1,50,1,1,4,11,99,20,0,0,1,0,3,6,1,998,999,999,99,0,3,6,1,2,2,1,19,0,66,0,0,24,1,2020,6,1,2,25,1,1,4,2,2,66.66666667
130068,1,1,21,2,1,2,11,3,9,1,0,1,0,1,0,1,998,999,999,0,0,2,2,1,2,2,11,15,1,13,0,38,24,1,2020,6,16,2,12,2,3,1,1,2,50.0
130071,1,1,26,1,1,0,11,20,9,0,0,2,0,2,0,1,998,999,999,99,4,2,3,1,2,1,1,13,0,119,0,37,25,1,2020,7,20,2,33,1,1,4,2,1,50.0
130074,1,1,21,1,1,0,11,3,20,0,0,1,0,1,0,1,998,999,999,2,0,1,2,1,2,1,1,80,0,60,0,0,26,1,2020,1,21,2,8,1,1,1,2,1,50.0
130075,1,1,27,2,1,4,11,2,8,1,0,1,0,2,0,1,998,67,999,0,0,3,3,1,1,1,1,51,0,7,96,26,22,1,2020,4,6,2,12,1,1,1,2,1,50.0
130077,1,1,28,2,1,0,11,20,20,0,0,4,0,1,0,1,998,999,999,0,0,1,2,1,2,2,1,80,0,13,0,0,27,1,2020,2,7,2,8,1,1,1,4,2,20.0
130078,1,1,56,2,1,2,11,3,1,1,0,1,0,1,0,1,998,999,999,0,0,1,5,2,2,1,11,15,1,3,96,38,28,1,2020,3,6,2,12,2,2,1,3,1,50.0
130079,1,1,31,1,1,0,11,3,1,0,0,1,0,1,0,1,998,999,999,2,0,1,5,1,2,1,11,15,0,5,96,0,28,1,2020,3,6,2,12,2,2,1,4,1,50.0
130081,1,1,998,1,1,0,11,3,20,0,0,1,0,1,0,1,998,999,999,0,0,2,2,1,2,1,11,15,0,13,0,0,25,1,2020,7,9,2,8,3,2,1,1,1,50.0
130082,1,1,30,1,1,2,11,20,1,1,0,1,0,1,0,1,998,999,999,2,0,1,2,1,2,1,14,10,0,7,0,36,23,1,2020,5,14,2,12,1,1,1,1,1,33.33333333
130085,1,1,34,1,1,3,11,20,20,0,0,2,0,1,0,1,998,999,999,0,0,2,2,1,2,2,1,17,0,60,96,38,29,1,2020,4,18,2,12,2,2,1,2,2,33.33333333
130086,1,1,49,1,1,4,11,3,20,8,0,2,0,1,0,1,998,999,999,0,0,1,5,1,1,2,99,99,0,13,0,0,6,2,2020,5,17,2,42,1,1,5,1,2,50.0
130089,1,1,32,2,1,4,11,20,8,0,0,1,0,2,0,1,998,999,999,0,3,2,4,1,2,1,14,10,0,7,96,51,30,1,2020,5,17,2,12,1,1,1,1,1,33.33333333
130090,1,1,55,1,1,0,11,99,20,0,0,1,0,1,0,1,998,999,999,0,0,5,7,3,1,2,1,80,0,60,96,86,31,1,2020,6,18,2,8,1,1,1,2,2,50.0
130092,1,1,18,1,1,3,11,99,20,0,0,2,0,2,0,1,998,999,999,0,3,4,2,1,1,1,3,11,0,13,0,40,21,1,2020,3,21,2,12,1,1,1,2,1,16.66666667
130093,1,1,37,1,1,1,11,3,20,0,0,2,0,1,0,1,998,999,999,0,0,1,4,1,2,1,1,18,0,13,0,0,24,1,2020,6,18,2,8,1,1,1,2,1,33.33333333
130094,1,1,37,2,1,0,11,3,20,0,0,1,0,1,6,1,998,999,999,0,0,3,6,1,2,1,1,61,0,66,0,0,26,1,2020,1,22,2,12,1,1,1,2,10,14.28571429
130098,1,1,18,1,1,0,11,3,20,0,0,1,0,2,0,1,998,999,999,0,0,1,4,1,2,2,1,80,0,2,0,0,4,3,2020,4,20,2,8,2,2,1,2,2,50.0
130099,1,1,44,1,1,4,11,99,20,0,0,1,0,3,6,2,998,999,999,0,0,3,6,1,2,1,99,99,0,66,0,0,1,2,2020,7,7,2,12,1,1,1,1,1,100.0
130101,1,1,19,1,1,4,11,20,8,0,0,1,0,2,0,1,998,999,999,0,3,1,2,1,2,2,1,13,0,13,0,0,15,3,2020,1,14,2,42,1,1,4,1,10,100.0
130102,1,1,32,2,1,4,11,20,8,1,0,1,0,1,0,1,998,999,999,1,4,1,2,2,2,2,14,6,0,7,0,50,23,3,2020,2,15,2,12,1,1,1,1,2,25.0
130103,1,1,34,1,1,4,11,20,98,0,0,1,0,1,0,1,998,999,999,0,0,2,6,1,2,1,1,62,0,80,0,0,1,4,2020,4,20,2,12,2,3,1,2,1,50.0
130104,1,1,42,1,1,4,11,20,20,0,0,1,0,3,6,1,998,999,999,0,0,3,4,1,2,1,1,10,0,66,5,6,9,4,2020,5,20,2,25,1,1,3,3,10,50.0
130105,1,1,61,1,1,0,11,3,20,8,0,1,0,1,0,1,998,999,999,0,0,2,2,1,2,1,10,80,0,60,96,48,1,2,2020,7,15,2,8,3,2,1,1,10,50.0
130107,1,1,38,2,1,0,11,3,20,0,0,3,0,2,0,1,998,999,999,0,0,1,2,2,2,1,1,67,0,60,0,38,16,5,2020,7,21,2,12,2,2,1,2,1,25.0
130109,1,1,20,2,1,0,11,3,20,8,0,1,0,2,0,1,998,63,190,0,3,1,3,2,2,2,1,83,0,7,96,0,10,2,2020,2,17,2,9,1,1,1,5,2,50.0
130110,1,1,69,1,1,4,11,20,9,0,0,1,0,1,0,1,998,999,999,0,0,0,0,0,0,0,13,20,1,8,96,31,17,2,2020,2,14,2,12,8,1,1,1,10,50.0
130111,1,1,17,1,1,4,11,3,9,8,0,2,0,2,0,1,998,999,999,0,0,0,0,0,0,0,11,15,0,3,96,38,8,2,2020,7,21,2,12,8,1,1,3,10,33.33333333
130112,1,1,21,2,1,4,11,20,8,0,0,3,0,2,0,1,998,999,999,3,0,1,4,1,2,2,14,9,0,13,96,0,8,2,2020,7,20,2,12,1,1,1,3,2,20.0
130113,1,1,15,1,1,3,11,20,8,1,0,3,0,2,0,1,998,999,999,99,3,5,3,1,2,2,14,6,0,13,96,37,17,2,2020,2,1,2,30,1,1,4,3,10,33.33333333
130114,1,1,67,2,1,4,11,3,9,0,0,1,0,1,0,1,998,999,999,0,0,1,2,1,1,2,14,10,0,7,96,0,20,2,2020,5,14,2,12,1,1,1,1,2,50.0
130115,1,1,18,1,1,4,11,20,9,9,0,1,0,2,0,1,998,999,999,0,0,1,4,2,2,1,1,14,0,13,96,39,28,2,2020,6,5,2,39,3,3,4,3,1,100.0
130116,1,1,26,1,1,1,11,3,9,8,0,2,0,1,0,1,998,999,999,0,0,2,4,1,2,1,11,15,0,60,96,38,9,2,2020,1,19,2,12,2,2,1,3,10,33.33333333
130117,1,1,47,1,1,4,11,20,20,1,0,1,0,3,1,1,998,999,999,0,0,1,3,2,2,1,10,12,1,11,96,0,19,2,2020,4,12,2,59,3,2,3,1,10,33.33333333
130120,1,1,20,1,1,3,11,3,20,0,0,2,0,1,0,1,998,999,999,0,3,1,3,2,2,1,14,6,1,13,96,91,7,6,2020,1,0,2,34,1,1,4,2,1,50.0
130121,1,1,998,8,1,9,11,98,98,8,0,99,1,9,99,1,998,999,999,99,9,3,4,3,2,1,10,80,0,999,96,36,13,2,2020,5,19,2,8,3,3,1,2,1,50.0
130122,1,1,22,2,1,0,11,99,9,1,0,1,1,2,0,1,998,999,999,1,0,3,4,1,2,1,15,11,1,13,96,36,15,2,2020,7,1,2,12,1,1,1,2,1,20.0