ST_CASE,VEH_NO,PER_NO,AGE,SEX,PER_TYP,INJ_SEV,SEAT_POS,REST_USE,AIR_BAG,DRUGS,LOCATION,NUMOCCS,HIT_RUN,OWNER,V_CONFIG,HAZ_INV,TRAV_SP,DR_HGT,DR_WGT,PREV_SPD,SPEEDREL,VTRAFWAY,VNUM_LAN,VPROFILE,VPAVETYP,VSURCOND,P_CRASH1,P_CRASH2,DR_DRINK,VPICBODYCLASS,DRDISTRACT,DRIVERRF,DAY,MONTH,YEAR,DAY_WEEK,HOUR,RUR_URB,HARM_EV,RELJCT2,TYP_INT,REL_ROAD,LGT_COND,WEATHER,Fatality Rate (%)
130123,1,1,54,1,1,4,11,3,20,1,0,1,0,2,0,1,998,999,999,0,3,1,2,2,2,1,1,12,1,60,96,0,15,2,2020,7,22,2,42,1,1,4,2,1,100.0
130124,1,1,16,1,1,4,11,3,8,1,0,1,0,2,0,1,998,999,999,0,3,2,2,2,2,2,14,6,0,13,96,0,16,2,2020,1,19,2,33,1,1,4,3,2,100.0
130125,1,1,33,1,1,0,11,3,20,8,0,2,0,1,0,1,998,999,999,0,0,2,3,1,2,1,1,80,0,13,96,0,22,2,2020,7,23,2,8,18,1,1,2,1,33.33333333
130126,1,1,25,1,1,4,11,99,8,0,0,1,0,2,0,1,998,999,999,0,0,6,2,1,2,1,1,54,0,13,96,50,29,2,2020,7,4,2,12,5,1,1,2,1,33.33333333
130127,1,1,21,2,1,0,11,3,9,8,0,1,0,2,0,1,998,999,999,0,0,2,5,1,2,1,11,15,0,13,96,38,22,2,2020,7,16,2,12,2,2,1,1,1,50.0
130128,1,1,42,1,1,2,11,20,9,1,0,1,0,1,0,1,70,999,999,0,3,2,3,1,2,1,1,62,1,13,96,36,23,2,2020,1,17,2,12,2,2,1,1,10,50.0
130129,1,1,54,2,1,0,11,3,20,8,0,1,0,1,0,1,998,999,999,0,0,1,5,2,2,1,14,80,0,7,96,0,27,2,2020,5,17,2,8,1,1,1,1,1,50.0
130130,1,1,19,1,1,4,11,20,9,0,0,5,0,2,0,1,998,999,999,0,3,1,3,1,2,1,1,6,0,7,96,37,27,2,2020,5,21,2,42,1,1,4,3,1,20.0
130131,1,1,24,1,1,0,11,3,3,0,0,1,0,2,0,1,998,999,999,0,0,2,3,1,2,1,2,53,0,60,96,0,29,2,2020,7,22,2,12,1,1,1,2,1,25.0
130132,1,1,41,1,1,0,11,3,20,8,0,1,0,2,0,1,998,999,999,5,0,2,3,1,2,2,1,80,0,7,96,0,31,1,2020,6,23,2,8,1,1,1,3,1,50.0
130133,1,1,63,1,1,0,11,3,20,0,0,1,0,1,0,1,998,999,999,0,0,2,4,1,2,1,11,15,0,7,0,0,15,2,2020,7,19,2,12,8,1,1,1,1,50.0
130134,1,1,32,2,1,0,11,3,20,0,0,2,0,1,0,1,998,999,999,0,0,2,4,1,2,1,1,80,0,13,0,0,19,4,2020,1,0,2,8,1,1,1,2,1,33.33333333
130135,1,1,35,1,1,4,11,3,9,0,0,1,0,2,0,1,998,999,999,1,0,1,4,1,2,1,1,99,0,7,0,0,3,2,2020,2,16,2,12,1,1,1,1,1,50.0
130138,1,1,40,1,1,1,11,20,9,1,0,1,0,2,0,1,998,73,215,0,3,1,2,1,2,1,1,14,1,8,0,36,1,2,2020,7,13,2,33,3,3,4,1,1,50.0
130140,1,1,39,1,1,2,11,20,9,1,0,1,0,1,0,1,998,999,999,1,0,1,2,1,2,1,1,10,1,60,0,0,3,2,2020,2,9,2,12,1,1,1,1,1,50.0
130141,1,1,32,1,1,4,11,3,9,9,0,2,0,2,0,1,998,999,999,0,0,3,5,1,2,1,1,11,0,13,99,0,3,2,2020,2,4,2,30,1,1,4,3,1,50.0
130143,1,1,49,2,1,4,11,20,20,0,0,1,0,1,0,1,998,999,999,0,3,1,2,1,2,1,3,13,0,13,0,0,3,2,2020,2,14,2,1,1,1,4,1,1,100.0
130146,1,1,53,1,1,4,11,20,9,8,0,1,0,1,0,1,998,999,999,99,3,2,4,1,2,1,1,10,1,1,0,0,7,2,2020,6,18,2,12,1,1,1,3,1,60.0
130147,1,1,48,1,1,0,11,3,20,0,0,2,0,2,0,1,998,999,999,0,0,2,4,1,2,2,1,19,0,7,0,0,10,2,2020,2,22,2,8,3,11,1,2,2,33.33333333
130148,1,1,27,1,1,0,11,3,20,0,0,2,0,1,0,1,998,999,999,1,0,5,8,1,2,2,1,80,0,60,96,0,4,3,2020,4,21,2,8,8,1,1,2,2,33.33333333
130149,1,1,66,2,1,0,11,20,20,0,0,3,0,1,0,1,998,999,999,0,0,3,3,1,2,1,11,15,0,13,96,38,7,3,2020,7,20,2,12,8,1,1,2,1,25.0
130150,1,1,29,1,1,4,11,20,8,0,0,1,0,2,0,1,998,999,999,0,4,3,5,1,2,1,1,6,0,3,96,0,7,3,2020,7,2,2,52,19,1,8,3,1,100.0
130151,1,1,999,9,1,9,11,99,9,0,0,3,1,9,0,1,998,999,999,99,2,1,4,1,2,1,99,99,0,13,99,6,1,3,2020,1,22,2,12,2,2,1,3,1,20.0
130152,1,1,22,2,1,2,11,3,20,0,0,3,0,2,0,1,998,999,999,0,0,1,2,1,2,2,14,13,0,13,92,87,2,3,2020,2,13,2,12,1,1,1,1,2,25.0
130154,1,1,51,1,1,0,11,3,20,0,0,1,0,3,2,1,998,999,999,0,0,2,2,1,2,2,1,80,0,11,0,0,11,2,2020,3,4,2,8,1,1,1,2,4,50.0
130157,1,1,56,2,1,4,11,20,9,0,0,1,0,1,0,1,998,999,999,0,0,1,4,1,2,1,1,10,0,13,0,0,9,2,2020,1,20,2,12,1,1,1,2,1,50.0
130158,1,1,29,2,1,1,11,99,20,1,0,1,0,3,0,1,998,999,999,2,0,1,4,1,2,1,11,54,1,13,0,16,10,2,2020,2,19,2,12,4,1,1,1,10,50.0
130161,1,1,86,2,1,4,11,3,9,0,0,1,0,1,0,1,998,999,999,0,0,1,2,1,2,2,11,15,0,13,0,0,12,2,2020,4,6,2,12,2,2,1,1,2,25.0
130163,1,1,19,1,1,2,11,20,9,1,0,1,0,3,0,1,998,999,999,0,0,2,3,1,2,1,11,15,1,60,0,0,12,2,2020,4,9,2,12,2,2,1,1,1,16.66666667
130165,1,1,39,1,1,0,11,3,20,0,0,1,0,1,0,1,998,999,999,0,0,1,2,2,2,2,1,80,0,7,96,0,2,3,2020,2,19,2,8,1,1,1,2,2,50.0
130166,1,1,30,1,1,4,11,3,20,0,0,1,0,1,0,1,0,73,170,0,0,3,5,2,2,2,5,53,1,7,96,54,2,3,2020,2,23,2,12,18,1,1,2,2,50.0
130167,1,1,52,2,1,1,11,3,9,0,0,1,0,2,0,1,998,999,999,0,0,2,4,1,2,1,1,80,0,13,0,0,14,2,2020,6,22,2,8,1,1,1,2,1,50.0
130168,1,1,43,1,1,4,11,20,20,0,0,1,0,1,0,1,63,999,999,0,3,2,3,2,2,1,1,62,0,80,96,0,7,3,2020,7,15,2,12,2,3,1,1,1,50.0
130169,1,1,69,2,1,0,11,3,20,0,0,1,0,1,0,1,998,999,999,0,0,1,4,1,2,2,1,90,0,13,96,0,4,3,2020,4,14,2,18,1,1,1,1,2,25.0
130171,1,1,998,8,1,9,11,98,98,8,0,99,1,9,99,1,998,999,999,99,0,2,1,1,2,1,1,80,0,999,96,0,3,3,2020,3,22,2,8,1,1,1,2,10,50.0
130172,1,1,998,1,1,2,11,20,20,9,0,3,1,2,0,1,998,999,999,99,5,3,2,1,1,1,15,52,0,60,96,36,10,3,2020,3,15,2,12,18,1,1,1,10,20.0
130173,1,1,30,1,1,0,11,3,20,8,0,1,0,1,0,1,998,999,999,2,0,5,5,1,2,1,1,81,0,13,96,0,9,3,2020,2,7,2,8,1,1,1,2,1,50.0
130174,1,1,27,2,1,4,11,3,9,0,0,1,0,1,0,1,998,999,999,3,0,3,7,1,1,1,15,10,1,13,96,27,15,3,2020,1,19,2,12,1,1,1,3,10,25.0
130175,1,1,60,1,1,0,11,3,20,0,0,1,0,3,1,1,998,999,999,0,0,1,5,1,2,1,1,80,0,11,96,0,20,3,2020,6,3,2,8,2,2,1,3,1,50.0
130177,1,1,38,1,1,4,11,3,8,0,0,1,0,1,0,1,998,999,999,0,0,3,3,1,1,1,1,11,1,13,96,28,20,3,2020,6,0,2,14,19,1,2,3,1,50.0
130179,1,1,28,1,1,0,11,99,20,1,0,1,0,2,0,1,998,999,999,0,0,2,4,1,1,1,14,80,1,13,96,0,13,3,2020,6,20,2,8,18,1,1,3,1,50.0
130180,1,1,27,1,1,4,11,20,9,0,0,1,0,3,0,1,998,999,999,1,4,5,5,2,2,1,1,6,0,13,96,16,18,3,2020,4,1,2,39,1,1,4,2,1,100.0
130182,1,1,25,2,1,4,11,20,20,8,0,2,0,2,0,1,998,999,999,0,0,3,2,1,1,1,1,98,0,7,96,8,13,3,2020,6,14,2,1,1,1,4,1,10,50.0
130183,1,1,52,1,1,4,11,3,9,0,0,1,0,2,0,1,998,999,999,0,0,1,2,1,2,2,1,9,0,7,93,6,23,3,2020,2,6,2,42,1,1,4,2,2,50.0
130184,1,1,25,1,1,0,11,3,20,0,0,1,0,1,0,1,998,999,999,1,0,2,5,2,2,1,14,19,0,60,0,0,26,3,2020,5,4,2,8,3,3,1,2,1,33.33333333
130185,1,1,35,1,1,3,11,3,8,0,0,2,0,4,0,1,998,999,999,0,3,1,4,1,2,1,1,71,0,13,0,6,16,2,2020,1,0,2,12,8,1,1,3,1,66.66666667
130187,1,1,45,1,1,1,11,3,20,0,0,2,0,1,0,1,998,999,999,0,0,3,3,1,2,1,15,80,0,13,96,0,22,3,2020,1,20,2,8,18,1,1,2,10,33.33333333
130188,1,1,34,2,1,4,11,3,9,0,0,1,0,9,0,1,998,999,999,2,0,3,3,1,2,2,1,13,1,13,96,0,24,3,2020,3,0,2,42,19,1,8,2,5,100.0
130189,1,1,25,1,1,4,11,20,20,0,0,1,0,1,0,1,998,999,999,1,0,1,6,1,2,1,1,17,0,80,96,39,17,3,2020,3,20,2,12,2,2,1,2,1,33.33333333
130190,1,1,22,1,1,0,11,3,20,0,0,1,0,1,0,1,998,999,999,2,4,2,2,1,2,1,6,12,0,13,96,34,20,3,2020,6,18,2,8,1,1,3,1,1,50.0
130191,1,1,28,1,1,0,11,3,20,0,0,2,0,2,0,1,998,70,999,1,0,6,2,5,2,1,1,80,0,7,96,0,21,3,2020,7,2,2,8,5,1,1,2,1,33.33333333
130192,1,1,25,1,1,4,11,99,20,0,0,3,0,1,0,1,998,999,999,1,2,3,5,1,1,1,1,6,1,1,96,8,21,3,2020,7,22,2,42,1,1,4,3,1,33.33333333
130193,1,1,37,1,1,4,11,3,8,1,0,1,0,1,0,1,998,999,999,0,0,1,2,1,2,2,1,10,1,13,0,0,16,2,2020,1,20,2,12,1,1,1,2,2,50.0
130194,1,1,27,1,1,0,11,99,9,0,0,1,1,1,0,1,998,999,999,1,0,3,4,1,2,1,1,50,1,13,96,6,21,3,2020,7,23,2,12,1,1,1,3,1,14.28571429
130195,1,1,34,1,1,2,11,3,9,0,0,1,0,1,0,1,998,999,999,0,0,3,6,1,2,1,1,19,0,13,92,0,29,3,2020,1,2,2,12,1,1,1,2,1,50.0
130196,1,1,53,1,1,0,11,3,8,0,0,2,0,4,0,1,998,999,999,2,0,3,4,1,2,2,1,80,0,13,0,0,16,2,2020,1,19,2,8,1,1,1,3,2,16.66666667
130203,1,1,25,1,1,4,11,20,9,0,0,2,0,4,0,1,998,999,999,1,0,1,2,1,2,1,14,19,0,7,0,0,17,1,2020,6,10,2,30,1,1,4,1,1,100.0
130206,1,1,47,1,1,0,11,3,20,0,0,1,1,1,0,1,998,999,999,0,0,2,2,1,2,1,1,17,0,7,0,0,3,2,2020,2,6,2,8,3,2,1,2,1,50.0
130207,1,1,999,9,9,0,99,99,98,9,0,99,1,9,99,1,999,998,997,998,8,2,2,1,2,1,0,99,0,999,16,0,9,2,2020,1,23,2,8,3,2,1,2,1,50.0
130208,1,1,21,1,1,2,11,20,20,8,0,2,0,3,2,1,59,72,240,0,0,2,2,1,2,2,14,6,0,11,93,91,19,2,2020,4,7,2,59,1,1,4,1,2,50.0
130211,1,1,31,2,1,1,11,3,9,0,0,2,0,2,0,1,998,999,999,0,3,1,2,1,2,1,1,13,0,60,0,0,3,2,2020,2,20,2,53,1,1,4,2,1,50.0
130212,1,1,37,1,1,4,11,3,9,0,0,1,0,2,0,1,998,999,999,0,0,1,2,1,2,1,1,10,0,7,0,0,4,2,2020,3,22,2,12,1,1,1,2,10,100.0
130215,1,1,32,1,1,4,11,20,20,8,0,1,0,0,0,1,998,999,999,0,0,1,2,1,2,2,1,98,1,113,0,0,13,2,2020,5,16,2,7,1,1,1,1,10,100.0
130216,1,1,42,1,1,4,11,20,9,1,0,1,0,1,0,1,998,999,999,0,0,1,2,2,2,1,6,6,1,3,96,33,15,2,2020,7,15,2,35,1,1,4,1,1,100.0
130218,1,1,48,2,1,0,11,3,20,0,0,2,0,1,0,1,998,999,999,0,0,1,2,1,2,1,11,80,0,7,99,0,7,2,2020,6,20,2,8,2,2,1,3,1,25.0
130221,1,1,33,1,1,4,11,20,20,8,0,2,0,2,0,1,998,999,999,0,4,1,2,1,2,2,1,12,0,80,96,0,20,2,2020,5,6,2,32,1,1,4,2,2,100.0
130223,1,1,20,1,1,4,11,20,9,1,0,4,0,2,0,1,998,999,999,99,3,2,3,1,2,1,1,12,0,3,96,36,23,2,2020,1,2,2,42,1,1,3,3,1,25.0
130227,1,1,30,1,1,4,11,20,20,0,0,1,0,1,0,1,998,999,999,0,3,1,2,1,2,1,3,19,1,80,0,0,14,2,2020,6,8,2,42,1,1,4,1,1,100.0
130239,1,1,27,1,1,4,11,20,20,0,0,1,0,0,0,1,998,999,999,1,4,1,2,1,2,1,14,6,1,69,96,0,29,2,2020,7,21,2,42,1,1,4,2,1,100.0
130245,1,1,24,1,1,4,11,3,9,0,0,1,0,1,0,1,998,999,999,0,0,1,2,3,2,2,14,11,0,5,96,58,4,3,2020,4,11,2,12,1,1,1,1,10,50.0
130248,1,1,69,1,1,0,11,3,20,0,0,1,0,1,0,1,998,999,999,0,0,2,4,1,2,2,1,83,0,13,96,0,5,3,2020,5,23,2,9,2,2,1,3,10,50.0
130249,1,1,81,1,1,4,11,20,20,8,0,2,0,1,0,1,998,999,999,0,0,2,3,2,1,1,14,8,0,13,0,0,8,3,2020,1,14,2,42,19,1,3,1,1,50.0
130252,1,1,23,1,1,0,11,3,9,1,0,1,0,2,0,1,58,74,999,1,0,3,4,2,2,1,1,17,1,60,96,39,9,3,2020,2,14,2,12,2,2,1,1,1,50.0
130255,1,1,998,1,1,0,11,99,20,9,0,99,1,1,99,1,998,999,999,99,0,1,2,1,2,2,1,9,0,999,92,0,6,3,2020,6,99,2,8,1,1,2,2,1,50.0
130256,1,1,16,2,1,4,11,3,9,8,0,2,0,2,0,1,998,999,999,0,0,1,2,1,2,1,1,10,0,13,96,0,8,3,2020,1,13,2,12,1,1,1,1,1,66.66666667
130262,1,1,65,2,1,4,11,20,8,1,0,1,0,1,0,1,998,999,999,0,0,6,1,2,2,1,14,12,1,13,96,0,21,2,2020,6,12,2,12,5,1,1,1,1,50.0
130263,1,1,21,1,1,4,11,20,8,8,0,1,0,1,0,1,998,999,999,0,4,1,2,1,2,1,14,6,0,13,96,0,23,2,2020,1,6,2,42,1,1,4,2,1,100.0
130273,1,1,66,2,1,0,11,3,9,0,0,1,0,2,0,1,998,999,999,0,0,6,2,2,2,1,11,15,0,7,96,38,11,3,2020,4,20,2,12,2,3,1,2,10,50.0
130274,1,1,59,2,1,4,11,20,8,0,0,1,0,1,0,1,998,999,999,99,0,2,3,2,2,2,11,15,1,13,96,38,11,3,2020,4,7,2,12,2,2,1,2,10,33.33333333
130275,1,1,42,1,1,0,11,3,20,8,0,1,0,1,0,1,998,999,999,0,0,3,5,2,2,1,14,80,0,60,96,0,11,3,2020,4,8,2,8,1,1,1,1,10,50.0
130276,1,1,73,1,1,4,11,3,9,0,0,1,0,2,0,1,998,999,999,0,0,2,2,1,2,1,1,12,0,7,96,0,12,3,2020,5,8,2,42,1,1,4,1,10,100.0
130280,1,1,68,1,1,4,11,20,20,0,0,1,0,1,0,1,998,999,999,0,0,1,2,1,2,1,14,12,0,13,96,0,13,3,2020,6,22,2,17,1,1,4,1,1,100.0
130283,1,1,78,1,1,4,11,3,20,0,0,1,0,1,0,1,998,999,999,0,0,1,2,1,2,2,1,51,0,13,0,26,24,2,2020,2,7,2,12,1,1,1,1,2,33.33333333
130284,1,1,42,1,1,1,11,3,9,8,0,1,0,1,0,1,998,999,999,2,0,2,2,1,2,1,1,52,0,7,96,26,11,3,2020,4,8,2,12,1,1,1,1,10,50.0
130288,1,1,53,8,1,0,11,3,20,8,0,1,0,3,0,1,998,999,999,0,0,2,4,2,2,1,4,80,0,62,96,0,18,3,2020,4,7,2,8,3,2,1,3,1,50.0
130289,1,1,45,1,1,4,11,3,9,0,0,1,0,2,0,1,998,999,999,0,0,3,2,1,1,1,1,51,0,7,96,26,18,3,2020,4,7,2,12,1,1,1,4,5,50.0
130291,1,1,31,1,1,0,11,3,9,9,0,3,0,1,0,1,998,999,999,1,0,2,4,2,2,2,1,81,0,13,96,60,15,3,2020,1,3,2,8,3,2,1,3,2,25.0
130295,1,1,69,1,1,4,11,20,20,0,0,1,0,2,0,1,998,999,999,3,0,3,3,1,2,1,1,9,0,82,96,0,18,3,2020,4,22,2,1,1,1,1,2,1,33.33333333
130298,1,1,50,2,1,2,11,3,9,0,0,1,0,2,0,1,998,999,999,0,0,2,2,2,2,1,1,12,0,7,96,0,19,3,2020,5,19,2,33,1,1,3,1,1,50.0
130299,1,1,68,1,1,4,11,20,8,0,0,1,0,1,0,1,998,999,999,0,0,6,1,2,1,2,14,12,0,13,96,0,21,3,2020,7,6,2,42,5,1,8,2,2,100.0
130301,1,1,14,1,1,4,11,20,20,1,0,1,0,2,0,1,998,999,999,99,0,1,2,1,2,1,1,12,0,60,96,58,20,3,2020,6,10,2,1,1,1,4,1,1,100.0
130304,1,1,36,2,1,0,13,3,20,1,0,1,0,3,0,1,998,999,999,0,0,1,2,2,2,1,14,80,0,7,96,0,21,3,2020,7,11,2,8,1,1,1,1,1,50.0
130305,1,1,21,2,1,1,11,3,9,0,0,4,0,2,0,1,998,999,999,0,0,3,3,1,2,1,1,12,0,13,96,91,22,3,2020,1,21,2,24,1,1,3,2,1,25.0
130306,1,1,31,1,1,4,11,20,8,1,0,1,0,2,0,1,998,999,999,0,0,1,2,1,2,1,14,12,1,3,96,0,23,3,2020,2,19,2,42,1,1,4,2,1,100.0
130308,1,1,58,1,1,4,11,20,8,0,0,1,0,1,0,1,998,999,999,0,4,1,2,2,2,1,14,12,1,60,96,0,24,3,2020,3,21,2,59,1,1,4,2,1,100.0
130309,1,1,45,1,1,4,11,3,8,0,0,2,0,2,0,1,998,999,999,1,0,3,3,1,2,1,1,98,0,13,0,0,2,4,2020,5,2,2,24,1,1,3,2,1,33.33333333
130313,1,1,47,1,1,4,11,20,98,0,0,1,0,0,0,1,998,999,999,0,0,1,2,1,2,1,1,9,0,105,96,18,4,4,2020,7,12,2,33,1,1,4,1,1,100.0
130314,1,1,22,1,1,0,11,2,20,0,0,1,0,1,0,1,998,999,999,0,0,5,5,1,2,1,1,80,0,13,0,0,3,4,2020,6,22,2,8,1,1,1,2,1,50.0
130316,1,1,28,1,1,4,11,20,1,0,0,1,0,1,0,1,998,999,999,0,0,1,2,2,2,1,1,17,1,60,96,38,4,4,2020,7,9,2,12,2,2,1,1,1,33.33333333
130317,1,1,17,8,1,0,11,3,8,0,0,2,0,2,0,1,998,999,999,0,0,1,3,1,2,1,11,15,0,13,96,38,4,4,2020,7,16,2,12,2,2,1,1,1,33.33333333
130318,1,1,30,2,1,1,11,3,8,0,0,3,0,1,0,1,3,61,105,1,3,1,2,1,2,1,1,10,0,13,3,58,4,4,2020,7,17,2,12,1,1,1,1,1,25.0
130322,1,1,37,2,1,0,11,3,98,8,0,1,0,1,0,1,998,999,999,0,0,5,5,1,2,1,1,80,0,2,0,0,6,4,2020,2,23,2,8,1,1,1,2,1,50.0
130323,1,1,19,1,1,2,11,3,1,0,0,2,0,2,0,1,998,999,999,0,0,2,5,1,2,1,1,17,0,13,96,39,10,4,2020,6,21,2,12,2,2,1,2,1,33.33333333
130325,1,1,52,1,1,2,11,20,1,0,0,1,0,1,0,1,998,999,999,0,5,2,6,2,2,1,1,17,1,60,96,39,9,4,2020,5,19,2,12,2,2,1,1,1,33.33333333
130326,1,1,55,1,1,4,11,20,20,0,0,1,0,2,0,1,998,999,999,0,0,1,2,1,2,1,14,6,1,94,96,0,6,4,2020,2,21,2,1,1,1,4,2,10,100.0
130327,1,1,21,1,1,4,11,20,20,0,0,1,0,2,0,1,998,999,999,0,0,5,3,1,2,1,14,6,1,82,96,0,7,4,2020,3,23,2,43,1,1,4,3,1,100.0
130331,1,1,64,1,1,0,11,3,20,0,0,1,0,1,0,1,998,999,999,0,0,1,2,2,2,2,1,80,0,13,0,0,9,4,2020,5,5,2,8,1,1,1,2,2,50.0
130332,1,1,53,1,1,0,11,99,20,0,0,1,0,1,0,1,998,999,999,0,0,1,2,2,2,1,4,17,0,60,0,38,7,4,2020,3,16,2,12,8,1,1,1,1,50.0
130333,1,1,26,2,1,4,11,20,20,0,0,1,0,1,0,1,998,999,999,1,3,1,4,1,2,1,1,6,0,69,0,58,10,4,2020,6,20,2,1,1,1,2,2,10,100.0
130336,1,1,65,1,1,0,11,3,20,0,0,1,0,2,0,1,998,999,999,0,0,1,5,1,2,1,11,15,0,2,0,38,13,4,2020,2,17,2,12,8,1,1,1,1,20.0
130337,1,1,63,1,1,4,11,20,20,0,0,1,0,1,0,1,998,999,999,1,0,3,5,1,2,1,1,51,0,81,0,26,14,4,2020,3,17,2,12,1,1,1,1,1,33.33333333
130338,1,1,32,2,1,4,11,20,8,1,0,2,0,1,0,1,998,999,999,0,3,3,2,2,2,1,1,6,1,7,0,51,13,4,2020,2,20,2,12,1,1,1,2,1,50.0
130339,1,1,50,1,1,1,11,3,20,0,0,1,0,1,0,1,998,999,999,0,0,3,6,1,1,1,1,80,0,13,0,0,14,4,2020,3,6,2,8,1,1,1,2,1,20.0
130342,1,1,39,2,1,4,11,3,20,0,0,2,0,2,0,1,998,999,999,99,0,1,2,1,2,1,11,15,0,7,96,38,16,4,2020,5,8,2,12,2,3,1,1,1,33.33333333
130344,1,1,50,1,1,0,11,3,20,0,0,1,0,1,0,1,998,999,999,1,0,1,2,1,2,1,1,17,0,60,96,39,17,4,2020,6,16,2,12,2,2,1,1,1,50.0
130345,1,1,71,1,1,0,11,3,20,1,0,1,0,1,0,1,998,999,999,0,0,1,2,1,2,1,1,83,0,60,96,0,17,4,2020,6,20,2,9,1,1,1,2,1,50.0
130346,1,1,36,2,1,0,11,3,9,0,0,1,0,1,0,1,998,999,999,0,0,2,3,2,2,1,11,15,0,13,96,38,17,4,2020,6,14,2,12,8,1,1,1,1,50.0
130353,1,1,23,1,1,4,11,20,1,1,0,1,0,2,0,1,998,999,999,0,3,6,1,2,2,1,14,12,0,13,96,37,29,3,2020,1,2,2,35,5,1,5,2,1,100.0
130356,1,1,28,1,1,4,11,20,20,0,0,1,0,2,0,1,998,999,999,1,3,1,2,1,2,1,1,10,0,69,12,36,30,3,2020,2,17,2,14,1,1,7,1,1,100.0
130358,1,1,51,1,1,0,11,3,20,0,0,4,0,1,1,1,998,999,999,0,0,3,3,2,2,1,1,80,0,60,0,0,27,3,2020,6,5,2,8,1,1,1,2,1,20.0
130362,1,1,38,2,1,4,11,20,20,0,0,1,0,2,0,1,998,999,999,0,0,1,2,2,2,98,1,17,0,7,96,39,5,3,2020,5,7,2,12,2,2,1,1,2,50.0
130366,1,1,40,1,1,4,11,3,9,0,0,1,0,4,0,1,998,999,999,0,0,2,2,1,2,1,1,10,0,13,96,51,8,3,2020,1,0,2,12,1,1,1,3,1,50.0
130367,1,1,24,1,1,4,11,20,9,9,0,3,0,2,0,1,998,999,999,1,4,2,2,1,2,1,1,9,0,13,0,0,27,2,2020,5,4,2,42,1,1,4,2,1,66.66666667
130368,1,1,36,2,1,3,11,20,20,0,0,9,0,2,0,1,998,999,999,1,0,1,2,1,2,1,1,70,1,7,0,0,27,2,2020,5,18,2,1,8,1,2,2,1,11.11111111
130369,1,1,34,1,1,4,11,20,98,0,0,1,0,1,0,1,998,999,999,0,0,2,5,1,2,1,1,17,0,98,0,0,30,4,2020,5,15,2,12,2,2,1,1,1,50.0
130370,1,1,999,9,1,0,11,99,20,9,0,99,1,9,0,1,998,999,999,99,9,1,2,2,2,2,99,80,0,13,99,999,24,3,2020,3,20,2,8,1,1,1,2,2,33.33333333
130373,1,1,39,2,1,1,11,3,20,0,0,1,0,2,0,1,0,999,999,0,0,1,5,2,2,2,5,15,0,7,0,38,12,3,2020,5,6,2,12,2,2,1,3,10,33.33333333
130374,1,1,33,2,1,3,11,3,1,0,0,7,0,1,0,1,998,999,999,2,0,1,2,1,2,2,1,9,0,13,0,6,11,3,2020,4,22,2,12,1,1,1,3,2,41.66666667
130375,1,1,48,2,1,2,11,1,1,0,0,1,0,1,0,1,998,61,999,0,0,3,4,2,2,1,1,17,0,13,0,39,17,3,2020,3,16,2,12,2,2,1,5,1,25.0
130376,1,1,54,1,1,0,11,3,20,0,0,1,0,1,0,1,998,999,999,1,0,1,2,1,2,1,11,65,0,60,0,38,20,3,2020,6,12,2,12,2,2,1,1,1,50.0
130378,1,1,78,1,1,0,11,3,20,0,0,1,0,1,0,1,998,999,999,0,0,1,4,1,2,1,1,80,0,60,12,0,30,3,2020,2,20,2,8,1,1,1,3,1,50.0
130379,1,1,20,2,1,0,11,3,1,0,0,2,0,2,0,1,998,999,999,0,0,1,4,2,2,1,16,15,0,13,0,38,27,3,2020,6,17,2,12,2,2,1,1,1,33.33333333
130380,1,1,47,1,1,4,11,20,20,0,0,2,0,1,0,1,998,999,999,0,0,1,2,2,2,1,1,87,0,60,96,83,27,3,2020,6,20,2,11,1,1,1,2,1,50.0
130382,1,1,65,1,1,0,11,3,20,8,0,1,0,1,0,1,998,999,999,0,0,1,2,5,2,2,14,83,0,7,96,51,19,4,2020,1,17,2,9,1,1,1,1,2,50.0
130383,1,1,26,1,1,0,11,3,20,9,0,2,1,2,0,1,998,999,999,99,0,3,6,1,2,2,14,50,0,7,96,6,20,4,2020,2,4,2,12,18,1,1,3,2,33.33333333
130386,1,1,42,1,1,0,11,99,20,9,0,99,1,3,1,1,998,999,999,0,0,2,2,1,2,1,1,83,0,63,96,0,24,4,2020,6,17,2,9,1,1,1,1,1,50.0
130387,1,1,59,1,1,4,11,20,20,0,0,1,0,1,0,1,998,999,999,0,0,3,5,1,1,1,15,98,0,80,96,27,25,4,2020,7,4,2,44,1,1,5,2,1,100.0
130388,1,1,34,2,1,4,11,3,9,0,0,1,0,2,0,1,998,999,999,0,0,5,5,1,2,1,1,13,0,13,96,58,26,4,2020,1,23,2,12,1,1,1,8,1,50.0
130389,1,1,57,1,1,0,11,3,20,0,0,1,0,2,0,1,998,999,999,0,0,1,2,1,2,1,1,83,0,2,96,0,19,4,2020,1,6,2,9,1,1,1,2,1,50.0
130395,1,1,24,2,1,1,11,3,9,8,0,2,0,2,0,1,998,999,999,0,0,1,2,2,2,1,1,11,0,5,96,0,25,3,2020,4,19,2,14,1,1,7,1,1,50.0