ST_CASE,VEH_NO,PER_NO,AGE,SEX,PER_TYP,INJ_SEV,SEAT_POS,REST_USE,AIR_BAG,DRUGS,LOCATION,NUMOCCS,HIT_RUN,OWNER,V_CONFIG,HAZ_INV,TRAV_SP,DR_HGT,DR_WGT,PREV_SPD,SPEEDREL,VTRAFWAY,VNUM_LAN,VPROFILE,VPAVETYP,VSURCOND,P_CRASH1,P_CRASH2,DR_DRINK,VPICBODYCLASS,DRDISTRACT,DRIVERRF,DAY,MONTH,YEAR,DAY_WEEK,HOUR,RUR_URB,HARM_EV,RELJCT2,TYP_INT,REL_ROAD,LGT_COND,WEATHER,Fatality Rate (%)
130397,1,1,66,1,1,4,11,20,9,0,0,1,0,1,0,1,998,999,999,0,4,6,1,2,2,1,14,12,1,7,96,0,30,3,2020,2,9,2,34,5,1,8,1,1,100.0
130398,1,1,20,1,1,2,11,3,9,0,0,1,0,2,0,1,998,999,999,1,0,2,3,1,2,1,1,4,0,7,96,0,2,4,2020,5,17,2,12,1,1,1,1,1,33.33333333
130399,1,1,49,2,1,0,11,3,20,0,0,1,0,1,0,1,998,999,999,0,0,1,4,1,2,1,1,83,0,13,96,0,9,4,2020,5,15,2,9,3,3,1,1,1,50.0
130401,1,1,20,2,1,0,11,3,20,8,0,2,0,1,0,1,998,999,999,0,0,1,2,2,2,98,12,21,0,13,96,91,12,4,2020,1,19,2,12,2,3,1,2,10,33.33333333
130403,1,1,35,1,1,0,11,20,9,0,0,1,0,2,0,1,998,999,999,1,0,5,7,2,2,1,11,15,1,7,96,41,20,4,2020,2,23,2,12,2,3,1,3,1,50.0
130404,1,1,36,1,1,0,11,3,9,0,0,1,0,3,1,1,998,999,999,0,0,1,4,2,2,1,14,10,0,63,96,28,21,4,2020,3,18,2,12,1,1,1,1,1,50.0
130407,1,1,44,2,1,0,11,3,20,0,0,2,0,2,0,1,998,999,999,0,0,1,2,1,2,1,1,83,0,60,96,86,24,4,2020,6,21,2,9,1,1,1,2,1,33.33333333
130408,1,1,74,2,1,4,11,3,20,0,0,3,0,2,0,1,998,999,999,0,0,1,2,2,2,1,1,17,0,13,96,38,26,4,2020,1,8,2,12,2,2,1,1,1,50.0
130409,1,1,31,1,1,4,11,3,9,0,0,1,0,2,0,1,998,999,999,1,0,1,2,1,2,1,1,11,1,60,96,58,28,4,2020,3,10,2,12,1,1,1,1,1,50.0
130411,1,1,54,1,1,1,11,99,9,0,0,1,0,1,0,1,998,999,999,0,0,5,7,1,2,1,1,9,0,7,96,0,2,5,2020,7,10,2,8,1,1,4,1,1,50.0
130414,2,1,30,2,1,0,11,3,9,8,0,2,0,2,0,1,998,999,999,0,0,6,2,2,1,1,14,50,0,7,96,0,2,5,2020,7,21,2,12,5,1,1,2,1,33.33333333
130415,1,1,59,1,1,2,11,3,20,0,0,1,0,1,0,1,998,999,999,99,0,1,2,1,2,1,10,16,0,13,96,38,2,5,2020,7,17,2,12,2,3,1,1,1,20.0
130418,1,1,49,2,1,2,11,3,8,8,0,3,0,2,0,1,998,999,999,0,0,5,5,1,2,1,11,15,0,7,96,38,3,5,2020,1,11,2,12,2,11,1,1,10,20.0
130419,1,1,24,2,1,3,11,3,98,8,0,4,0,2,0,1,998,999,999,99,0,2,3,1,1,1,14,12,0,7,96,84,7,5,2020,5,6,2,1,18,1,1,1,1,25.0
130420,1,1,54,1,1,0,11,3,20,8,0,1,0,1,0,1,55,999,999,0,0,5,5,1,2,1,1,81,0,13,96,0,7,5,2020,5,0,2,8,1,1,1,2,1,50.0
130421,1,1,51,1,1,0,11,3,20,8,0,1,0,3,7,1,998,999,999,0,0,3,3,1,2,1,14,80,0,66,96,0,4,5,2020,2,0,2,8,18,1,1,2,1,50.0
130422,1,1,55,1,1,4,11,99,8,0,0,1,0,2,0,1,998,999,999,99,0,0,0,0,0,0,11,15,0,13,96,38,3,5,2020,1,12,2,12,8,1,1,1,1,14.28571429
130423,1,1,28,1,1,4,11,20,20,0,0,1,0,1,0,1,998,999,999,0,0,1,5,1,2,1,11,15,0,94,96,48,6,5,2020,4,17,2,12,2,2,1,1,1,33.33333333
130426,1,1,64,1,1,0,11,3,20,0,0,1,0,3,7,1,998,999,999,0,0,1,3,2,2,1,1,17,0,66,96,39,4,5,2020,2,17,2,12,2,2,1,1,1,50.0
130427,1,1,63,1,1,4,11,20,8,0,0,1,0,2,0,1,998,999,999,0,0,1,2,2,2,1,1,9,0,60,96,58,5,5,2020,3,21,2,34,1,1,4,2,10,100.0
130428,1,1,27,2,1,4,11,20,9,0,0,1,0,1,0,1,998,999,999,0,0,1,2,2,2,2,14,10,1,7,96,28,5,5,2020,3,20,2,12,1,1,1,5,10,33.33333333
130430,1,1,17,1,1,0,11,3,3,8,0,1,0,2,0,1,998,999,999,0,5,3,2,1,2,1,1,6,0,13,96,36,7,5,2020,5,22,2,12,1,1,1,2,1,20.0
130433,1,1,37,1,1,4,11,20,20,0,0,1,0,2,0,1,998,999,999,99,3,2,2,1,2,1,14,17,0,94,96,0,9,5,2020,7,16,2,12,2,2,1,1,1,50.0
130434,1,1,66,1,1,4,11,1,1,0,0,1,0,1,0,1,998,999,999,0,0,1,5,2,2,1,11,15,0,7,0,38,15,5,2020,6,15,2,12,8,1,1,1,1,50.0
130437,1,1,49,1,1,4,11,20,20,0,0,1,0,1,0,1,998,999,999,1,4,1,2,1,2,1,14,13,1,81,0,0,16,5,2020,7,2,2,24,1,1,4,2,1,100.0
130439,1,1,20,2,1,4,11,3,20,0,0,1,0,1,0,1,998,999,999,99,0,1,2,2,2,1,1,13,0,13,0,27,16,5,2020,7,8,2,32,1,1,4,1,1,100.0
130440,1,1,29,1,1,4,11,20,20,1,0,1,0,2,0,1,998,999,999,0,3,2,5,1,2,1,1,67,1,80,17,6,16,5,2020,7,8,2,12,2,3,1,1,1,50.0
130442,1,1,999,9,1,9,11,99,20,9,0,99,1,9,99,1,999,999,999,99,9,3,4,1,2,1,99,80,0,999,99,0,16,5,2020,7,22,2,8,1,1,1,2,1,16.66666667
130443,1,1,31,1,1,3,11,20,1,1,0,2,0,3,0,1,998,999,999,0,2,1,5,1,2,1,1,6,1,60,0,60,16,5,2020,7,22,2,1,1,1,4,2,1,50.0
130445,1,1,52,1,1,1,11,3,1,0,0,1,0,1,0,1,998,999,999,0,0,3,6,1,2,1,1,80,0,60,0,0,9,5,2020,7,14,2,8,1,1,1,1,1,33.33333333
130446,1,1,28,1,1,2,11,20,1,1,0,4,0,2,0,1,998,999,999,2,3,3,4,2,2,1,1,17,1,13,0,37,10,5,2020,1,3,2,12,2,3,1,2,1,16.66666667
130447,1,1,32,2,1,1,11,3,1,1,0,2,0,2,0,1,998,999,999,1,3,1,2,2,2,1,1,10,0,7,6,28,10,5,2020,1,12,2,12,1,1,1,1,1,25.0
130448,1,1,31,1,1,2,11,3,20,0,0,2,1,2,0,1,998,999,999,1,3,3,4,1,2,1,1,50,0,2,0,6,10,5,2020,1,0,2,12,1,1,1,2,1,25.0
130449,1,1,33,1,1,0,11,3,20,0,0,1,0,1,0,1,998,999,999,0,0,3,4,2,2,1,1,80,0,60,0,0,11,5,2020,2,7,2,8,3,2,1,1,1,33.33333333
130455,1,1,22,1,1,1,11,3,9,8,0,2,0,1,0,1,998,69,200,0,0,3,5,1,2,1,1,50,0,13,96,91,15,5,2020,6,20,2,12,18,1,1,3,1,33.33333333
130457,1,1,47,1,1,0,11,3,98,0,0,1,0,3,0,1,998,999,999,0,0,1,4,1,2,1,1,80,0,7,0,16,14,5,2020,5,22,2,8,1,1,1,3,1,50.0
130460,1,1,17,1,1,1,11,20,20,0,0,5,0,2,0,1,998,999,999,0,0,3,3,2,2,2,1,6,0,7,96,0,18,5,2020,2,22,2,24,1,1,3,2,2,20.0
130462,1,1,52,1,1,4,11,20,9,0,0,1,0,1,0,1,998,999,999,99,0,1,2,1,2,1,14,13,1,13,96,0,19,5,2020,3,17,2,42,1,1,4,1,1,100.0
130463,1,1,31,1,1,4,11,2,8,0,0,1,0,1,0,1,998,999,999,1,0,5,5,1,2,1,1,54,1,60,96,51,18,5,2020,2,22,2,12,1,1,1,2,1,66.66666667
130464,1,1,51,1,1,2,11,20,9,0,0,1,0,2,0,1,998,999,999,0,4,3,5,1,2,2,15,6,0,60,0,6,18,5,2020,2,17,2,12,1,1,1,1,2,33.33333333
130465,1,1,54,1,1,4,11,3,8,0,0,1,0,1,0,1,998,999,999,0,0,6,1,8,8,2,14,51,0,13,96,26,20,5,2020,4,6,2,12,5,1,1,2,2,25.0
130466,1,1,32,1,1,4,11,20,20,9,0,1,0,2,0,1,998,999,999,0,3,2,3,1,2,1,1,6,0,13,96,37,20,5,2020,4,6,2,30,1,1,4,1,10,100.0
130468,1,1,39,1,1,4,11,20,20,1,0,2,0,2,0,1,998,999,999,99,4,2,2,2,2,1,14,6,1,60,96,0,20,5,2020,4,18,2,42,1,1,4,1,10,50.0
130471,1,1,31,1,1,4,11,3,8,1,0,1,0,2,0,1,998,999,999,0,3,1,2,2,2,1,6,10,0,13,96,37,21,5,2020,5,11,2,12,1,1,1,1,10,100.0
130473,1,1,19,1,1,4,11,20,20,0,0,1,0,0,0,1,998,999,999,0,0,2,2,1,2,1,14,99,0,98,96,0,23,5,2020,7,8,2,33,1,1,4,1,1,100.0
130474,1,1,53,2,1,0,11,99,20,0,0,2,1,1,0,1,998,999,999,0,0,0,0,0,0,0,10,13,1,13,3,48,21,5,2020,5,19,2,8,8,1,4,1,10,33.33333333
130475,1,1,41,2,1,4,11,20,8,0,0,3,0,4,0,1,998,999,999,0,0,1,2,2,2,1,14,13,0,60,96,0,27,5,2020,4,20,2,35,1,1,4,1,1,66.66666667
130476,1,1,33,1,1,4,11,20,20,0,0,1,0,2,0,1,998,76,999,0,3,1,3,3,2,1,1,13,1,80,96,6,24,5,2020,1,23,2,42,1,1,4,3,10,100.0
130477,1,1,67,2,1,4,11,20,20,0,0,1,0,1,0,1,998,999,999,0,0,5,5,2,1,1,15,10,0,60,96,26,22,5,2020,6,12,2,12,1,1,1,1,1,25.0
130479,1,1,36,2,1,4,11,20,20,0,0,1,0,2,0,1,998,999,999,0,0,1,2,1,2,1,1,12,0,60,96,0,23,5,2020,7,14,2,35,1,1,4,1,1,100.0
130482,1,1,28,1,1,4,11,20,20,0,0,1,0,0,0,1,998,999,999,1,0,1,2,1,2,1,14,10,0,84,96,28,22,5,2020,6,4,2,12,1,1,1,2,10,100.0
130484,1,1,28,1,1,4,11,20,20,8,0,1,0,1,0,1,998,999,999,0,4,1,5,1,2,1,6,17,0,98,96,39,24,5,2020,1,21,2,12,2,2,1,3,1,33.33333333
130487,1,1,38,1,1,4,11,20,9,1,0,3,0,1,0,1,998,999,999,0,5,1,2,1,2,1,1,8,0,8,0,0,26,5,2020,3,23,2,31,1,1,4,2,1,66.66666667
130489,1,1,29,1,1,4,11,3,8,0,0,2,0,2,0,1,998,999,999,0,4,3,4,1,2,2,1,6,0,13,96,0,27,5,2020,4,7,2,42,1,1,4,1,2,100.0
130491,1,1,49,1,1,1,11,3,1,0,0,1,0,2,0,1,998,999,999,99,0,2,4,2,2,2,1,6,0,60,96,28,28,5,2020,5,13,2,12,1,1,1,1,2,33.33333333
130492,1,1,86,1,1,4,11,3,1,0,0,1,0,1,0,1,998,999,999,0,0,3,5,1,1,1,14,10,0,13,0,51,29,5,2020,6,15,2,12,1,1,1,1,1,33.33333333
130498,1,1,26,1,1,0,11,3,20,0,0,1,0,1,0,1,998,999,999,0,0,3,2,1,2,1,1,80,0,60,0,0,29,5,2020,6,6,2,8,1,1,1,4,10,50.0
130499,1,1,46,1,1,4,11,20,20,1,0,1,0,1,0,1,998,999,999,1,0,1,2,2,2,1,14,13,1,94,0,74,30,5,2020,7,20,2,30,1,1,4,5,10,100.0
130506,1,1,25,1,1,4,11,20,1,0,0,1,0,1,0,1,998,999,999,3,0,3,7,2,2,1,14,54,0,13,96,51,31,5,2020,1,7,2,12,1,1,1,1,1,100.0
130513,1,1,33,1,1,4,11,1,20,0,0,1,0,1,0,1,0,999,999,0,0,3,4,1,2,1,5,53,1,3,96,54,19,4,2020,1,5,2,12,18,1,1,3,1,20.0
130514,1,1,19,2,1,0,11,3,8,0,0,3,0,2,0,1,998,999,999,0,0,1,5,1,2,1,11,15,0,13,17,48,21,4,2020,3,11,2,12,2,2,1,1,1,25.0
130515,1,1,55,1,1,4,11,20,20,8,0,1,0,2,0,1,998,999,999,0,0,1,2,2,2,1,14,89,0,94,96,0,25,4,2020,7,10,2,11,1,1,1,1,1,100.0
130516,1,1,48,2,1,4,11,3,20,1,0,1,0,2,0,1,998,999,999,0,0,1,2,3,2,1,1,17,0,13,96,38,25,4,2020,7,15,2,12,2,2,1,1,1,50.0
130518,1,1,49,1,1,0,11,3,20,0,0,1,0,3,1,1,998,999,999,0,0,2,2,1,2,1,1,80,0,63,96,0,1,6,2020,2,2,2,8,1,1,1,2,1,20.0
130521,1,1,71,1,1,0,11,3,20,0,0,2,0,2,0,1,998,999,999,0,0,1,3,1,2,1,1,80,0,7,96,0,23,5,2020,7,4,2,8,1,1,1,2,1,33.33333333
130522,1,1,35,1,1,1,11,3,1,1,0,4,0,2,0,1,998,999,999,1,3,5,7,2,2,1,1,17,1,13,96,60,2,6,2020,3,21,2,12,2,3,1,3,1,14.28571429
130523,1,1,43,2,1,4,11,3,9,0,0,5,0,1,0,1,998,999,999,0,0,1,5,2,1,1,11,15,0,13,96,38,2,6,2020,3,15,2,12,2,3,1,1,1,62.5
130525,1,1,60,1,1,4,11,99,1,0,0,1,0,1,0,1,998,999,999,99,5,5,5,1,1,1,1,11,1,7,96,999,3,6,2020,4,20,2,12,1,1,1,1,1,33.33333333
130526,1,1,37,2,1,4,11,20,1,0,0,1,0,1,0,1,998,999,999,0,0,5,5,2,2,1,15,6,1,7,96,0,3,6,2020,4,17,2,42,1,1,4,1,1,100.0
130527,1,1,37,1,1,4,11,3,1,1,0,1,0,5,0,1,998,999,999,2,3,1,2,1,2,1,6,10,0,60,0,28,3,6,2020,4,14,2,12,1,1,1,1,1,25.0
130528,1,1,72,1,1,4,11,20,1,0,0,1,0,2,0,1,998,999,999,0,0,1,2,2,2,1,14,13,0,60,0,0,3,6,2020,4,10,2,52,1,1,4,1,1,100.0
130531,1,1,56,1,1,4,11,20,1,0,0,1,0,5,0,1,998,999,999,0,3,3,3,2,2,1,1,6,0,3,0,36,4,6,2020,5,22,2,12,1,1,1,2,1,100.0
130532,1,1,26,1,1,3,11,99,1,0,0,1,0,2,0,1,998,999,999,1,3,3,6,1,1,1,1,54,0,7,0,51,5,6,2020,6,1,2,12,1,1,1,3,1,20.0
130533,1,1,60,2,1,4,11,3,20,0,0,1,0,1,0,1,998,999,999,0,3,1,2,1,2,1,14,6,1,13,0,51,5,6,2020,6,18,2,42,1,1,4,1,1,100.0
130535,1,1,26,1,1,0,11,3,20,0,0,1,0,1,0,1,998,999,999,0,0,6,2,2,1,1,1,80,0,7,0,0,5,6,2020,6,5,2,8,5,1,1,2,1,25.0
130538,1,1,33,1,1,0,11,3,20,0,0,1,0,0,21,1,998,999,999,99,0,1,5,1,2,1,11,80,0,16,96,91,7,6,2020,1,13,2,8,3,2,1,1,1,50.0
130540,1,1,998,9,1,3,11,20,9,9,0,4,1,0,0,1,998,999,999,99,3,1,2,3,2,1,14,6,0,7,96,37,7,6,2020,1,5,2,33,1,1,4,2,1,25.0
130541,1,1,30,1,1,4,11,20,20,0,0,1,0,2,0,1,998,999,999,99,0,1,2,2,2,1,14,98,1,95,96,0,8,6,2020,2,0,2,5,1,1,1,3,1,100.0
130542,1,1,64,1,1,4,11,3,20,0,0,1,0,2,0,1,998,63,999,0,0,2,2,2,2,1,1,54,0,3,96,51,8,6,2020,2,23,2,12,1,1,1,2,1,50.0
130543,1,1,25,1,1,4,11,20,20,0,0,2,0,2,0,1,998,70,135,0,0,1,2,2,2,1,14,13,1,60,15,6,8,6,2020,2,1,2,34,1,1,4,2,1,50.0
130545,1,1,70,1,1,4,11,3,9,0,0,1,0,1,0,1,998,999,999,0,0,1,2,1,2,1,1,91,0,13,96,0,9,6,2020,3,13,2,10,6,1,1,1,1,100.0
130546,1,1,30,1,1,2,11,20,8,1,0,2,1,2,0,1,998,71,999,0,0,3,2,1,2,2,1,51,1,13,96,91,9,6,2020,3,23,2,12,1,1,1,2,10,33.33333333
130547,1,1,33,1,1,0,11,3,20,0,0,1,0,3,0,1,998,999,999,0,0,1,3,1,2,1,1,80,0,13,96,16,10,6,2020,4,1,2,8,3,2,1,3,1,50.0
130550,1,1,62,1,1,1,11,99,9,1,0,1,0,1,0,1,998,999,999,0,0,1,2,1,2,1,14,10,0,60,96,0,12,6,2020,6,23,2,12,1,1,1,2,1,66.66666667
130551,1,1,28,1,1,4,11,20,20,0,0,1,0,2,0,1,998,999,999,0,4,6,2,1,2,1,14,6,0,80,96,0,12,6,2020,6,3,2,24,5,1,8,3,1,100.0
130552,1,1,34,1,1,4,11,20,20,8,0,1,0,1,0,1,998,999,999,0,0,3,5,1,2,1,1,19,0,82,0,0,8,3,2020,1,15,2,12,1,1,1,1,1,25.0
130555,1,1,69,1,1,3,11,3,9,0,0,1,0,1,0,1,998,999,999,0,0,1,2,2,2,1,14,10,0,7,96,28,13,6,2020,7,12,2,12,1,1,1,1,1,50.0
130556,1,1,20,2,1,2,11,3,9,0,0,2,0,2,0,1,998,999,999,0,0,1,2,1,2,1,11,15,0,13,96,38,14,6,2020,1,19,2,12,2,2,1,1,1,33.33333333
130557,1,1,39,1,1,4,11,20,20,0,0,1,0,1,0,1,998,999,999,0,0,3,6,2,2,1,1,99,1,81,96,0,14,6,2020,1,0,2,1,1,1,1,2,1,100.0
130558,1,1,26,1,1,4,11,99,9,0,0,1,0,1,0,1,998,69,295,3,0,2,2,1,1,1,1,13,0,13,96,0,14,6,2020,1,23,2,42,19,1,4,2,1,100.0
130562,1,1,22,1,1,0,11,3,20,0,0,1,0,1,0,1,998,999,999,4,0,1,5,1,2,1,1,80,0,13,0,0,15,6,2020,2,5,2,8,1,1,1,2,10,33.33333333
130565,1,1,999,9,1,0,11,99,20,8,0,99,1,9,99,1,999,999,999,99,0,2,3,2,2,1,99,80,0,999,0,0,24,6,2020,4,10,2,8,1,1,1,1,10,50.0
130566,1,1,41,1,1,0,11,20,20,0,0,1,0,3,1,1,998,999,999,0,0,1,2,2,2,1,14,83,0,111,0,0,24,6,2020,4,10,2,9,1,1,1,1,10,50.0
130567,1,1,18,2,1,2,11,3,1,0,0,2,0,3,0,1,119,999,999,0,2,3,2,1,2,1,1,55,0,13,0,27,13,6,2020,7,19,2,12,2,3,1,1,1,33.33333333
130568,1,1,51,1,1,4,11,3,1,0,0,1,0,2,0,1,998,999,999,0,0,2,4,1,2,1,11,17,0,13,0,38,18,6,2020,5,15,2,12,2,2,1,1,1,50.0
130570,1,1,44,1,1,4,11,20,1,0,0,1,0,3,0,1,998,999,999,0,4,1,2,1,2,2,11,15,0,13,0,38,15,6,2020,2,14,2,12,2,2,1,1,2,50.0
130571,1,1,68,1,1,3,11,3,1,0,0,1,0,1,0,1,998,999,999,1,0,1,5,2,2,1,14,6,0,60,0,27,14,6,2020,1,13,2,12,1,1,1,1,1,20.0
130573,1,1,33,1,1,2,11,20,20,0,0,1,0,1,0,1,998,999,999,1,0,3,4,1,2,1,1,80,1,81,0,6,14,6,2020,1,21,2,8,1,1,1,2,1,50.0
130574,1,1,61,1,1,0,11,3,20,0,0,1,0,1,6,1,998,999,999,0,0,3,3,1,2,1,1,80,0,66,0,0,15,6,2020,2,4,2,8,1,1,1,3,1,50.0
130575,1,1,999,1,1,9,11,20,1,9,0,3,1,2,0,1,998,999,999,99,9,1,2,2,2,1,99,6,0,7,99,0,27,6,2020,7,4,2,42,1,1,5,2,1,66.66666667
130576,1,1,23,1,1,4,11,20,1,0,0,1,0,2,0,1,998,67,140,0,4,2,2,1,2,1,14,6,1,3,0,36,17,6,2020,4,18,2,42,1,1,4,1,10,100.0
130577,1,1,29,1,1,0,11,99,20,8,0,2,0,1,0,1,998,999,999,0,0,2,3,2,2,2,15,80,0,8,96,0,22,6,2020,2,21,2,8,3,3,1,2,2,33.33333333
130581,1,1,49,1,1,2,11,20,20,8,0,2,0,1,0,1,998,63,217,0,0,3,2,1,1,1,1,1,0,81,96,80,18,6,2020,5,18,2,1,1,1,1,1,1,50.0
130584,1,1,25,1,1,4,11,20,9,0,0,1,0,1,0,1,998,999,999,0,5,1,2,1,2,2,14,6,0,3,96,0,22,6,2020,2,18,2,42,1,1,4,1,10,100.0
130585,1,1,39,2,1,4,11,3,20,0,0,1,0,1,0,1,998,999,999,1,0,3,2,2,2,1,1,12,0,13,96,0,28,6,2020,1,0,2,24,19,1,3,2,1,100.0
130586,1,1,90,1,1,4,11,3,8,8,0,1,0,1,0,1,998,999,999,0,0,1,2,1,4,1,11,15,0,13,96,38,25,6,2020,5,12,2,12,2,3,1,1,1,33.33333333
130587,1,1,54,1,1,4,11,20,9,8,0,1,0,1,0,1,998,999,999,2,4,1,2,2,2,2,1,13,0,13,96,0,23,6,2020,3,4,2,31,1,1,4,3,10,100.0
130588,1,1,21,1,1,2,11,3,20,0,0,3,0,2,0,1,998,999,999,1,0,1,2,2,2,1,1,17,0,13,96,91,26,6,2020,6,7,2,12,2,2,1,1,1,25.0
130590,1,1,21,1,1,4,11,99,20,8,0,1,0,1,0,1,998,999,999,0,0,3,3,1,2,1,1,13,0,7,96,0,17,6,2020,4,6,2,35,1,1,4,4,1,100.0
130591,1,1,38,2,1,0,11,99,20,1,0,99,1,1,0,1,998,999,999,0,4,1,2,1,2,1,14,13,1,7,6,36,16,6,2020,3,18,2,8,1,1,4,1,1,33.33333333
130592,1,1,22,1,1,0,11,99,20,0,0,1,0,1,0,1,998,999,999,0,0,1,7,1,2,1,1,80,0,13,96,0,20,6,2020,7,21,2,8,1,1,1,3,1,50.0
130593,1,1,50,2,1,4,11,3,9,0,0,1,0,1,0,1,998,999,999,0,0,1,2,1,2,2,11,15,0,13,96,38,22,6,2020,2,20,2,12,2,3,1,5,2,33.33333333
130594,1,1,45,1,1,0,11,3,20,0,0,3,0,1,0,1,998,999,999,0,0,1,2,1,2,1,1,83,0,7,96,0,20,6,2020,7,21,2,9,1,1,1,2,1,25.0
130595,1,1,20,1,1,4,11,20,9,1,0,3,0,2,0,1,998,999,999,0,0,1,2,1,2,1,14,13,1,13,96,58,16,6,2020,3,19,2,53,1,1,4,1,1,33.33333333
130597,1,1,50,2,1,0,11,3,2,1,0,1,0,2,0,1,998,999,999,0,0,1,2,1,2,1,1,17,0,13,96,91,16,6,2020,3,8,2,12,2,2,1,1,1,33.33333333
130607,1,1,29,1,1,4,11,20,20,8,0,1,0,9,0,1,998,999,999,1,4,3,4,1,2,2,1,51,0,80,96,26,4,7,2020,7,0,2,12,18,1,1,3,10,50.0
130608,1,1,35,1,1,2,11,20,9,8,0,2,0,1,0,1,998,999,999,0,0,1,2,1,2,1,1,13,0,13,3,0,4,7,2020,7,2,2,42,1,1,4,2,1,50.0
130609,1,1,30,1,1,2,11,3,9,0,0,1,0,1,0,1,998,999,999,0,5,4,4,2,1,98,1,17,0,7,96,39,5,7,2020,1,0,2,12,2,2,1,3,1,40.0
130610,1,1,66,1,1,4,11,3,20,0,0,1,0,1,0,1,998,999,999,0,0,5,5,1,2,1,15,8,0,13,96,0,5,7,2020,1,23,2,42,1,1,4,3,1,100.0
130611,1,1,998,8,1,9,11,98,98,8,0,99,1,9,99,1,998,999,999,99,0,1,2,2,2,2,99,82,0,998,96,0,7,7,2020,3,3,2,8,1,1,1,2,10,50.0
130612,1,1,54,2,1,4,11,3,9,0,0,1,0,1,0,1,998,999,999,0,0,1,2,1,2,1,1,62,0,5,96,0,11,7,2020,7,17,2,12,1,1,1,1,1,50.0
130615,1,1,26,1,1,4,11,20,20,0,0,1,0,2,0,1,998,999,999,99,0,3,3,2,2,1,1,98,0,13,96,0,26,6,2020,6,4,2,12,1,1,1,2,1,50.0
130620,1,1,37,1,1,4,11,20,8,0,0,1,0,1,0,1,998,999,999,99,0,1,2,1,2,2,14,10,0,13,96,28,27,6,2020,7,20,2,12,1,1,1,5,10,50.0
130621,1,1,20,1,1,4,11,20,9,1,0,1,0,1,0,1,998,999,999,0,0,1,2,2,2,1,14,13,1,60,96,0,27,6,2020,7,0,2,42,1,1,4,2,1,100.0
130622,1,1,80,1,1,1,11,3,3,0,0,3,0,1,0,1,998,999,999,0,0,3,2,2,2,1,15,10,0,7,96,91,26,6,2020,6,16,2,12,1,1,1,1,10,25.0
130623,1,1,30,2,1,0,11,3,20,0,0,1,0,3,6,1,998,999,999,0,0,3,3,1,2,1,1,80,0,66,96,0,24,6,2020,4,23,2,8,98,1,1,2,1,50.0
130625,1,1,998,1,1,4,11,3,9,8,0,1,0,2,0,1,998,999,999,1,0,1,2,3,2,99,14,6,0,13,96,0,30,6,2020,3,12,2,34,1,1,4,9,99,100.0
130626,1,1,998,1,1,4,11,20,8,0,0,1,0,1,0,1,998,999,999,0,0,0,0,0,0,0,11,15,0,60,96,38,30,6,2020,3,7,2,12,8,1,1,1,1,50.0
130628,1,1,86,2,1,1,11,3,20,0,0,1,0,1,0,1,998,999,999,0,0,1,2,2,2,1,1,17,0,7,96,38,28,6,2020,1,12,2,12,2,2,1,1,10,50.0
130632,1,1,60,1,1,4,11,3,9,0,0,1,0,1,0,1,998,999,999,0,0,1,2,1,2,1,1,10,0,13,0,0,1,5,2020,6,6,2,12,1,1,1,1,10,100.0
130634,1,1,24,1,1,0,11,3,20,0,0,2,0,1,0,1,998,999,999,0,0,1,2,1,2,2,99,17,0,60,96,0,23,5,2020,7,15,2,12,2,2,1,1,2,33.33333333
130636,1,1,21,2,1,4,11,3,8,0,0,1,0,1,0,1,998,999,999,0,0,3,4,1,2,2,15,10,0,1,0,0,26,11,2020,5,0,2,52,1,1,3,2,2,100.0
130641,1,1,60,1,1,4,11,99,8,8,0,1,0,3,0,1,998,999,999,0,0,3,3,1,2,1,1,18,0,13,0,0,11,1,2020,7,2,2,12,1,1,1,2,10,50.0
130642,1,1,75,1,1,4,11,3,9,0,0,1,0,1,0,1,998,999,999,0,0,3,3,1,2,1,1,19,0,60,0,0,1,4,2020,4,13,2,12,1,1,1,1,1,100.0
130643,1,1,57,1,1,3,11,3,9,0,0,1,0,1,0,1,998,999,999,0,0,2,2,1,2,2,1,54,1,13,96,91,25,7,2020,7,22,2,12,1,1,1,2,1,16.66666667
130644,1,1,55,1,1,4,11,20,9,9,0,1,0,1,0,1,998,999,999,0,4,1,2,1,2,2,14,13,1,60,96,0,14,8,2020,6,6,2,32,1,1,4,4,5,100.0
130646,1,1,24,1,1,1,11,3,20,0,0,99,1,1,0,1,998,999,999,1,0,6,2,1,2,1,1,80,0,7,0,0,13,9,2020,1,22,2,8,5,1,1,2,1,50.0
130647,1,1,24,2,1,4,11,20,9,1,0,2,0,2,0,1,998,999,999,1,0,3,3,1,1,1,1,12,0,13,96,0,25,9,2020,6,21,2,25,19,1,3,3,10,100.0
130650,1,1,64,2,1,4,11,99,9,0,0,1,0,1,0,1,998,999,999,0,0,1,2,3,2,1,1,10,0,13,96,0,16,10,2020,6,22,2,12,1,1,1,3,1,25.0