ST_CASE,VEH_NO,PER_NO,AGE,SEX,PER_TYP,INJ_SEV,SEAT_POS,REST_USE,AIR_BAG,DRUGS,LOCATION,NUMOCCS,HIT_RUN,OWNER,V_CONFIG,HAZ_INV,TRAV_SP,DR_HGT,DR_WGT,PREV_SPD,SPEEDREL,VTRAFWAY,VNUM_LAN,VPROFILE,VPAVETYP,VSURCOND,P_CRASH1,P_CRASH2,DR_DRINK,VPICBODYCLASS,DRDISTRACT,DRIVERRF,DAY,MONTH,YEAR,DAY_WEEK,HOUR,RUR_URB,HARM_EV,RELJCT2,TYP_INT,REL_ROAD,LGT_COND,WEATHER,Fatality Rate (%)
180637,1,1,29,2,1,0,11,20,20,1,0,5,0,1,0,1,998,65,110,0,0,1,4,1,2,1,1,80,1,13,0,0,30,9,2020,4,20,2,8,1,1,1,3,1,16.66666667
180639,1,1,52,1,1,4,11,20,20,0,0,1,0,1,0,1,998,65,160,0,5,2,2,1,2,1,1,66,0,80,96,0,6,10,2020,3,6,2,12,2,3,1,3,1,25.0
180640,1,1,34,1,1,4,11,99,20,9,0,1,0,1,0,1,998,71,145,0,0,1,2,1,2,1,1,10,0,13,96,28,22,10,2020,5,13,2,12,1,1,1,1,1,100.0
180641,1,1,19,1,1,4,11,20,20,1,0,1,0,2,0,1,998,69,170,0,5,1,2,1,2,1,15,54,0,13,96,35,25,10,2020,1,21,2,12,1,1,1,3,10,100.0
180642,1,1,52,1,1,4,11,20,9,9,0,1,0,1,0,1,998,74,185,2,5,3,2,2,2,1,14,13,0,7,96,8,13,9,2020,1,22,2,31,1,1,4,3,1,100.0
180646,1,1,999,9,1,0,11,99,98,9,0,99,1,9,99,1,998,999,999,99,9,1,4,1,2,1,99,83,0,999,0,999,19,10,2020,2,20,2,9,1,1,1,3,10,50.0
180651,1,1,54,1,1,4,11,20,20,1,0,1,0,1,0,1,998,75,306,0,0,1,2,1,2,1,1,17,0,7,96,38,26,10,2020,2,17,2,12,2,2,1,1,10,20.0
180659,1,1,33,2,1,4,11,20,9,9,0,1,0,2,0,1,998,64,152,0,0,1,2,1,2,1,1,13,0,3,0,0,31,10,2020,7,18,2,39,3,3,4,3,1,100.0
180660,1,1,59,1,1,0,11,3,20,0,0,1,0,1,0,1,998,68,180,0,0,1,4,1,2,1,1,83,0,13,96,0,3,11,2020,3,9,2,9,1,1,1,1,1,50.0
180663,1,1,39,1,1,4,11,20,20,0,0,2,0,1,0,1,998,69,270,0,0,1,2,2,2,1,1,54,1,60,96,35,31,10,2020,7,0,2,12,1,1,1,3,1,50.0
180664,1,1,25,1,1,2,11,8,9,0,0,2,0,2,0,1,998,68,195,1,0,1,4,2,2,1,1,80,1,2,0,0,24,10,2020,7,4,2,8,1,1,1,2,1,40.0
180666,1,1,69,1,1,4,11,3,20,0,0,1,0,3,0,1,998,79,300,0,0,1,2,1,2,1,1,13,0,60,96,0,3,11,2020,3,10,2,43,1,1,4,1,1,100.0
180667,1,1,21,1,1,0,11,3,20,1,0,1,0,2,0,1,998,72,125,0,0,5,5,1,2,1,11,15,0,7,96,38,5,11,2020,5,11,2,12,2,3,1,1,1,66.66666667
180668,1,1,38,1,1,4,11,20,20,0,0,1,0,1,0,1,998,70,175,0,5,5,5,1,2,1,1,17,1,85,96,0,14,10,2020,4,21,2,12,2,2,1,2,1,50.0
180671,1,1,28,1,1,4,11,20,9,1,0,1,0,2,0,1,998,69,230,0,0,3,3,1,1,1,14,12,0,13,96,0,25,6,2020,5,6,2,25,1,1,3,1,1,100.0
180673,1,1,29,1,1,4,11,20,20,9,0,1,0,1,0,1,998,66,145,0,0,4,2,1,2,1,1,14,0,80,96,8,19,6,2020,6,22,2,33,1,1,4,3,1,100.0
180674,1,1,32,1,1,4,11,20,20,0,0,1,0,2,0,1,998,70,200,0,0,1,2,1,2,1,1,10,0,98,96,8,12,7,2020,1,3,2,30,1,1,4,3,10,100.0
180675,1,1,72,1,1,4,11,99,20,9,0,1,0,1,0,1,998,68,190,0,0,1,2,1,2,6,1,13,0,13,96,0,21,7,2020,3,16,2,3,1,1,4,1,2,100.0
180679,1,1,26,1,1,4,11,99,20,0,0,2,0,1,0,1,998,67,150,0,0,1,2,1,2,1,1,19,0,13,96,58,20,8,2020,5,0,2,33,1,1,4,3,1,50.0
180682,1,1,998,8,1,0,11,99,99,9,0,1,0,9,99,1,998,999,999,99,0,1,2,1,2,1,1,50,0,999,96,0,18,8,2020,3,23,2,12,1,1,1,2,1,33.33333333
180683,1,1,29,1,1,4,11,20,20,9,0,1,0,1,0,1,998,70,210,0,0,2,3,1,2,1,1,17,0,80,96,39,31,10,2020,7,18,2,12,2,2,1,1,1,50.0
180684,1,1,65,1,1,4,11,20,20,0,0,1,0,1,0,1,998,70,170,0,0,5,7,1,2,1,1,17,0,81,96,0,4,11,2020,4,23,2,12,2,2,1,2,1,25.0
180685,1,1,50,1,1,4,11,20,20,0,0,1,0,1,0,1,998,70,195,0,0,1,2,1,2,1,1,13,1,81,96,0,5,11,2020,5,21,2,30,1,1,4,2,1,100.0
180686,1,1,30,1,1,0,11,8,9,0,0,1,0,1,0,1,998,66,160,0,0,1,2,2,2,1,1,80,0,5,96,0,6,11,2020,6,19,2,8,1,1,1,3,1,50.0
180688,1,1,62,1,1,0,11,3,20,0,0,1,0,3,6,1,998,69,190,0,0,2,2,1,2,1,11,15,0,66,96,38,9,11,2020,2,16,2,12,2,3,1,5,1,25.0
180692,1,1,71,2,1,4,11,3,20,0,0,1,0,1,0,1,998,65,210,0,0,1,2,2,2,1,1,13,0,13,96,0,11,11,2020,4,16,2,32,3,2,4,1,1,100.0
180693,1,1,30,1,1,4,11,99,20,1,0,1,0,1,0,1,998,72,200,0,5,1,2,2,2,1,1,6,0,13,96,58,11,10,2020,1,14,2,12,1,1,1,1,1,33.33333333
180694,1,1,27,1,1,4,11,20,20,1,0,2,0,2,0,1,998,72,188,1,0,5,5,1,2,1,1,17,0,80,96,0,9,10,2020,6,19,2,12,3,3,1,3,1,40.0
180695,1,1,58,1,1,4,11,99,20,0,0,1,0,1,0,1,998,72,160,0,0,1,2,1,2,2,1,13,0,60,96,0,15,10,2020,5,12,2,42,1,1,4,1,2,100.0
180700,1,1,998,8,1,0,11,98,98,8,0,1,1,9,0,1,998,999,999,99,0,2,4,1,2,2,11,15,0,7,96,38,28,9,2020,2,18,2,15,3,2,1,1,10,50.0
180704,1,1,92,1,1,4,11,8,9,8,0,1,0,1,0,1,998,70,185,0,0,1,2,1,2,1,1,50,0,13,0,0,20,7,2020,2,12,2,12,2,2,1,1,1,50.0
180707,1,1,69,1,1,4,11,8,9,0,0,1,0,1,0,1,998,68,185,0,0,1,2,1,2,1,1,13,0,13,0,0,26,10,2020,2,13,2,38,1,1,4,1,1,100.0
180708,1,1,53,1,1,0,11,8,9,0,0,1,0,1,0,1,998,63,160,0,0,1,2,1,2,2,1,10,1,60,96,0,14,11,2020,7,23,2,12,3,3,1,3,2,50.0
180710,1,1,52,1,1,4,11,20,20,9,0,1,0,1,0,1,998,71,187,0,5,3,3,1,2,1,1,51,0,80,96,26,7,11,2020,7,20,2,12,1,1,1,2,1,50.0
180712,1,1,57,1,1,0,11,3,20,1,0,2,0,2,0,1,998,70,205,0,0,1,2,1,2,1,10,16,0,60,96,38,3,11,2020,3,16,2,8,3,2,1,1,1,33.33333333
180716,1,1,44,1,1,1,11,3,20,0,0,1,0,3,6,1,998,74,300,0,0,2,3,2,2,1,1,50,0,66,96,39,18,11,2020,4,22,2,12,2,2,1,2,1,50.0
180727,1,1,84,2,1,0,11,3,20,8,0,1,0,1,0,1,998,63,150,0,0,1,2,1,2,1,14,10,0,13,96,28,28,11,2020,7,13,2,12,1,1,1,1,1,50.0
180729,1,1,58,1,1,4,11,20,20,0,0,1,0,1,0,1,998,73,189,0,0,1,2,1,1,1,1,98,0,104,96,0,18,11,2020,4,15,2,44,1,1,1,1,1,100.0
180731,1,1,51,1,1,4,11,99,20,9,0,1,0,1,0,1,998,74,230,0,0,1,4,1,2,2,1,12,0,60,96,0,21,11,2020,7,0,2,30,3,3,4,3,2,100.0
180732,1,1,45,1,1,4,11,8,9,9,0,1,0,1,0,1,998,72,178,0,4,2,2,1,2,2,1,90,0,13,96,39,28,9,2020,2,1,2,10,6,1,1,3,2,100.0
180734,1,1,35,2,1,0,11,3,9,8,0,2,0,1,0,1,998,65,196,0,0,3,3,2,1,1,1,61,0,8,96,0,21,11,2020,7,14,2,12,1,1,1,1,10,33.33333333
180738,1,1,37,2,1,2,11,20,9,0,0,2,0,2,0,1,998,64,146,0,4,3,3,1,2,2,15,13,1,13,96,27,15,11,2020,1,3,2,14,1,1,5,3,2,25.0
180739,1,1,998,1,1,0,11,3,20,0,0,1,0,1,0,1,998,67,200,0,0,1,5,1,2,1,1,13,0,60,96,0,16,11,2020,2,19,2,8,1,1,2,3,1,50.0
180742,1,1,45,2,1,0,11,3,20,0,0,1,0,1,0,1,998,68,213,0,0,1,2,1,2,1,1,80,0,7,96,0,24,11,2020,3,22,2,8,1,1,1,2,10,50.0
180743,1,1,998,1,1,4,11,99,20,9,0,1,0,1,0,1,998,70,200,0,5,2,3,1,2,1,1,54,0,13,96,51,4,11,2020,4,17,2,12,1,1,1,1,1,33.33333333
180746,1,1,28,2,1,0,11,2,20,0,0,1,0,2,0,1,998,70,160,0,0,3,5,1,1,1,1,80,0,13,96,0,31,10,2020,7,20,2,8,1,1,1,3,1,50.0
180748,1,1,21,1,1,4,11,99,20,0,0,2,0,2,0,1,998,70,130,0,5,1,2,1,2,1,1,13,1,13,96,8,4,12,2020,6,19,2,33,1,1,4,3,1,100.0
180749,1,1,29,2,1,3,11,3,20,1,0,5,0,1,0,1,998,62,140,0,5,2,3,1,2,1,1,13,1,7,96,58,1,12,2020,3,20,2,33,1,1,4,3,1,20.0
180752,1,1,43,2,1,0,11,3,20,0,0,2,0,2,0,1,998,62,175,0,0,1,3,1,2,1,1,80,0,7,96,0,1,12,2020,3,22,2,8,3,3,1,3,10,33.33333333
180756,1,1,60,1,1,4,11,20,20,0,0,1,0,1,0,1,998,71,220,0,0,2,4,3,2,1,1,50,1,82,96,0,29,8,2020,7,21,2,12,1,1,1,3,1,33.33333333
180759,1,1,56,1,1,0,11,3,20,0,0,1,0,1,0,1,998,72,175,2,0,5,5,1,2,2,1,80,0,60,96,87,15,10,2020,5,5,2,8,3,2,1,3,2,50.0
180763,1,1,23,2,1,3,11,3,20,1,0,2,0,1,0,1,998,69,198,0,0,1,2,1,1,1,11,15,0,7,96,38,23,11,2020,2,13,2,12,2,3,1,1,1,33.33333333
180765,1,1,35,1,1,0,11,3,20,0,0,1,0,3,1,1,998,69,185,1,0,1,2,1,2,1,1,80,0,60,96,0,7,12,2020,2,17,2,8,1,1,1,2,1,50.0
180769,1,1,998,8,1,0,11,98,98,8,0,99,1,9,0,1,998,999,999,99,3,1,2,1,2,1,1,17,0,13,96,39,2,12,2020,4,20,2,12,2,2,1,3,10,66.66666667
180770,1,1,72,1,1,0,11,3,20,0,0,1,0,1,0,1,998,71,246,2,0,1,4,1,2,1,1,80,0,13,96,0,25,10,2020,1,0,2,8,1,1,1,2,1,25.0
180771,1,1,55,1,1,4,11,20,9,0,0,1,0,2,0,1,998,68,154,0,0,2,3,1,2,1,11,15,0,13,96,38,5,12,2020,7,18,2,12,2,2,1,2,1,25.0
180772,1,1,998,8,1,0,11,98,98,8,0,1,1,9,0,1,998,999,999,99,0,3,3,1,1,2,1,80,0,999,96,0,25,11,2020,4,23,2,8,1,1,1,2,10,50.0
180774,1,1,39,1,1,0,11,99,20,0,0,2,1,3,0,1,998,999,999,0,0,5,3,1,2,1,1,82,0,13,96,0,4,12,2020,6,4,2,8,1,1,1,6,1,33.33333333
180775,1,1,83,1,1,9,11,8,9,0,0,1,0,1,0,1,998,73,208,0,0,2,3,2,2,1,1,54,0,7,96,50,14,12,2020,2,18,2,12,1,1,1,2,1,50.0
180776,1,1,29,1,1,4,11,8,9,0,0,1,0,1,0,1,998,999,999,0,0,2,2,1,2,1,1,54,1,5,9,50,14,12,2020,2,3,2,12,1,1,1,2,10,50.0
180782,1,1,95,2,1,4,11,3,20,0,0,1,0,1,0,1,998,60,118,0,0,2,4,1,2,1,11,15,0,13,96,38,27,11,2020,6,13,2,12,2,2,1,1,10,50.0
180783,1,1,29,1,1,3,11,20,9,0,0,2,0,2,0,1,998,70,148,0,0,1,2,2,2,2,14,12,1,13,96,0,19,12,2020,7,22,2,42,1,1,4,2,2,50.0
180786,1,1,21,1,1,3,11,3,20,0,0,1,0,1,0,1,998,71,165,0,5,1,2,2,2,1,1,17,0,13,96,39,18,12,2020,6,12,2,12,2,2,1,1,1,25.0
180789,1,1,52,2,1,4,11,99,20,9,0,1,0,1,0,1,998,999,999,0,0,5,5,1,2,1,1,13,0,13,96,0,15,12,2020,3,8,2,31,1,1,4,1,1,100.0
180790,1,1,28,1,1,3,11,99,20,1,0,1,0,2,0,1,61,75,200,0,5,1,3,1,2,1,1,17,0,60,96,91,15,12,2020,3,17,2,12,2,2,1,3,98,50.0
180791,1,1,998,8,1,0,11,98,98,8,0,2,1,9,0,1,998,999,999,99,5,1,2,2,2,1,1,13,0,7,96,58,21,12,2020,2,22,2,14,1,1,4,2,1,33.33333333
180792,1,1,17,1,1,4,11,3,20,0,0,1,0,2,0,1,998,69,130,0,5,2,5,1,2,1,14,12,1,13,96,58,13,12,2020,1,2,2,30,1,1,4,2,1,100.0
180793,1,1,63,1,1,4,11,20,20,0,0,1,0,1,0,1,998,72,196,0,0,1,2,1,2,1,16,63,0,13,96,28,22,12,2020,3,7,2,12,2,3,1,4,1,50.0
180796,1,1,42,1,1,0,11,3,20,0,0,1,0,1,0,1,998,68,240,0,0,1,4,1,2,1,14,80,0,7,96,0,20,12,2020,1,19,2,8,1,1,1,2,1,50.0
180797,1,1,50,1,1,0,11,3,20,0,0,1,0,3,0,1,998,65,175,0,0,5,3,1,2,1,1,80,0,2,96,0,21,12,2020,2,19,2,8,1,1,1,2,10,50.0
180798,1,1,43,1,1,4,11,3,20,1,0,1,0,1,0,1,998,70,235,0,0,1,2,1,2,1,1,9,1,13,96,0,6,11,2020,6,12,2,53,1,1,4,1,1,100.0
180799,1,1,54,1,1,4,11,8,9,0,0,1,0,1,0,1,998,67,200,0,0,1,3,1,2,1,1,10,0,7,96,0,20,12,2020,1,17,2,12,1,1,1,5,10,33.33333333
180800,1,1,29,2,1,0,11,3,20,0,0,1,0,1,0,1,998,66,135,0,0,5,5,1,2,1,1,80,0,7,96,0,22,12,2020,3,6,2,8,1,1,1,2,1,50.0
180801,1,1,44,1,1,0,11,3,20,0,0,2,0,1,0,1,998,65,157,1,0,5,5,1,2,1,1,80,0,13,96,0,22,12,2020,3,2,2,8,1,1,1,2,10,33.33333333
180802,1,1,63,1,1,4,11,20,9,1,0,1,0,1,0,1,998,70,220,0,0,1,2,1,2,1,1,12,1,7,96,28,25,12,2020,6,20,2,42,1,1,4,2,1,100.0
180805,1,1,64,1,1,4,11,3,20,9,0,1,0,2,0,1,998,68,200,0,0,5,3,1,2,1,1,11,0,60,96,28,28,12,2020,2,20,2,14,1,1,7,3,1,100.0
180807,1,1,30,1,1,3,11,8,9,9,0,2,0,2,0,1,998,999,999,0,0,1,3,1,2,1,1,17,0,7,96,39,22,12,2020,3,0,2,12,2,2,1,3,1,33.33333333
180808,1,1,25,2,1,4,11,20,20,1,0,1,0,2,0,1,998,59,145,0,5,5,5,1,2,1,1,13,0,7,96,58,13,12,2020,1,4,2,30,1,1,4,3,1,100.0
180810,1,1,76,1,1,4,11,3,20,9,0,1,0,1,0,1,998,71,162,0,0,1,2,1,2,2,1,12,0,60,96,0,30,12,2020,4,16,2,14,1,1,7,5,2,100.0
180814,1,1,998,9,1,9,11,98,98,9,0,99,1,9,99,1,998,999,999,99,9,1,4,1,2,1,99,80,0,999,96,0,20,12,2020,1,23,2,8,3,3,1,3,10,50.0
180820,1,1,33,2,1,3,11,20,20,0,0,1,0,2,0,1,998,66,160,0,0,4,2,1,2,2,1,65,1,13,96,39,20,12,2020,1,2,2,12,2,2,1,3,2,25.0
180823,1,1,44,2,1,0,11,3,20,0,0,1,0,1,0,1,998,999,999,0,0,5,5,1,2,1,1,80,0,7,96,0,29,12,2020,3,16,2,8,1,1,1,1,10,50.0
180824,1,1,45,1,1,0,11,20,20,0,0,1,0,1,0,1,998,71,210,0,0,1,2,2,2,2,1,83,0,7,96,0,23,12,2020,4,17,2,9,2,3,1,1,2,50.0
180827,1,1,29,1,1,2,11,99,20,0,0,1,0,1,0,1,998,73,265,0,5,1,4,1,1,1,15,12,0,13,92,58,16,11,2020,2,6,2,14,1,1,5,3,1,50.0
180830,1,1,25,1,1,0,11,3,1,1,0,2,0,2,0,1,998,69,130,0,0,3,3,1,2,1,1,11,0,13,96,91,26,12,2020,7,15,2,35,1,1,4,1,1,50.0
180831,1,1,43,1,1,0,11,3,20,0,0,3,0,1,0,1,998,999,999,0,0,2,2,1,2,1,1,98,0,60,96,89,31,7,2020,6,2,2,5,1,1,1,2,1,33.33333333
180835,1,1,999,9,1,0,11,99,98,9,0,99,1,9,0,1,998,999,999,99,9,1,3,1,2,1,1,80,0,7,96,38,12,9,2020,7,23,2,8,3,3,1,3,10,50.0
180836,1,1,57,1,1,4,11,20,20,0,0,1,0,1,0,1,998,68,168,0,5,1,3,1,2,1,1,6,0,82,96,0,29,8,2020,7,2,2,5,1,1,1,2,1,100.0
190009,1,1,19,1,1,4,11,99,1,0,0,2,0,1,0,1,998,75,300,0,0,1,5,1,1,1,1,66,0,13,99,39,19,1,2020,1,21,2,12,2,2,1,3,1,66.66666667
190010,1,1,59,1,1,0,11,3,20,8,0,1,0,3,6,1,998,68,175,0,0,2,3,1,2,2,1,66,0,66,0,0,24,1,2020,6,19,2,12,2,2,1,2,12,50.0
190011,1,1,29,2,1,0,11,3,20,8,0,99,1,1,0,1,998,66,220,0,0,2,3,5,1,1,1,80,0,13,0,0,30,1,2020,5,2,2,8,1,1,1,3,1,50.0
190017,1,1,26,2,1,0,11,3,20,0,0,1,0,1,0,1,998,67,135,2,0,1,4,8,1,2,1,83,0,13,99,91,2,2,2020,1,0,2,9,1,1,1,2,1,50.0
190026,1,1,23,1,1,2,11,3,1,8,0,2,0,2,0,1,998,73,210,0,0,2,5,6,2,1,1,66,0,13,99,36,20,2,2020,5,11,2,12,2,2,1,1,1,50.0
190030,1,1,39,1,1,4,11,20,20,8,0,1,0,1,0,1,998,70,250,2,0,1,2,1,1,1,14,13,0,7,99,0,1,3,2020,1,2,2,30,1,1,4,6,1,100.0
190032,1,1,66,1,1,9,11,3,1,8,0,1,0,1,0,1,998,67,160,0,0,1,2,1,1,1,1,66,0,60,0,38,6,3,2020,6,11,2,12,2,2,1,1,1,50.0
190038,1,1,71,1,1,0,11,3,20,8,0,1,0,3,2,1,998,68,195,0,0,4,4,1,2,2,10,80,0,11,0,38,22,1,2020,4,11,2,8,3,2,1,1,4,50.0
190039,1,1,41,8,1,0,11,20,98,8,0,3,1,2,0,1,998,999,999,99,0,1,2,1,2,4,1,80,0,7,99,91,30,1,2020,5,21,2,8,1,1,1,3,1,25.0
190048,1,1,48,1,1,2,11,3,1,8,0,2,0,2,0,1,998,68,199,0,0,1,2,1,1,2,1,10,0,7,99,28,4,3,2020,4,7,2,12,1,1,1,1,1,33.33333333
190049,1,1,63,1,1,0,11,3,20,8,0,1,0,1,0,1,998,72,212,0,0,6,1,1,1,1,1,66,0,7,99,999,22,2,2020,7,11,2,12,2,2,1,1,1,33.33333333
190052,1,1,36,1,1,0,11,99,20,0,0,1,0,1,0,1,998,67,205,0,0,1,2,6,2,1,1,83,1,7,0,0,15,4,2020,4,18,2,15,2,2,1,1,1,50.0
190055,1,1,45,1,1,2,11,99,1,1,0,2,0,2,0,1,998,71,210,1,0,1,3,6,1,1,11,15,0,2,99,39,31,3,2020,3,16,2,12,2,2,1,1,1,25.0
190056,1,1,72,1,1,0,11,3,20,8,0,1,0,1,0,1,998,69,185,0,0,1,4,1,2,1,1,9,0,13,4,91,27,4,2020,2,11,2,33,1,1,4,1,10,50.0
190070,1,1,15,1,1,0,11,3,20,8,0,1,0,2,0,1,998,999,999,0,0,1,5,1,1,1,11,15,0,7,0,38,9,5,2020,7,17,2,12,2,2,1,1,10,50.0
190072,1,1,78,1,1,4,11,20,20,0,0,1,0,1,0,1,998,67,160,0,0,1,2,6,8,2,1,8,0,7,0,59,25,5,2020,2,12,2,42,1,1,5,1,2,100.0
190086,1,1,78,2,1,4,11,3,3,0,0,1,0,1,0,1,998,60,180,0,0,1,2,1,2,1,1,66,0,7,99,999,12,6,2020,6,15,2,12,2,2,1,1,1,50.0
190087,1,1,81,2,1,4,11,99,20,8,0,1,0,1,0,1,998,66,130,0,0,1,2,1,1,2,1,14,0,13,99,39,10,6,2020,4,10,2,33,3,3,4,1,2,100.0
190092,1,1,32,1,1,4,11,20,20,8,0,1,0,1,0,1,998,68,160,3,3,2,3,1,1,1,1,6,1,80,99,6,18,6,2020,5,1,2,33,3,3,4,3,1,100.0
190093,1,1,32,1,1,1,11,99,20,8,0,1,0,2,6,1,998,74,195,0,0,3,3,1,1,1,1,74,0,66,0,0,29,5,2020,6,18,2,12,17,1,1,1,1,50.0
190099,1,1,32,1,1,4,11,99,20,1,0,1,0,1,0,1,998,74,275,0,0,3,2,1,1,1,14,54,1,13,99,51,30,6,2020,3,6,2,12,1,1,1,1,1,50.0
190100,1,1,42,1,1,4,11,20,20,8,0,1,0,1,0,1,998,70,205,0,3,1,5,1,1,1,14,13,0,81,0,0,29,6,2020,2,19,2,33,1,1,4,1,1,100.0
190102,1,1,15,1,1,0,11,3,20,0,0,1,0,2,0,1,998,68,135,0,0,1,3,1,2,1,11,80,0,60,0,38,23,6,2020,3,9,2,8,3,2,1,1,1,50.0
190110,1,1,22,1,1,4,11,3,1,1,0,5,0,2,0,1,998,70,145,0,3,1,2,1,2,1,14,6,1,5,99,0,5,7,2020,1,2,2,42,1,1,4,3,5,80.0
190112,1,1,25,1,1,1,11,3,20,8,0,2,0,1,0,1,998,71,250,0,0,2,4,1,1,1,11,15,0,13,0,38,10,7,2020,6,16,2,12,2,2,1,1,1,33.33333333
190118,1,1,25,1,1,4,11,20,20,1,0,1,0,2,0,1,998,72,160,0,3,1,2,6,2,1,1,66,1,82,99,0,16,7,2020,5,18,2,12,2,2,1,1,1,25.0
190121,1,1,20,1,1,4,11,20,20,1,0,1,0,2,0,1,998,66,132,1,0,1,2,1,1,1,1,66,0,80,0,39,20,7,2020,2,20,2,12,2,2,1,1,1,33.33333333
190126,1,1,26,1,1,4,11,20,8,1,0,3,0,2,0,1,998,999,999,0,4,6,5,1,1,1,1,13,1,7,99,0,25,7,2020,7,0,2,25,5,1,4,3,1,33.33333333
190128,1,1,42,2,1,4,11,20,1,8,0,1,0,2,0,1,998,68,195,0,0,2,2,1,1,1,1,66,0,8,99,39,19,7,2020,1,12,2,12,2,2,1,1,1,50.0
190131,1,1,28,2,1,1,11,3,1,8,0,1,0,1,0,1,998,999,999,2,0,1,5,1,2,1,1,66,0,7,0,0,24,7,2020,6,9,2,12,2,2,1,1,1,33.33333333
190134,1,1,44,2,1,0,11,3,8,8,0,2,0,2,0,1,998,65,160,0,0,2,3,1,1,1,11,15,0,13,0,38,30,7,2020,5,22,2,12,2,2,1,3,1,50.0
190135,1,1,44,1,1,4,11,20,20,0,0,1,0,1,0,1,998,74,250,3,0,1,3,1,2,1,1,13,1,7,0,58,20,6,2020,7,19,2,34,1,1,4,1,1,100.0
190136,1,1,18,2,1,0,11,3,1,8,0,1,0,1,0,1,998,64,130,0,0,2,2,1,1,1,1,66,0,7,0,52,1,8,2020,7,16,2,12,2,3,1,1,1,66.66666667
190141,1,1,17,2,1,0,11,3,20,8,0,1,0,2,0,1,998,67,125,0,0,4,4,1,2,1,1,80,0,7,0,0,28,6,2020,1,21,2,8,3,3,1,3,1,50.0
190142,1,1,34,1,1,0,11,3,20,8,0,1,0,1,0,1,998,72,250,6,0,1,3,6,1,1,10,84,0,13,0,0,22,7,2020,4,6,2,9,2,2,1,4,1,50.0
190143,1,1,24,1,1,0,11,3,20,8,0,2,0,1,0,1,998,72,169,0,0,3,4,1,1,1,1,80,0,13,0,0,31,7,2020,6,16,2,8,17,1,1,1,1,33.33333333
190144,1,1,52,1,1,4,11,20,20,8,0,1,0,1,0,1,998,68,175,0,0,1,2,1,1,11,10,5,0,81,99,0,10,8,2020,2,0,2,1,2,2,1,3,1,100.0
190149,1,1,29,1,1,4,11,20,20,8,0,1,0,1,0,1,998,68,140,2,3,2,3,1,1,1,14,6,0,80,99,36,7,8,2020,6,21,2,31,1,1,5,3,10,100.0
190150,1,1,26,2,1,0,11,3,20,0,0,2,0,1,0,1,998,68,180,0,0,2,2,1,1,1,1,83,1,13,0,999,9,8,2020,1,1,2,9,1,1,1,2,1,33.33333333
190154,1,1,52,1,1,2,11,20,8,1,0,1,1,2,0,1,998,77,225,0,3,1,4,6,2,1,14,10,0,5,99,51,9,8,2020,1,20,2,12,1,1,1,3,1,50.0
190158,1,1,21,2,1,4,11,20,20,8,0,4,0,2,0,1,998,63,230,0,0,3,2,1,1,1,1,13,0,13,0,0,17,8,2020,2,22,2,34,1,1,4,2,1,25.0
190159,1,1,21,1,1,4,11,3,1,8,0,1,0,1,0,1,998,68,130,1,0,1,2,1,4,1,1,66,0,13,0,39,20,8,2020,5,0,2,12,2,2,1,3,1,100.0
190165,1,1,80,2,1,4,11,3,1,0,0,2,0,1,0,1,998,59,135,0,0,1,2,1,2,1,1,50,0,13,99,26,22,8,2020,7,12,2,14,1,1,1,1,1,50.0
190170,1,1,30,1,1,4,11,20,20,0,0,1,0,1,0,1,998,69,172,0,0,2,2,1,1,1,14,13,1,81,0,0,19,8,2020,4,22,2,34,3,4,4,6,1,100.0
190173,1,1,58,1,1,4,11,20,20,1,0,1,0,0,0,1,998,71,180,0,3,1,2,1,2,1,11,6,1,105,99,0,29,8,2020,7,15,2,33,3,10,4,1,1,100.0
190184,1,1,26,2,1,2,11,3,1,1,0,4,0,1,0,1,998,65,141,0,0,1,4,1,1,2,1,10,1,13,0,51,7,9,2020,2,23,2,12,1,1,1,3,2,20.0
190187,1,1,998,9,1,0,11,99,99,9,0,99,1,9,99,1,998,999,999,99,9,1,2,1,2,2,99,80,0,999,99,0,12,9,2020,7,2,2,8,1,1,1,2,2,50.0
190189,1,1,59,1,1,0,11,20,20,8,0,2,0,1,0,1,998,70,155,0,0,1,2,1,2,1,11,15,0,103,0,58,12,9,2020,7,21,2,5,4,1,1,2,10,50.0
190202,1,1,29,1,1,0,11,3,20,8,0,1,0,1,0,1,998,67,150,1,0,0,0,0,0,0,11,80,0,60,0,999,26,9,2020,7,13,2,8,4,1,1,1,1,50.0
190203,1,1,89,2,1,4,11,3,1,1,0,1,0,1,0,1,998,64,123,0,0,1,3,1,2,1,3,66,0,13,0,38,17,8,2020,2,18,2,12,2,2,1,1,1,50.0
190204,1,1,32,1,1,0,11,3,8,8,0,2,0,1,0,1,998,74,200,0,0,2,3,1,2,1,11,15,0,60,99,48,19,9,2020,7,19,2,12,2,2,1,3,1,33.33333333
190205,1,1,23,2,1,4,11,20,8,8,0,1,0,2,0,1,998,62,100,3,3,6,1,1,2,1,14,6,0,13,99,0,24,9,2020,5,10,2,23,5,1,3,1,1,100.0