ST_CASE,VEH_NO,PER_NO,AGE,SEX,PER_TYP,INJ_SEV,SEAT_POS,REST_USE,AIR_BAG,DRUGS,LOCATION,NUMOCCS,HIT_RUN,OWNER,V_CONFIG,HAZ_INV,TRAV_SP,DR_HGT,DR_WGT,PREV_SPD,SPEEDREL,VTRAFWAY,VNUM_LAN,VPROFILE,VPAVETYP,VSURCOND,P_CRASH1,P_CRASH2,DR_DRINK,VPICBODYCLASS,DRDISTRACT,DRIVERRF,DAY,MONTH,YEAR,DAY_WEEK,HOUR,RUR_URB,HARM_EV,RELJCT2,TYP_INT,REL_ROAD,LGT_COND,WEATHER,Fatality Rate (%)
200296,1,1,52,1,1,4,11,20,20,0,0,1,0,1,0,1,998,73,325,0,0,1,2,1,2,1,1,54,0,60,96,51,2,11,2020,2,8,2,12,1,1,1,1,1,50.0
200298,1,1,52,2,1,4,11,3,20,0,0,2,0,1,0,1,998,62,95,0,0,2,2,1,1,1,1,17,0,2,96,0,19,8,2020,4,16,2,12,2,2,1,1,98,33.33333333
200299,1,1,26,1,1,0,11,3,20,0,0,1,0,1,0,1,998,71,180,0,0,1,2,2,2,1,10,80,0,60,93,38,1,10,2020,5,8,2,8,3,2,1,1,98,50.0
200302,2,1,42,2,1,0,11,3,20,0,0,1,0,3,1,1,998,66,200,0,0,1,2,2,2,1,2,98,0,74,96,96,9,11,2020,2,11,2,8,4,1,1,1,98,50.0
200303,1,1,51,1,1,0,11,3,20,0,0,1,0,1,0,1,998,66,140,0,0,1,4,1,2,1,11,54,1,7,96,38,4,9,2020,6,19,2,12,2,2,1,5,98,50.0
200304,1,1,56,1,1,4,11,20,20,0,0,1,0,1,0,1,998,67,145,0,0,1,2,1,2,1,1,62,0,81,96,0,5,11,2020,5,16,2,12,2,3,1,1,98,25.0
200306,1,1,23,1,1,2,11,3,20,0,0,1,0,2,0,1,998,66,125,0,0,2,2,2,1,1,1,59,0,7,96,0,4,9,2020,6,22,2,12,1,1,1,2,1,20.0
200307,1,1,19,2,1,1,11,3,9,0,0,1,0,1,0,1,998,62,115,1,0,1,2,1,2,1,1,17,0,7,96,39,27,8,2020,5,13,2,12,2,2,1,1,98,50.0
200312,1,1,57,1,1,4,11,20,20,0,0,1,0,1,0,1,998,72,200,0,3,1,2,2,2,1,1,12,0,13,96,58,1,11,2020,1,1,2,53,1,1,4,2,98,100.0
200314,1,1,43,1,1,4,11,3,20,1,0,1,0,1,0,1,998,67,192,1,0,3,2,1,2,1,14,6,0,13,96,0,6,11,2020,6,17,2,25,19,1,3,3,1,100.0
200315,1,1,43,2,1,0,11,3,20,0,0,4,0,1,0,1,998,70,200,0,0,1,2,1,1,1,11,66,0,7,96,38,12,9,2020,7,21,2,12,2,2,1,2,98,20.0
200317,1,1,46,1,1,4,11,20,20,0,0,2,0,1,0,1,998,69,191,0,3,2,2,1,1,1,1,66,0,81,96,0,26,9,2020,7,15,2,12,2,3,1,1,98,25.0
200332,1,1,31,1,1,0,11,3,20,0,0,1,0,1,0,1,998,73,215,1,0,1,4,1,1,1,1,80,0,13,96,0,16,11,2020,2,18,2,8,2,2,1,3,1,50.0
200333,1,1,72,2,1,4,11,20,9,0,0,1,0,1,0,1,998,67,170,0,0,1,2,1,2,1,14,12,0,8,96,0,4,9,2020,6,17,2,43,1,1,4,1,98,100.0
200336,1,1,24,1,1,4,11,99,20,0,0,1,0,3,6,1,998,69,220,0,0,2,4,1,1,1,1,11,0,66,96,0,9,12,2020,4,4,2,23,19,1,4,2,98,50.0
200337,1,1,999,9,1,9,11,99,20,0,0,99,1,9,0,1,999,999,999,99,9,2,4,1,2,2,1,80,0,11,99,999,29,7,2020,4,22,2,8,2,2,1,3,2,50.0
200340,1,1,27,2,1,0,11,3,20,0,0,2,0,1,0,1,998,64,110,0,0,1,2,1,2,1,1,80,0,7,96,999,15,11,2020,1,17,2,8,1,1,1,3,98,33.33333333
200342,1,1,19,2,1,0,11,3,20,0,0,1,0,1,0,1,998,63,115,0,0,1,2,1,2,1,1,80,0,5,10,0,2,8,2020,1,5,2,8,1,1,1,4,98,50.0
200348,1,1,69,1,1,4,11,20,20,0,0,1,0,1,0,1,998,77,225,0,0,1,2,1,2,1,1,87,0,94,12,0,3,10,2020,7,19,2,11,3,2,1,3,98,100.0
200349,1,1,38,1,1,3,11,20,9,1,0,2,0,1,0,1,998,69,160,4,4,5,5,1,2,2,1,6,0,13,96,87,28,10,2020,4,11,2,44,3,2,1,1,98,25.0
200350,1,1,57,1,1,0,11,99,20,0,0,99,1,1,0,1,998,69,195,1,0,1,2,1,1,1,1,80,1,60,99,0,3,11,2020,3,18,2,8,8,1,1,2,1,50.0
200352,1,1,29,1,1,2,11,3,20,1,0,2,0,2,0,1,998,82,280,0,3,6,1,1,1,1,11,6,0,60,96,39,19,11,2020,5,1,2,33,3,3,4,3,98,50.0
200354,1,1,36,1,1,4,11,20,9,0,0,1,0,2,0,1,998,68,150,0,3,1,5,1,2,1,1,62,0,13,96,36,1,12,2020,3,6,2,12,2,2,1,3,98,50.0
200357,1,1,29,1,1,4,11,20,20,0,0,1,0,2,0,1,998,66,250,0,3,2,2,1,2,1,14,6,0,80,96,0,13,7,2020,2,21,2,33,1,1,4,3,1,100.0
200358,1,1,16,2,1,0,11,3,20,0,0,1,0,1,0,1,998,65,120,0,0,1,7,1,1,1,1,80,0,13,96,0,10,11,2020,3,20,2,8,1,1,1,3,98,50.0
200359,1,1,79,2,1,0,11,3,20,0,0,1,0,1,0,1,998,72,200,0,0,2,2,1,1,1,1,98,0,60,96,38,22,12,2020,3,16,2,12,1,1,1,1,98,50.0
200360,1,1,41,1,1,4,11,3,9,0,0,1,0,1,0,1,998,69,160,0,4,2,2,1,2,10,1,6,0,13,96,87,15,12,2020,3,14,2,12,1,1,1,1,11,33.33333333
200362,1,1,999,1,1,9,11,99,20,8,0,99,1,5,0,1,998,999,999,99,0,1,2,2,2,1,1,54,0,60,96,0,25,12,2020,6,13,2,12,2,2,1,1,98,66.66666667
200363,1,1,27,1,1,4,11,20,20,0,0,1,0,2,0,1,998,70,175,0,0,2,4,1,1,2,1,11,0,3,96,999,30,12,2020,4,0,2,21,19,1,4,2,98,100.0
200365,1,1,72,2,1,4,11,3,20,0,0,1,0,1,0,1,998,63,225,0,0,2,2,1,1,1,1,61,0,7,96,0,6,11,2020,6,13,2,1,19,1,4,1,1,100.0
200367,1,1,79,1,1,4,11,3,9,0,0,2,0,1,0,1,998,72,200,0,0,1,2,1,1,1,1,66,0,13,96,0,25,12,2020,6,16,2,12,2,2,1,1,98,50.0
200369,1,1,28,1,1,4,11,20,20,0,0,1,0,1,0,1,998,999,999,0,0,1,2,1,2,1,1,63,1,3,96,39,13,11,2020,6,22,2,12,2,2,1,3,98,50.0
200370,1,1,59,2,1,4,11,3,20,0,0,1,0,1,0,1,998,66,100,0,9,3,6,1,2,1,1,13,0,13,99,999,14,11,2020,7,6,2,26,19,1,4,4,98,100.0
200371,1,1,74,1,1,4,11,20,20,0,0,1,0,1,0,1,998,74,190,0,9,2,3,2,2,1,1,12,0,95,99,999,19,11,2020,5,2,2,34,19,1,3,3,98,100.0
200373,1,1,32,1,1,4,11,20,9,8,0,3,0,1,0,1,998,67,153,0,0,5,5,1,2,1,1,8,0,7,96,0,23,12,2020,4,7,2,33,1,1,4,1,98,33.33333333
200374,1,1,999,9,1,9,11,99,20,8,0,99,1,9,99,1,998,999,999,99,0,1,2,1,2,1,99,82,0,999,99,999,23,12,2020,4,17,2,8,2,3,1,2,98,50.0
200375,1,1,90,1,1,4,11,20,9,0,0,1,0,2,0,1,998,64,185,0,0,1,2,1,2,1,1,8,0,13,96,0,30,11,2020,2,9,2,33,1,1,4,1,98,100.0
200376,1,1,26,2,1,4,11,20,8,8,0,1,0,1,0,1,998,64,165,0,3,2,2,1,2,1,1,13,1,8,96,0,17,12,2020,5,5,2,38,1,1,4,2,1,100.0
200378,1,1,29,1,1,4,11,20,20,0,0,1,0,2,0,1,998,70,190,0,3,1,4,1,2,1,1,6,0,81,96,36,19,11,2020,5,18,2,1,1,1,1,3,98,50.0
200379,1,1,42,2,1,2,11,20,20,0,0,1,0,2,0,1,998,999,999,99,0,1,4,1,1,1,11,66,0,13,96,38,5,12,2020,7,17,2,12,2,2,1,3,98,50.0
200382,1,1,79,2,1,0,11,3,20,0,0,1,0,1,0,1,998,62,140,0,0,1,4,1,2,1,11,54,0,13,96,38,22,12,2020,3,14,2,12,8,1,1,1,98,50.0
200383,1,1,26,1,1,4,11,20,1,0,0,3,0,1,0,1,998,66,175,0,3,1,4,2,2,1,1,6,1,3,96,36,24,12,2020,5,1,2,33,1,1,4,3,1,66.66666667
200384,1,1,19,1,1,9,11,99,20,0,0,99,1,1,0,1,998,69,150,0,0,2,3,2,2,1,1,80,0,60,93,0,1,11,2020,1,3,2,8,3,2,1,3,98,50.0
200385,1,1,27,1,1,4,11,20,9,8,0,1,0,1,0,1,998,69,190,0,3,2,2,1,2,1,1,6,0,7,96,36,26,12,2020,7,22,2,33,1,1,3,3,98,33.33333333
200389,1,1,46,2,1,0,11,3,20,0,0,2,0,1,0,1,42,62,109,0,0,5,5,1,2,1,1,68,0,7,96,0,23,10,2020,6,16,2,12,2,3,1,1,98,33.33333333
210001,1,1,62,1,1,4,11,3,8,8,0,1,0,1,0,1,998,70,225,0,0,5,3,2,2,2,1,10,0,7,0,87,3,1,2020,6,17,2,12,1,1,1,3,2,20.0
210010,1,1,24,2,1,0,11,3,20,0,0,1,0,1,0,1,998,65,109,2,0,1,3,1,2,1,11,80,0,13,96,38,7,1,2020,3,11,2,8,3,2,1,1,1,50.0
210019,1,1,55,1,1,4,11,20,8,0,0,1,1,1,0,1,998,71,225,0,3,2,3,1,2,1,1,50,1,60,96,0,24,1,2020,6,12,2,12,3,2,1,1,10,25.0
210021,1,1,52,1,1,4,11,3,20,0,0,1,0,3,2,1,998,71,260,0,0,2,2,1,2,1,1,12,0,11,96,0,22,1,2020,4,17,2,24,1,1,4,3,1,100.0
210025,1,1,31,1,1,4,11,3,1,0,0,1,0,3,0,1,37,68,190,0,0,1,2,2,2,1,1,13,1,95,96,0,29,1,2020,4,18,2,1,1,1,4,2,10,100.0
210027,1,1,79,1,1,4,11,3,20,0,0,1,0,1,0,1,998,67,140,0,0,1,2,1,2,1,11,15,0,60,96,38,16,1,2020,5,14,2,12,2,3,1,1,1,50.0
210033,1,1,29,1,1,4,11,20,3,0,0,1,0,2,0,1,998,74,165,0,0,0,0,0,0,0,10,16,1,7,96,74,31,1,2020,6,20,2,12,8,1,1,3,10,16.66666667
210035,1,1,83,1,1,4,11,3,3,0,0,1,0,1,0,1,998,67,165,0,0,1,2,2,2,2,1,10,0,5,96,28,23,1,2020,5,15,2,12,1,1,1,1,2,50.0
210037,1,1,58,1,1,0,11,3,8,0,0,1,0,1,1,1,998,72,210,0,4,2,3,1,2,1,1,50,0,60,93,0,30,1,2020,5,14,2,12,1,1,1,1,10,16.66666667
210048,1,1,998,8,1,9,11,98,98,8,0,99,1,9,99,1,998,999,999,99,0,2,2,1,1,1,1,80,0,999,96,999,7,2,2020,6,23,2,8,1,1,1,2,1,50.0
210051,1,1,60,1,1,4,11,20,20,0,0,1,0,0,0,1,998,69,140,0,0,1,3,2,2,1,1,10,1,69,96,28,9,2,2020,1,18,2,12,1,1,1,5,10,50.0
210052,1,1,61,2,1,0,11,3,20,0,0,1,0,2,0,1,998,68,158,0,0,1,2,3,2,2,11,80,0,7,93,0,4,2,2020,3,9,2,8,3,2,1,1,10,50.0
210057,1,1,39,1,1,4,11,20,8,8,0,1,0,2,0,1,998,72,225,0,3,4,3,1,2,1,14,6,1,13,96,0,15,2,2020,7,3,2,39,3,2,5,3,1,100.0
210060,1,1,56,1,1,0,11,3,20,0,0,1,0,1,0,1,998,76,245,0,0,2,2,1,2,1,1,80,0,60,96,0,7,2,2020,6,19,2,8,1,1,1,2,1,50.0
210064,1,1,52,1,1,4,11,20,1,0,0,1,0,1,0,1,998,70,175,0,0,1,2,1,2,2,14,6,0,13,93,58,13,2,2020,5,9,2,12,1,1,1,1,2,16.66666667
210065,1,1,51,2,1,4,11,3,8,1,0,1,0,1,0,1,998,63,190,0,0,1,2,1,2,1,14,8,0,13,0,0,20,2,2020,5,7,2,30,1,1,4,6,1,100.0
210066,1,1,21,2,1,4,11,1,1,0,0,2,0,1,0,1,998,70,125,0,0,2,3,1,2,2,16,10,1,13,93,87,26,2,2020,4,15,2,12,1,1,1,1,2,33.33333333
210069,1,1,26,2,1,4,11,3,1,0,0,1,0,1,0,1,998,66,130,0,0,1,4,1,2,1,1,51,1,13,96,74,19,2,2020,4,2,2,12,2,4,1,3,1,50.0
210070,1,1,77,1,1,3,11,3,20,0,0,2,0,1,0,1,998,68,210,0,0,2,2,1,2,1,1,12,0,7,96,0,21,2,2020,6,16,2,1,1,1,3,1,1,50.0
210074,1,1,34,1,1,4,11,20,1,0,0,2,0,1,0,1,998,68,166,0,0,1,2,1,2,1,1,13,1,7,96,0,1,3,2020,1,3,2,42,1,1,4,2,1,50.0
210076,1,1,53,2,1,4,11,20,1,8,0,1,0,1,0,1,20,65,126,0,0,1,2,6,2,2,1,13,0,15,96,87,11,2,2020,3,8,2,1,1,1,4,1,2,100.0
210077,1,1,41,1,1,0,11,3,20,8,0,1,0,1,0,1,33,70,260,0,0,4,2,1,2,1,1,80,0,13,96,0,26,1,2020,1,18,2,8,1,1,1,3,1,50.0
210079,1,1,27,1,1,4,11,20,1,0,0,1,0,1,0,1,998,74,265,0,0,2,2,1,2,1,1,12,0,60,96,0,6,3,2020,6,5,2,1,1,1,3,2,10,50.0
210080,1,1,91,2,1,4,11,3,8,0,0,1,0,1,0,1,998,67,130,0,0,3,1,1,2,1,11,15,0,13,93,39,6,3,2020,6,13,2,12,2,2,1,1,10,50.0
210082,1,1,37,1,1,4,11,20,98,0,0,1,0,1,0,1,998,68,150,0,0,3,3,2,2,1,98,6,0,80,96,0,8,3,2020,1,15,2,1,1,1,1,1,1,100.0
210083,1,1,64,1,1,0,11,3,20,0,0,1,0,3,6,1,998,69,190,0,0,3,4,1,2,1,1,13,0,66,96,0,9,3,2020,2,8,2,14,1,1,2,1,1,50.0
210086,1,1,38,1,1,4,11,20,8,0,0,1,0,2,0,1,998,71,185,0,0,1,2,1,2,2,14,51,0,13,96,0,11,3,2020,4,8,2,12,1,1,1,1,10,50.0
210090,1,1,17,1,1,4,11,3,1,0,0,2,0,3,0,1,998,70,140,0,0,1,2,1,2,1,98,12,0,13,96,0,15,3,2020,1,5,2,35,1,1,4,2,10,100.0
210091,1,1,84,1,1,0,11,3,1,8,0,1,0,1,0,1,998,68,170,0,0,1,2,2,2,2,1,17,0,7,13,38,19,3,2020,5,15,2,12,2,2,1,1,10,50.0
210101,1,1,26,1,1,0,11,20,1,8,0,1,0,2,0,1,998,74,175,0,0,1,6,1,2,2,1,83,0,13,96,87,24,3,2020,3,21,2,15,3,2,1,3,2,50.0
210105,1,1,39,2,1,4,11,20,8,0,0,1,0,2,0,1,998,72,180,0,0,3,2,1,2,1,1,50,0,13,93,0,30,3,2020,2,5,2,12,1,1,1,2,10,100.0
210107,1,1,18,2,1,0,11,3,20,0,0,2,0,2,0,1,998,59,115,0,0,8,1,8,2,2,11,15,0,13,0,73,31,3,2020,3,14,2,12,2,3,1,1,10,33.33333333
210108,1,1,31,1,1,4,11,1,3,0,0,1,0,1,0,1,998,66,155,0,0,3,6,1,2,1,1,13,0,7,96,0,28,3,2020,7,21,2,34,1,1,4,3,10,100.0
210109,1,1,88,1,1,2,11,3,1,0,0,1,0,1,0,1,6,69,165,0,0,1,8,8,2,1,11,15,0,13,93,38,4,3,2020,4,14,2,12,2,2,1,1,1,25.0
210113,1,1,25,1,1,0,11,3,20,0,0,1,0,2,0,1,998,71,120,0,0,1,2,8,2,1,11,80,0,7,96,0,28,3,2020,7,0,2,8,3,3,1,6,1,50.0
210120,1,1,19,1,1,2,11,20,1,1,0,3,0,2,0,1,998,65,120,0,0,1,2,1,2,1,14,10,0,7,96,28,1,4,2020,4,6,2,12,1,1,1,2,1,25.0
210123,1,1,36,2,1,4,11,3,8,0,0,1,0,1,0,1,998,70,250,1,3,2,3,2,2,1,1,6,0,7,96,0,5,4,2020,1,20,2,30,3,2,4,3,1,33.33333333
210124,1,1,37,1,1,4,11,20,8,0,0,1,0,1,0,1,998,71,200,0,0,1,2,1,2,1,1,10,0,7,92,74,7,4,2020,3,4,2,12,1,1,1,6,1,66.66666667
210125,1,1,30,1,1,4,11,20,1,0,0,1,0,1,0,1,998,999,999,99,0,6,2,2,2,1,1,12,1,13,96,0,4,4,2020,7,3,2,35,5,1,8,3,1,100.0
210128,1,1,62,1,1,1,11,20,8,0,0,1,0,9,0,1,998,70,170,0,0,2,3,1,2,1,11,15,0,13,96,0,8,4,2020,4,14,2,12,2,3,1,1,1,50.0
210129,1,1,30,2,1,2,11,20,1,1,0,3,0,2,0,1,998,63,123,0,0,1,3,1,2,2,11,15,0,13,96,38,11,4,2020,7,20,2,12,8,1,1,6,1,25.0
210131,1,1,998,8,1,9,11,98,98,8,0,99,1,9,99,1,998,999,999,99,9,1,3,2,2,2,1,80,0,998,96,87,12,4,2020,1,23,2,8,3,2,1,2,2,50.0
210144,1,1,23,1,1,3,11,20,1,0,0,2,0,2,0,1,998,68,170,0,3,1,4,1,2,1,1,10,0,7,96,0,22,4,2020,4,18,2,12,2,2,1,1,1,25.0
210148,1,1,21,1,1,4,11,20,1,0,0,2,0,2,0,1,998,69,145,0,0,1,2,1,2,1,1,17,1,7,96,39,27,4,2020,2,2,2,12,2,2,1,3,1,40.0
210149,1,1,19,2,1,4,11,20,20,0,0,1,0,2,0,1,998,68,145,1,0,2,2,1,1,2,2,13,0,7,96,58,23,4,2020,5,16,2,1,2,3,1,1,2,100.0
210150,1,1,82,2,1,4,11,3,8,0,0,1,0,1,0,1,998,66,140,0,0,0,0,0,0,0,11,15,0,13,93,0,29,4,2020,4,14,2,12,8,1,1,1,10,100.0
210151,1,1,43,1,1,4,11,3,1,0,0,1,0,1,0,1,998,75,175,0,0,5,5,1,1,1,1,10,1,7,96,28,29,4,2020,4,18,2,12,1,1,1,1,1,66.66666667
210152,1,1,55,1,1,1,11,3,20,8,0,2,0,1,0,1,998,72,191,0,0,2,1,1,2,1,1,17,1,7,96,38,28,4,2020,3,22,2,12,2,2,1,2,1,33.33333333
210153,1,1,28,1,1,1,11,20,8,0,0,2,0,1,0,1,998,74,170,0,0,1,2,1,2,2,11,15,0,13,93,38,30,4,2020,5,18,2,12,2,3,1,1,2,33.33333333
210155,1,1,998,8,1,9,11,98,98,8,0,99,1,9,99,1,998,999,999,99,9,1,2,1,2,1,10,80,0,999,96,0,30,4,2020,5,21,2,8,3,3,1,3,1,50.0
210161,1,1,36,1,1,2,11,3,8,0,0,3,0,2,0,1,998,72,150,0,3,1,2,2,2,1,1,6,1,13,96,0,21,4,2020,3,22,2,12,8,1,1,3,10,28.57142857
210166,1,1,19,1,1,2,11,20,1,0,0,3,0,1,0,1,998,72,175,0,3,5,5,1,2,1,1,6,0,13,96,0,1,5,2020,6,4,2,30,1,1,4,2,1,33.33333333
210170,1,1,998,8,1,9,11,98,98,8,0,99,1,9,99,1,998,999,999,99,0,2,4,2,2,1,1,80,0,999,96,0,2,5,2020,7,5,2,8,1,1,1,6,10,20.0
210171,1,1,73,2,1,4,11,3,8,0,0,1,0,1,0,1,998,63,135,0,0,2,4,2,2,1,11,15,0,5,96,38,6,5,2020,4,14,2,12,2,2,1,1,1,50.0
210175,1,1,33,1,1,0,11,3,20,0,0,3,0,3,1,1,998,72,170,0,0,2,5,1,2,1,11,15,0,11,96,95,9,5,2020,7,13,2,12,2,2,1,1,1,25.0
210177,1,1,50,1,1,0,11,3,8,0,0,1,0,1,0,1,998,72,180,0,0,5,5,1,2,1,11,15,0,60,96,38,12,5,2020,3,17,2,12,2,3,1,1,1,66.66666667
210179,1,1,18,2,1,4,11,20,2,0,0,1,0,2,0,1,998,66,145,0,3,1,2,2,2,1,14,6,0,5,96,0,12,5,2020,3,10,2,42,1,1,4,1,1,100.0
210180,1,1,40,1,1,0,11,3,1,8,0,1,0,1,0,1,998,75,280,0,0,3,3,3,2,2,1,51,0,60,96,0,13,5,2020,4,12,2,12,1,1,1,1,2,50.0
210181,1,1,998,8,1,9,11,98,98,8,0,99,1,9,99,1,998,999,999,99,9,1,6,1,2,2,1,80,0,998,96,999,15,5,2020,6,23,2,8,1,1,1,2,2,50.0
210182,1,1,23,1,1,4,11,3,8,0,0,1,0,1,0,1,998,69,170,0,0,1,2,1,2,1,1,51,1,7,96,0,16,5,2020,7,4,2,12,1,1,1,2,10,50.0
210184,1,1,59,1,1,3,11,20,20,0,0,1,0,1,0,1,998,69,160,0,0,2,2,1,1,1,1,17,0,60,96,39,18,5,2020,2,14,2,12,2,2,1,1,10,20.0
210186,1,1,47,1,1,4,11,20,20,0,0,1,0,2,0,1,998,72,220,0,3,1,2,1,2,1,1,6,0,98,96,39,16,5,2020,7,18,2,12,2,2,1,1,1,25.0
210196,1,1,37,1,1,4,11,20,20,8,0,1,0,1,0,1,75,71,140,0,3,1,2,1,2,1,1,14,0,7,96,39,1,5,2020,6,12,2,24,1,1,4,1,1,100.0
210199,1,1,63,2,1,0,11,3,20,8,0,2,0,2,0,1,998,62,127,0,0,1,2,1,2,1,1,80,0,60,96,0,29,5,2020,6,16,2,8,1,1,1,1,1,25.0
210200,1,1,75,1,1,0,11,3,20,0,0,1,0,1,0,1,998,76,255,0,0,1,2,1,2,1,1,17,0,60,96,38,30,5,2020,7,14,2,12,2,2,1,1,1,50.0
210203,1,1,58,1,1,0,11,3,20,0,0,1,0,1,0,1,998,71,225,0,0,2,2,1,2,1,1,80,0,60,96,0,28,5,2020,5,4,2,8,3,2,1,3,1,50.0
210206,1,1,31,1,1,0,11,3,20,0,0,1,0,1,0,1,998,67,175,0,0,2,2,1,1,1,1,80,0,13,0,0,25,5,2020,2,23,2,8,1,1,1,6,1,50.0
210208,1,1,52,2,1,4,11,20,8,0,0,2,0,2,0,1,998,65,142,0,0,1,5,1,2,2,1,13,0,7,96,0,26,5,2020,3,17,2,24,1,1,4,1,2,66.66666667
210209,1,1,30,2,1,4,11,20,1,0,0,1,0,2,0,1,998,63,160,0,4,1,2,1,2,1,14,6,0,13,96,0,30,5,2020,7,8,2,42,1,1,4,1,1,100.0
210210,1,1,21,2,1,4,11,20,8,0,0,2,0,1,0,1,998,63,110,0,3,2,4,1,2,1,1,6,1,13,96,39,31,5,2020,1,5,2,12,2,2,1,1,1,66.66666667
210214,1,1,67,1,1,3,11,20,8,8,0,1,0,1,0,1,998,68,200,1,3,1,2,1,2,1,6,54,0,13,96,74,14,5,2020,5,11,2,12,1,1,1,1,1,25.0
210216,1,1,18,1,1,0,11,3,20,0,0,1,1,1,0,1,48,70,220,0,0,1,2,1,2,1,1,80,0,60,96,0,16,4,2020,5,20,2,8,1,1,1,2,1,50.0
210217,1,1,36,1,1,4,11,20,1,0,0,2,0,2,0,1,998,70,165,0,0,1,2,1,2,1,1,13,0,13,96,0,2,6,2020,3,12,2,33,3,10,4,1,1,100.0
210222,1,1,50,1,1,2,11,3,20,0,0,2,0,2,0,1,998,77,185,0,0,2,2,1,2,1,11,15,0,2,93,38,6,6,2020,7,17,2,12,2,3,1,1,1,25.0
210223,1,1,28,1,1,4,11,20,20,0,0,1,0,1,0,1,998,70,160,0,3,1,4,1,1,1,6,6,1,80,96,0,6,6,2020,7,22,2,12,1,1,1,2,1,20.0
210225,1,1,39,1,1,4,11,20,20,0,0,1,0,1,0,1,998,75,182,0,3,1,2,2,2,1,6,6,1,98,96,0,3,6,2020,4,14,2,35,1,1,4,1,1,100.0
210226,1,1,30,1,1,0,11,3,3,0,0,1,0,1,0,1,998,66,190,0,0,2,2,1,2,1,11,15,1,15,96,0,8,6,2020,2,20,2,12,2,3,1,1,1,50.0
210227,1,1,18,1,1,3,11,20,8,0,0,3,0,2,0,1,998,71,130,0,0,3,2,2,2,1,1,13,1,13,96,0,10,6,2020,4,5,2,43,1,1,4,2,1,66.66666667
210229,1,1,38,1,1,4,11,20,20,0,0,1,0,1,6,1,998,68,210,0,0,6,1,2,2,1,98,12,0,66,96,0,12,6,2020,6,0,2,38,5,1,8,3,1,100.0
210230,1,1,19,2,1,4,11,20,20,0,0,1,0,1,0,1,998,60,165,0,3,1,3,1,2,1,1,6,1,13,96,73,12,6,2020,6,1,2,30,1,1,4,3,1,100.0
210231,1,1,76,2,1,3,11,3,1,0,0,1,0,1,0,1,998,63,160,0,0,3,3,2,1,1,1,51,0,13,96,0,12,6,2020,6,13,2,12,1,1,1,1,1,16.66666667
210246,1,1,19,1,1,1,11,3,8,0,0,2,0,1,0,1,998,999,999,0,3,1,2,2,2,1,14,6,1,3,96,91,20,6,2020,7,4,2,42,1,1,4,2,1,50.0
210249,1,1,31,2,1,0,11,20,20,0,0,1,0,1,0,1,998,60,170,0,0,1,2,1,2,1,8,80,0,2,96,0,20,6,2020,7,22,2,8,2,2,1,2,1,50.0
210252,1,1,27,1,1,1,11,20,8,0,0,4,0,1,0,1,998,76,225,1,0,2,2,2,2,1,1,54,0,13,96,74,11,6,2020,5,18,2,12,1,1,1,1,1,14.28571429
210256,1,1,998,8,1,9,11,98,98,8,0,99,1,9,99,1,998,999,999,99,9,1,4,1,2,2,1,80,0,998,96,999,22,6,2020,2,23,2,8,1,1,1,3,2,50.0
210260,1,1,33,1,1,4,11,20,1,0,0,3,0,1,0,1,75,74,185,0,3,1,2,1,2,1,14,6,1,60,96,0,25,6,2020,5,23,2,32,1,1,4,3,1,66.66666667
210264,1,1,28,1,1,2,11,20,1,0,0,1,1,3,0,1,998,67,160,0,0,2,4,1,2,1,1,50,1,13,93,91,27,6,2020,7,3,2,12,3,4,1,3,1,25.0
210265,1,1,53,1,1,4,11,3,1,0,0,1,0,1,0,1,998,67,180,0,0,6,1,2,2,2,14,13,0,7,96,87,27,6,2020,7,14,2,1,5,1,4,1,1,100.0
210269,1,1,21,1,1,4,11,20,20,0,0,1,0,2,0,1,998,76,160,0,0,1,2,2,2,1,1,10,0,7,96,74,2,6,2020,3,13,2,12,1,1,1,1,1,50.0
210272,1,1,46,1,1,4,11,20,20,0,0,1,0,0,0,1,33,74,220,0,0,1,2,2,2,1,14,6,1,12,96,0,19,6,2020,6,2,2,30,1,1,4,2,1,100.0
210278,1,1,69,1,1,4,11,3,8,0,0,3,0,2,0,1,998,67,180,0,0,1,3,1,2,1,14,17,0,13,96,38,18,6,2020,5,10,2,12,2,2,1,1,10,60.0
210284,1,1,86,1,1,4,11,3,20,0,0,1,0,1,0,1,998,71,160,0,0,1,2,1,2,1,14,17,0,13,96,0,21,2,2020,6,14,2,12,2,2,1,1,1,50.0
210291,1,1,34,1,1,1,11,20,1,1,0,1,1,1,0,1,998,74,155,0,3,1,3,2,2,1,1,17,0,7,96,0,3,7,2020,6,7,2,12,2,2,1,4,1,25.0
210292,1,1,38,1,1,0,11,3,20,0,0,2,0,2,0,1,998,72,164,0,0,3,2,2,2,1,1,12,0,7,96,58,3,7,2020,6,10,2,34,1,1,3,1,1,50.0
210293,1,1,59,2,1,1,11,3,20,0,0,1,0,1,0,1,998,66,135,0,0,5,5,2,2,1,1,80,0,13,96,0,1,7,2020,4,23,2,8,1,1,1,2,1,50.0