ST_CASE,VEH_NO,PER_NO,AGE,SEX,PER_TYP,INJ_SEV,SEAT_POS,REST_USE,AIR_BAG,DRUGS,LOCATION,NUMOCCS,HIT_RUN,OWNER,V_CONFIG,HAZ_INV,TRAV_SP,DR_HGT,DR_WGT,PREV_SPD,SPEEDREL,VTRAFWAY,VNUM_LAN,VPROFILE,VPAVETYP,VSURCOND,P_CRASH1,P_CRASH2,DR_DRINK,VPICBODYCLASS,DRDISTRACT,DRIVERRF,DAY,MONTH,YEAR,DAY_WEEK,HOUR,RUR_URB,HARM_EV,RELJCT2,TYP_INT,REL_ROAD,LGT_COND,WEATHER,Fatality Rate (%)
210296,1,1,28,1,1,0,11,3,1,0,0,1,0,1,0,1,998,68,180,0,3,5,5,1,2,1,1,6,0,60,96,0,6,7,2020,2,15,2,12,2,3,1,1,1,50.0
210297,1,1,57,1,1,0,11,3,20,0,0,1,0,1,0,1,998,68,200,0,0,1,2,8,2,1,11,15,0,13,96,38,1,7,2020,4,19,2,5,2,3,1,1,1,50.0
210298,1,1,59,2,1,0,11,3,20,0,0,1,0,1,0,1,998,64,150,0,0,5,5,1,2,1,1,51,0,3,96,0,5,7,2020,1,21,2,12,2,2,1,2,10,33.33333333
210301,1,1,38,2,1,4,11,20,20,0,0,1,0,1,0,1,998,65,160,0,3,3,2,1,1,1,14,6,1,13,96,0,4,7,2020,7,21,2,57,1,1,3,3,1,100.0
210302,1,1,31,2,1,1,11,20,8,0,0,1,0,4,0,1,998,59,105,0,3,1,2,1,2,1,1,6,0,7,96,0,6,7,2020,2,0,2,12,2,2,1,3,1,50.0
210303,1,1,21,2,1,4,11,3,8,0,0,1,0,4,0,1,80,60,112,0,0,3,4,2,2,6,1,98,0,13,96,0,6,7,2020,2,9,2,25,1,1,3,1,2,50.0
210308,1,1,19,1,1,4,11,3,8,0,0,1,0,1,0,1,998,72,185,0,0,5,5,1,2,1,1,10,0,13,96,0,6,7,2020,2,15,2,12,1,1,1,1,1,20.0
210309,1,1,57,1,1,1,11,3,1,0,0,2,0,2,6,1,998,65,280,3,0,1,2,1,2,1,1,90,0,66,96,81,9,7,2020,5,1,2,91,1,1,1,2,1,50.0
210319,1,1,69,1,1,4,11,20,1,0,0,1,0,1,0,1,998,68,210,0,0,1,2,1,2,1,1,12,1,13,96,0,12,7,2020,1,22,2,35,1,1,4,2,1,100.0
210320,1,1,69,1,1,4,11,3,1,0,0,1,0,1,0,1,998,72,195,0,0,1,2,1,2,1,1,6,1,7,96,0,7,7,2020,3,18,2,31,3,3,4,1,1,100.0
210322,1,1,18,1,1,4,11,3,1,0,0,3,0,1,0,1,43,75,290,0,0,1,2,1,2,1,14,6,1,13,96,0,10,7,2020,6,23,2,42,1,1,4,2,1,33.33333333
210323,1,1,998,8,1,9,11,98,98,8,0,99,1,9,99,1,998,999,999,99,9,3,4,2,2,1,14,80,0,998,96,0,15,7,2020,4,0,2,8,1,1,1,2,1,50.0
210324,1,1,42,1,1,4,11,20,20,0,0,2,0,1,0,1,998,67,250,0,3,3,2,1,2,1,14,6,0,94,96,0,12,7,2020,1,19,2,57,1,1,3,1,1,50.0
210325,1,1,20,1,1,4,11,20,20,0,0,1,0,2,0,1,998,68,133,3,0,5,5,2,2,1,2,53,0,82,96,0,14,7,2020,3,6,2,12,1,1,1,1,1,50.0
210327,1,1,49,1,1,0,11,3,20,0,0,1,0,1,0,1,55,72,280,3,0,2,3,2,2,1,15,53,0,60,96,0,16,7,2020,5,14,2,12,3,2,1,1,1,50.0
210335,1,1,56,2,1,0,11,3,20,0,0,4,0,1,0,1,998,64,200,0,0,1,2,1,2,1,1,80,0,2,93,0,19,7,2020,1,21,2,8,1,1,1,2,10,20.0
210336,1,1,34,2,1,1,11,3,20,0,0,4,0,1,0,1,998,64,130,0,0,1,4,1,2,1,11,15,0,13,96,38,5,7,2020,1,13,2,12,2,4,1,1,1,20.0
210337,1,1,15,1,1,4,11,20,20,0,0,1,0,0,0,1,998,999,999,99,0,1,2,1,2,1,1,54,0,104,93,38,11,7,2020,7,15,2,12,3,3,1,1,1,50.0
210338,1,1,35,1,1,4,11,20,20,0,0,1,0,2,0,1,998,69,225,0,4,2,2,1,1,1,14,6,0,80,96,0,19,7,2020,1,23,2,38,1,1,4,3,1,100.0
210339,1,1,21,1,1,0,11,3,20,0,0,1,0,2,0,1,998,60,96,0,0,1,2,2,2,1,1,80,0,60,96,0,21,7,2020,3,5,2,8,3,3,1,6,1,50.0
210340,1,1,53,1,1,0,11,3,20,0,0,1,0,3,6,1,998,65,999,1,0,2,3,1,2,1,11,15,0,66,96,38,19,7,2020,1,14,2,12,2,3,1,1,1,66.66666667
210341,1,1,22,2,1,2,11,3,7,0,0,1,0,1,0,1,998,68,150,0,0,2,2,1,2,1,15,80,0,13,96,0,19,7,2020,1,23,2,8,1,1,1,2,1,50.0
210342,1,1,21,2,1,2,11,2,8,0,0,2,0,2,0,1,998,60,170,0,0,2,4,1,2,1,1,17,1,7,96,0,25,7,2020,7,4,2,12,2,2,1,3,1,33.33333333
210345,1,1,51,1,1,4,11,20,20,0,0,1,0,0,0,1,998,64,150,0,0,1,2,1,2,1,1,6,1,104,96,0,24,7,2020,6,15,2,1,1,1,1,1,1,100.0
210346,1,1,30,1,1,4,11,20,20,0,0,1,0,2,0,1,998,68,120,0,0,1,2,1,2,1,1,13,0,13,96,0,29,7,2020,4,13,2,42,1,1,4,1,1,100.0
210348,1,1,998,8,1,9,11,98,98,8,0,99,1,9,99,1,998,999,999,99,9,1,2,1,2,1,1,83,0,999,96,0,30,7,2020,5,0,2,9,3,2,1,3,7,50.0
210353,1,1,24,1,1,0,11,3,20,0,0,2,0,2,0,1,20,67,170,1,0,0,0,0,0,0,1,17,0,13,96,38,13,7,2020,2,11,2,12,8,1,1,1,1,33.33333333
210355,1,1,36,1,1,4,11,20,8,0,0,1,0,2,0,1,998,74,185,0,0,1,4,1,2,1,1,12,0,13,96,0,25,7,2020,7,17,2,30,3,2,4,1,1,100.0
210357,1,1,41,1,1,4,11,3,1,0,0,2,0,1,0,1,998,70,195,2,3,6,3,2,2,1,14,6,1,1,96,0,26,7,2020,1,21,2,25,5,1,4,5,1,50.0
210360,1,1,31,1,1,0,11,3,20,0,0,1,0,2,0,1,45,72,156,1,0,2,2,1,2,1,1,80,0,60,96,0,29,7,2020,4,22,2,8,1,1,1,2,1,50.0
210361,1,1,29,2,1,4,11,20,1,0,0,1,0,2,0,1,93,64,150,0,3,3,3,1,1,1,6,6,0,7,96,0,10,7,2020,6,12,2,12,1,1,1,1,10,50.0
210363,1,1,20,1,1,2,11,20,8,0,0,2,0,3,0,1,998,75,205,1,3,1,5,1,2,1,98,6,0,60,96,39,27,7,2020,2,23,2,12,2,7,1,3,1,21.42857143
210365,1,1,28,2,1,0,11,3,20,0,0,1,0,1,0,1,998,60,90,0,0,1,2,1,2,1,1,80,0,13,96,60,9,7,2020,5,1,2,8,1,1,1,2,1,50.0
210369,1,1,21,1,1,0,11,3,20,0,0,1,0,2,0,1,998,74,285,0,0,1,3,1,2,1,14,80,0,60,96,0,1,8,2020,7,0,2,8,3,2,1,2,1,50.0
210371,1,1,24,1,1,4,11,20,20,0,0,1,0,1,0,1,998,68,117,0,0,1,4,2,2,1,14,13,0,80,96,0,2,8,2020,1,20,2,33,1,1,4,5,10,100.0
210372,1,1,20,2,1,4,11,20,8,0,0,1,0,2,0,1,998,62,100,0,3,1,2,1,1,1,1,6,0,13,96,38,4,8,2020,3,9,2,12,2,2,1,1,1,50.0
210373,1,1,24,1,1,0,11,3,1,0,0,1,0,2,0,1,998,67,130,0,0,1,7,1,2,1,11,15,0,7,96,39,4,8,2020,3,21,2,12,2,2,1,3,1,33.33333333
210374,1,1,55,2,1,4,11,3,3,0,0,2,0,1,0,1,998,63,165,0,0,1,3,1,2,1,11,15,0,13,96,38,3,8,2020,2,15,2,12,2,3,1,1,10,33.33333333
210376,1,1,58,1,1,4,11,20,1,0,0,3,0,1,0,1,998,66,184,0,0,2,4,1,2,1,1,51,0,7,96,0,2,8,2020,1,12,2,12,3,2,1,1,1,20.0
210378,1,1,22,1,1,4,11,20,2,0,0,1,0,1,0,1,50,70,175,1,0,1,2,1,2,1,1,10,1,13,96,28,7,8,2020,6,10,2,12,1,1,1,1,1,50.0
210379,1,1,26,2,1,2,11,3,1,0,0,2,0,2,0,1,0,999,999,99,0,3,4,3,2,1,7,3,0,3,0,0,8,8,2020,7,1,2,12,1,1,1,2,1,25.0
210380,1,1,34,1,1,2,11,20,8,0,0,2,0,2,0,1,95,67,135,0,3,1,2,2,2,1,1,6,1,3,96,91,8,8,2020,7,2,2,53,1,1,4,2,1,50.0
210381,1,1,55,1,1,4,11,20,20,0,0,1,0,1,0,1,45,70,235,0,0,1,2,2,2,1,14,6,1,82,96,0,8,8,2020,7,19,2,24,1,1,4,1,1,100.0
210384,1,1,77,1,1,0,11,3,20,0,0,1,0,1,0,1,998,69,180,0,0,1,2,3,2,1,1,83,0,13,96,0,9,8,2020,1,20,2,9,1,1,1,2,1,50.0
210387,1,1,64,1,1,0,11,20,3,8,0,1,0,1,0,1,15,71,180,0,0,5,5,1,2,1,10,16,1,8,93,28,12,8,2020,4,18,2,12,2,2,1,1,10,33.33333333
210389,1,1,19,1,1,1,11,3,20,0,0,2,0,2,0,1,68,67,160,2,0,2,2,1,2,2,1,98,0,7,96,87,13,8,2020,5,18,2,24,1,1,4,1,2,50.0
210396,1,1,38,2,1,0,11,3,20,1,0,1,0,2,0,1,998,62,135,0,0,1,4,2,2,1,1,80,0,3,96,0,14,8,2020,6,23,2,8,3,2,1,2,1,50.0
210401,1,1,61,1,1,4,11,20,1,0,0,1,0,1,0,1,998,72,280,0,0,1,2,1,2,1,10,16,0,7,96,38,10,8,2020,2,12,2,12,2,2,1,1,1,50.0
210402,1,1,57,1,1,4,11,20,20,0,0,1,0,1,0,1,998,66,215,0,0,2,2,1,2,1,1,6,1,13,96,39,11,8,2020,3,8,2,12,8,1,1,1,1,33.33333333
210403,1,1,28,1,1,4,11,3,20,0,0,1,0,3,1,1,58,68,235,0,0,2,4,1,2,1,1,17,0,74,96,39,13,8,2020,5,12,2,12,2,2,1,1,1,33.33333333
210404,1,1,41,1,1,4,11,20,20,0,0,1,0,2,0,1,85,70,999,0,3,2,2,1,2,1,1,17,1,80,96,39,17,8,2020,2,15,2,12,2,3,1,1,1,50.0
210405,1,1,39,2,1,2,11,3,8,0,0,1,0,2,0,1,998,66,240,0,0,2,3,1,2,1,11,15,0,7,96,38,16,8,2020,1,21,2,12,2,2,1,3,1,50.0
210407,1,1,79,2,1,4,11,3,1,0,0,2,0,1,0,1,998,62,150,0,0,1,2,1,1,1,1,17,0,13,93,0,18,8,2020,3,12,2,12,2,4,1,1,1,66.66666667
210408,1,1,79,1,1,4,11,20,1,0,0,2,0,1,0,1,998,68,190,0,0,0,0,0,0,0,11,66,0,13,96,38,19,8,2020,4,16,2,12,8,1,1,1,10,33.33333333
210414,1,1,25,1,1,3,11,20,20,8,0,2,0,0,0,1,998,69,124,0,0,1,2,2,2,1,16,11,0,12,93,27,16,8,2020,1,0,2,12,1,1,1,3,1,33.33333333
210415,1,1,29,2,1,4,11,20,1,0,0,1,0,1,0,1,998,67,115,2,0,2,4,2,2,1,1,17,0,3,96,39,20,8,2020,5,4,2,12,2,4,1,2,1,50.0
210417,1,1,30,2,1,4,11,20,8,0,0,1,0,1,0,1,998,70,200,0,3,1,4,1,2,1,1,10,1,7,96,28,20,8,2020,5,22,2,12,1,1,1,1,1,40.0
210426,1,1,35,1,1,0,11,3,20,0,0,2,0,2,0,1,998,73,220,3,0,3,3,1,1,1,1,80,0,7,96,0,5,8,2020,4,21,2,8,1,1,1,2,1,33.33333333
210428,1,1,28,1,1,2,11,20,8,0,0,3,0,2,0,1,998,69,160,0,3,1,3,1,2,1,1,6,0,13,96,58,7,8,2020,6,14,2,43,3,2,5,1,10,28.57142857
210438,1,1,39,1,1,4,11,20,20,0,0,1,0,2,0,1,998,72,140,0,3,1,4,1,2,1,1,6,0,94,96,0,24,8,2020,2,12,2,12,8,1,1,1,1,33.33333333
210441,1,1,998,8,1,9,11,98,98,8,0,99,1,9,99,1,998,999,999,99,9,1,5,2,2,1,1,80,0,998,96,0,29,8,2020,7,23,2,8,1,1,1,3,1,50.0
210442,1,1,27,1,1,0,11,3,1,8,0,5,0,2,0,1,998,73,187,0,3,3,2,1,2,1,14,6,1,7,96,0,30,8,2020,1,5,2,17,1,1,4,2,1,20.0
210443,1,1,998,8,1,9,11,98,98,8,0,99,1,9,99,1,998,999,999,99,9,3,3,1,2,1,1,80,0,998,96,0,31,8,2020,2,1,2,8,1,1,1,2,1,50.0
210444,1,1,54,1,1,4,11,20,20,0,0,1,0,0,0,1,998,70,250,0,0,2,2,2,2,1,1,53,0,125,96,0,31,8,2020,2,23,2,12,1,1,1,2,1,50.0
210446,1,1,27,1,1,4,11,1,3,0,0,2,0,1,0,1,998,67,140,0,0,1,4,2,2,2,1,13,1,5,96,87,28,8,2020,6,21,2,53,1,1,4,2,2,50.0
210450,1,1,63,2,1,0,11,3,20,0,0,1,0,1,0,1,55,66,145,0,0,6,1,8,2,1,16,10,0,7,96,38,18,8,2020,3,11,2,12,5,1,1,1,1,20.0
210458,1,1,998,9,1,9,11,98,98,8,0,99,1,9,99,1,998,999,999,99,0,5,5,1,2,1,1,80,0,998,96,999,23,8,2020,1,99,2,8,1,1,1,2,5,50.0
210459,1,1,19,1,1,2,11,20,20,1,0,3,0,2,0,1,998,73,235,0,0,1,2,2,2,1,1,13,0,7,96,58,4,3,2020,4,14,2,1,1,1,1,1,1,33.33333333
210464,1,1,47,1,1,0,11,3,20,0,0,1,0,2,0,1,998,73,230,0,0,2,2,1,2,1,1,80,0,7,96,0,1,9,2020,3,23,2,8,3,2,1,3,1,50.0
210465,1,1,24,2,1,4,11,3,8,0,0,2,0,1,0,1,998,62,130,2,4,2,2,1,2,6,1,6,0,5,96,87,3,9,2020,5,6,2,12,1,1,1,1,2,33.33333333
210467,1,1,34,1,1,0,11,20,20,0,0,1,0,1,0,1,998,77,270,0,0,2,3,1,2,1,1,80,0,7,96,0,2,9,2020,4,21,2,8,2,4,1,2,10,50.0
210468,1,1,25,1,1,0,11,3,1,0,0,2,0,1,0,1,998,67,140,0,0,3,3,2,1,1,15,52,0,13,93,0,4,9,2020,6,5,2,12,1,1,1,3,10,25.0
210469,1,1,33,2,1,4,11,20,8,0,0,1,0,2,0,1,998,999,999,99,0,3,3,2,1,1,14,54,1,7,96,51,6,9,2020,1,23,2,12,1,1,1,2,1,60.0
210477,1,1,34,1,1,2,11,3,20,0,0,1,0,3,0,1,998,70,155,0,0,2,2,1,2,1,12,21,0,13,96,74,9,9,2020,4,6,2,12,1,1,1,4,1,50.0
210482,1,1,32,1,1,4,11,3,1,0,0,1,0,1,0,1,998,74,170,2,0,1,2,2,2,1,14,12,1,13,96,0,20,9,2020,1,3,2,35,1,1,4,6,1,100.0
210484,1,1,93,1,1,4,11,20,3,0,0,1,0,1,0,1,998,73,260,0,0,1,2,2,2,1,14,13,0,13,96,0,20,9,2020,1,14,2,33,1,1,4,1,1,100.0
210485,1,1,30,1,1,4,11,20,20,0,0,1,0,2,0,1,998,68,175,3,3,1,2,1,2,1,14,6,1,82,96,0,20,9,2020,1,18,2,35,1,1,4,1,1,100.0
210486,1,1,22,1,1,4,11,20,20,0,0,1,0,1,0,1,998,68,155,1,3,5,5,3,2,1,1,6,0,5,96,0,17,9,2020,5,18,2,12,2,3,1,1,1,50.0
210487,1,1,22,2,1,4,11,20,8,0,0,1,0,2,0,1,998,64,130,1,4,2,5,1,1,1,1,6,1,13,96,74,21,9,2020,2,1,2,12,1,1,1,3,1,20.0
210491,1,1,40,1,1,0,11,1,20,0,0,4,0,1,0,1,998,74,200,0,0,0,0,0,0,0,10,80,0,60,92,0,18,9,2020,6,14,2,8,4,1,1,1,1,20.0
210494,1,1,21,2,1,4,11,20,8,0,0,1,0,2,0,1,998,64,145,0,0,2,3,1,2,1,14,54,1,13,96,51,25,9,2020,6,21,2,12,1,1,1,3,1,50.0
210496,1,1,63,1,1,1,11,3,8,0,0,1,0,3,6,1,998,71,210,0,0,3,5,1,1,1,16,11,0,66,93,27,13,9,2020,1,22,2,12,17,1,1,3,6,14.28571429
210501,1,1,42,1,1,4,11,20,20,0,0,2,0,2,0,1,998,999,999,2,0,3,2,2,2,1,14,6,0,80,96,0,3,9,2020,5,16,2,21,1,1,4,1,10,50.0
210503,1,1,31,1,1,3,11,20,20,0,0,2,0,1,0,1,998,67,190,5,4,3,3,3,1,1,2,6,0,81,93,0,7,9,2020,2,15,2,24,1,1,3,1,1,50.0
210527,1,1,31,1,1,0,11,3,20,0,0,2,0,3,1,1,998,70,210,0,0,1,2,1,2,1,11,15,0,62,96,0,2,10,2020,6,1,2,12,8,1,1,3,1,33.33333333
210528,1,1,39,1,1,2,11,3,1,0,0,2,0,2,0,1,998,999,999,0,0,1,5,1,2,1,11,15,1,13,96,39,4,10,2020,1,20,2,12,2,2,1,3,1,33.33333333
210531,1,1,20,1,1,4,11,20,20,0,0,1,0,1,0,1,998,67,170,1,0,2,3,1,2,1,1,62,0,6,96,74,8,10,2020,5,16,2,12,2,3,1,1,1,50.0
210533,1,1,18,1,1,4,11,20,1,0,0,1,0,1,0,1,998,69,165,0,0,1,2,1,2,1,1,12,1,13,96,0,10,10,2020,7,5,2,30,3,2,4,2,1,100.0
210535,1,1,998,8,1,9,11,98,98,8,0,99,1,9,99,1,998,999,999,99,9,3,2,2,2,2,14,80,0,998,96,0,11,10,2020,1,4,2,8,1,1,1,2,2,50.0
210537,1,1,40,1,1,4,11,20,20,0,0,1,0,1,0,1,998,72,200,0,0,6,1,2,2,2,14,6,0,81,96,87,11,10,2020,1,20,2,59,5,1,8,3,2,100.0
210541,1,1,998,8,1,9,11,98,98,8,0,99,1,9,99,1,998,999,999,99,9,3,2,1,2,1,1,80,0,998,96,0,15,10,2020,5,3,2,8,1,1,2,3,1,50.0
210547,1,1,999,9,1,9,11,98,98,0,0,99,1,1,0,1,998,999,999,99,3,1,2,1,1,1,1,51,0,7,96,0,17,10,2020,7,2,2,12,2,3,1,2,1,25.0
210549,1,1,22,2,1,2,11,3,20,1,0,3,0,4,0,1,998,999,999,0,4,3,3,1,2,2,1,80,0,13,96,87,23,10,2020,6,18,2,8,1,1,1,3,2,25.0
210551,1,1,39,1,1,0,11,3,1,0,0,1,0,1,0,1,998,70,155,1,0,3,2,1,1,1,1,52,0,60,96,0,24,10,2020,7,20,2,12,1,1,1,2,10,8.333333333
210552,1,1,31,1,1,0,11,3,1,0,0,1,0,1,0,1,998,66,150,0,3,5,6,1,1,1,1,50,1,7,96,74,24,10,2020,7,20,2,12,3,2,1,2,1,33.33333333
210557,1,1,20,2,1,0,11,3,20,0,0,1,0,2,0,1,998,68,300,0,0,2,2,1,1,1,1,80,0,13,96,0,1,10,2020,5,23,2,8,1,1,1,2,1,25.0
210561,1,1,41,1,1,2,11,3,8,0,0,6,0,4,0,1,65,72,225,1,0,3,3,1,1,1,15,11,0,95,96,27,10,10,2020,7,6,2,12,1,1,1,3,10,14.28571429
210562,1,1,80,1,1,4,11,3,8,0,0,1,0,2,0,1,50,71,240,0,0,6,1,2,2,1,14,19,0,13,96,0,13,10,2020,3,14,2,52,5,1,4,1,1,100.0
210564,1,1,35,2,1,0,11,3,20,0,0,2,0,1,0,1,0,66,140,1,0,3,4,1,1,1,5,53,0,60,96,0,23,10,2020,6,15,2,8,1,1,1,1,1,25.0
210567,1,1,25,1,1,4,11,20,20,0,0,1,0,0,0,1,998,71,220,0,0,3,4,3,1,1,1,53,0,104,96,0,30,10,2020,6,23,2,12,1,1,1,3,1,25.0
210571,1,1,50,1,1,4,11,20,20,0,0,1,0,1,0,1,998,65,148,0,0,1,2,1,2,1,14,6,1,82,96,58,31,10,2020,7,23,2,1,1,1,4,2,10,100.0
210574,1,1,40,1,1,4,11,20,1,0,0,1,0,4,0,1,43,72,215,1,0,3,2,1,2,1,1,12,0,9,96,0,30,10,2020,6,7,2,12,1,1,1,4,1,25.0
210577,1,1,39,2,1,4,11,3,8,0,0,1,0,1,0,1,998,61,140,0,0,1,2,1,2,1,14,10,0,13,96,0,3,10,2020,7,14,2,12,1,1,1,1,1,50.0
210578,1,1,77,2,1,4,11,3,8,0,0,1,0,1,0,1,998,64,999,0,5,1,2,1,2,1,1,51,0,13,96,0,14,10,2020,4,17,2,12,1,1,1,1,1,50.0
210579,1,1,36,2,1,0,11,3,20,0,0,3,0,1,0,1,998,65,119,0,4,3,3,2,1,6,14,6,0,7,96,87,29,10,2020,5,10,2,25,1,1,3,1,2,20.0
210586,1,1,47,2,1,0,11,3,20,0,0,1,0,1,0,1,53,60,135,0,0,1,5,1,2,1,1,50,0,9,93,0,2,5,2020,7,16,2,12,3,2,1,1,1,50.0
210593,1,1,28,2,1,0,11,3,20,1,0,1,0,1,0,1,998,65,145,0,0,1,2,1,2,1,1,80,0,7,93,91,6,4,2020,2,21,2,8,1,1,1,2,1,50.0
210601,1,1,73,2,1,0,11,3,20,0,0,1,0,1,0,1,998,65,190,1,0,5,3,1,2,1,1,80,0,8,96,0,4,11,2020,4,15,2,8,1,1,1,1,1,50.0
210603,1,1,19,1,1,0,11,3,20,0,0,1,0,2,0,1,998,66,120,0,0,1,2,1,2,1,1,80,0,13,96,74,7,11,2020,7,17,2,8,1,1,1,5,1,50.0
210604,1,1,56,1,1,4,11,3,1,0,0,1,0,2,0,1,998,69,185,0,0,3,4,1,2,1,1,50,1,13,96,0,7,11,2020,7,22,2,12,1,1,1,3,1,33.33333333
210605,1,1,27,2,1,0,11,3,20,0,0,1,0,1,0,1,998,64,140,0,0,1,5,1,2,2,1,80,0,7,96,0,10,11,2020,3,19,2,8,1,1,1,2,2,50.0
210607,1,1,999,9,1,9,11,98,98,8,0,99,1,9,99,1,998,999,999,99,9,3,3,1,2,1,1,83,0,999,96,0,11,11,2020,4,23,2,15,3,2,1,3,1,50.0
210608,1,1,999,9,1,9,11,98,98,8,0,99,1,9,99,1,998,999,999,99,9,1,4,1,2,1,1,80,0,999,96,0,7,11,2020,7,22,2,8,1,1,1,2,10,33.33333333
210610,1,1,21,2,1,0,11,3,20,0,0,1,0,2,0,1,998,67,142,0,0,2,3,1,1,1,1,83,0,13,96,0,11,11,2020,4,18,2,15,3,2,1,3,1,33.33333333
210611,1,1,999,2,1,9,11,98,99,8,0,1,1,1,0,1,998,64,190,2,3,5,5,1,2,1,1,6,0,7,96,0,13,11,2020,6,19,2,8,1,1,1,3,1,50.0
210614,1,1,49,1,1,2,11,3,1,0,0,1,0,1,0,1,998,70,170,0,0,2,2,1,2,1,1,10,0,7,96,58,16,11,2020,2,17,2,1,1,1,3,3,1,33.33333333
210615,1,1,998,9,1,9,11,98,98,8,0,99,1,9,0,1,998,999,999,99,9,5,5,1,2,1,1,80,0,13,96,0,11,11,2020,4,1,2,8,3,3,1,2,1,50.0
210616,1,1,43,1,1,0,11,3,2,0,0,5,0,1,0,1,0,67,200,0,0,1,2,1,1,1,5,15,0,7,96,38,14,11,2020,7,19,2,12,2,3,1,3,10,16.66666667
210617,1,1,51,1,1,0,11,3,20,0,0,1,0,3,2,1,55,74,197,0,0,2,2,1,2,1,1,80,0,11,96,0,20,11,2020,6,4,2,8,1,1,1,3,1,50.0
210621,1,1,21,1,1,4,11,20,1,0,0,2,0,1,0,1,998,70,190,0,3,2,1,1,2,2,14,6,1,5,96,0,22,11,2020,1,3,2,42,1,1,3,2,2,100.0
210626,1,1,36,1,1,0,11,3,20,8,0,1,0,2,0,1,998,65,128,0,0,3,2,1,2,1,1,80,0,7,96,0,21,11,2020,7,18,2,8,1,1,1,2,1,20.0
210632,1,1,38,1,1,0,11,3,20,0,0,1,0,1,0,1,998,69,170,0,0,5,5,1,2,1,1,80,0,5,93,0,3,11,2020,3,18,2,8,1,1,1,2,1,50.0
210635,1,1,999,8,1,9,11,98,98,8,0,99,1,9,99,1,998,999,999,99,0,5,5,8,2,1,1,80,0,999,96,0,15,11,2020,1,0,2,8,1,1,1,2,10,50.0
210636,1,1,67,1,1,4,11,20,1,0,0,1,0,2,0,1,998,73,160,1,0,1,2,1,2,1,98,6,0,7,0,0,19,11,2020,5,22,2,35,1,1,4,3,1,100.0
210638,1,1,999,9,1,9,11,98,98,8,0,99,1,2,0,1,998,999,999,99,0,1,4,1,2,1,14,6,0,7,96,39,20,11,2020,6,7,2,33,3,2,4,3,1,50.0
210641,1,1,21,2,1,4,11,20,8,0,0,1,0,1,0,1,55,65,145,1,0,1,4,1,2,6,1,13,0,13,96,87,30,11,2020,2,8,2,33,1,1,4,1,2,100.0
210650,1,1,52,1,1,4,11,3,8,0,0,1,0,1,0,1,43,72,190,0,0,1,2,1,2,1,98,6,0,13,96,0,23,6,2020,3,0,2,38,1,1,4,3,1,100.0
210654,1,1,54,1,1,0,11,20,20,0,0,1,0,3,6,1,58,999,999,99,0,3,2,2,2,10,1,6,0,66,96,87,1,12,2020,3,4,2,12,1,1,1,2,4,50.0
210659,1,1,46,1,1,4,11,3,2,0,0,1,0,2,0,1,998,67,150,0,0,1,2,1,2,1,1,12,0,7,96,0,5,12,2020,7,14,2,42,1,1,4,1,1,100.0
210660,1,1,22,1,1,4,11,20,1,0,0,1,0,1,0,1,998,65,205,0,0,1,2,2,2,1,1,10,0,3,96,0,6,12,2020,1,18,2,12,1,1,1,3,10,33.33333333
210661,1,1,67,1,1,2,11,3,1,1,0,2,0,1,1,1,48,70,215,0,0,1,2,2,2,1,14,13,1,60,96,91,7,12,2020,2,1,2,42,1,1,4,2,10,50.0
210664,1,1,29,1,1,4,11,3,1,1,0,4,0,2,0,1,66,71,140,0,3,3,4,1,1,1,1,6,0,60,96,0,10,12,2020,5,0,2,14,1,1,2,3,1,33.33333333
210669,1,1,74,1,1,4,11,20,20,0,0,1,0,1,0,1,998,72,180,0,0,1,2,2,2,1,14,6,0,60,96,0,11,12,2020,6,15,2,24,1,1,4,1,1,100.0
210676,1,1,17,1,1,3,11,3,8,0,0,2,0,2,0,1,998,68,136,0,0,1,3,1,2,1,11,15,0,13,96,38,12,12,2020,7,18,2,12,2,3,1,3,1,33.33333333
210678,1,1,21,1,1,0,11,3,20,0,0,1,0,2,0,1,30,71,230,0,0,1,2,1,2,1,1,80,0,13,96,0,15,12,2020,3,5,2,8,3,3,1,2,1,50.0
210679,1,1,61,1,1,4,11,20,20,0,0,1,0,1,0,1,998,67,175,0,4,3,2,2,1,4,1,6,0,60,96,87,1,12,2020,3,2,2,24,1,1,3,2,10,100.0
210680,1,1,40,1,1,0,11,3,20,0,0,3,0,2,0,1,998,71,200,0,0,2,2,1,2,2,1,80,0,13,96,87,16,12,2020,4,21,2,8,3,2,1,3,10,25.0
210683,1,1,21,2,1,4,11,20,3,0,0,1,0,2,0,1,998,61,108,0,0,2,2,1,2,2,1,12,1,13,96,87,19,12,2020,7,23,2,42,1,1,4,3,2,100.0
210686,1,1,36,1,1,0,11,3,8,0,0,3,0,1,0,1,45,71,205,0,0,2,2,1,2,2,1,80,0,60,96,0,4,12,2020,6,21,2,8,1,1,1,2,2,25.0
210689,1,1,70,1,1,3,11,3,8,0,0,2,0,1,0,1,998,71,205,0,0,6,2,3,2,1,14,80,0,13,96,0,20,12,2020,1,23,2,8,20,1,1,2,1,33.33333333