ST_CASE,VEH_NO,PER_NO,AGE,SEX,PER_TYP,INJ_SEV,SEAT_POS,REST_USE,AIR_BAG,DRUGS,LOCATION,NUMOCCS,HIT_RUN,OWNER,V_CONFIG,HAZ_INV,TRAV_SP,DR_HGT,DR_WGT,PREV_SPD,SPEEDREL,VTRAFWAY,VNUM_LAN,VPROFILE,VPAVETYP,VSURCOND,P_CRASH1,P_CRASH2,DR_DRINK,VPICBODYCLASS,DRDISTRACT,DRIVERRF,DAY,MONTH,YEAR,DAY_WEEK,HOUR,RUR_URB,HARM_EV,RELJCT2,TYP_INT,REL_ROAD,LGT_COND,WEATHER,Fatality Rate (%)
220507,1,1,55,2,1,4,11,20,1,0,0,1,0,1,0,1,55,63,324,0,0,1,2,1,2,1,6,10,0,9,99,0,7,10,2020,4,14,2,12,1,1,1,1,1,50.0
220510,1,1,26,1,1,4,11,20,20,1,0,4,0,2,0,1,61,64,142,0,3,1,2,2,2,1,14,13,0,119,99,6,27,9,2020,1,21,2,1,1,1,4,2,1,25.0
220511,1,1,26,1,1,0,11,3,20,9,0,1,0,1,0,1,45,65,160,1,0,2,2,1,2,1,1,80,0,7,0,0,5,10,2020,2,4,2,8,1,1,1,3,1,50.0
220512,1,1,27,1,1,0,11,3,20,0,0,1,1,1,0,1,999,69,165,0,0,2,2,1,2,1,1,80,0,7,0,0,6,10,2020,3,5,2,8,2,2,1,3,1,50.0
220513,1,1,32,2,1,3,11,3,2,0,0,1,0,0,0,1,999,63,138,0,0,1,2,1,1,1,14,10,0,13,93,6,12,10,2020,2,18,2,12,1,1,1,1,1,25.0
220514,1,1,33,2,1,2,11,3,20,9,0,3,0,2,0,1,998,64,200,0,0,1,5,1,1,1,11,15,0,7,93,38,12,7,2020,1,20,2,12,2,2,1,1,1,25.0
220516,1,1,78,2,1,4,11,99,1,0,0,1,0,1,0,1,999,67,130,1,9,1,2,1,2,1,1,12,0,7,99,0,11,6,2020,5,20,2,30,1,1,4,3,1,100.0
220517,1,1,20,1,1,0,11,3,20,0,0,1,0,1,0,1,999,69,195,0,9,1,2,1,1,1,1,80,0,3,12,0,19,6,2020,6,21,2,8,1,1,1,7,1,50.0
220518,1,1,60,1,1,4,11,20,1,0,0,1,0,3,0,1,999,70,180,0,9,1,2,1,2,1,1,13,0,60,0,6,21,6,2020,1,21,2,46,3,2,4,3,1,100.0
220519,1,1,53,1,1,4,11,20,1,0,0,1,0,2,0,1,74,69,236,0,3,3,2,2,1,1,1,10,1,13,0,0,17,7,2020,6,23,2,12,1,1,1,2,1,33.33333333
220521,1,1,55,1,1,1,11,20,20,9,0,1,0,2,0,1,998,72,165,0,9,1,2,1,2,1,17,10,0,13,0,38,3,8,2020,2,20,2,12,1,1,1,3,1,50.0
220522,1,1,48,1,1,4,11,20,20,9,0,1,0,1,0,1,998,71,215,0,9,1,2,1,2,1,1,11,0,12,93,0,23,8,2020,1,22,2,33,1,1,4,3,1,100.0
220526,1,1,65,1,1,4,11,20,20,9,0,1,0,2,0,1,998,71,230,0,0,2,3,1,1,1,1,1,0,60,99,80,22,8,2020,7,16,2,24,1,1,4,1,1,100.0
220527,1,1,50,2,1,4,11,20,8,0,0,1,0,2,0,1,998,69,333,0,0,1,4,1,1,1,14,13,0,7,0,6,25,6,2020,5,3,2,33,1,1,4,3,10,100.0
220528,1,1,999,9,1,9,11,99,99,9,0,99,1,9,99,1,998,999,999,99,9,5,6,1,2,1,99,80,0,999,99,999,21,8,2020,6,2,2,8,2,2,1,3,1,25.0
220529,1,1,26,1,1,4,11,99,9,9,0,1,0,1,0,1,67,67,165,0,3,1,2,1,2,1,1,6,1,60,99,6,22,8,2020,7,21,2,30,1,1,4,2,1,100.0
220530,1,1,46,1,1,1,11,3,9,0,0,2,0,1,0,1,74,74,230,0,0,3,2,1,1,1,1,50,0,60,3,6,31,8,2020,2,10,2,12,1,1,1,1,1,16.66666667
220532,1,1,33,1,1,2,11,3,9,0,0,1,0,1,0,1,71,72,140,0,3,2,4,1,2,1,1,17,0,13,0,91,6,9,2020,1,23,2,12,2,2,1,3,1,16.66666667
220533,1,1,58,1,1,2,11,20,99,0,0,1,0,1,6,1,60,78,240,2,4,3,2,1,2,1,15,52,0,66,93,26,9,9,2020,4,18,2,12,18,1,1,1,1,33.33333333
220534,1,1,57,2,1,4,11,20,9,9,0,1,0,1,0,1,999,65,115,1,4,1,2,1,2,1,1,51,0,13,99,26,28,9,2020,2,16,2,12,1,1,1,1,10,33.33333333
220535,1,1,25,1,1,4,11,3,8,0,0,1,0,1,0,1,140,70,150,1,3,2,2,1,1,1,1,51,1,3,99,37,29,9,2020,3,23,2,12,2,2,1,3,1,50.0
220536,1,1,41,1,1,4,11,20,20,0,0,2,0,1,0,1,70,72,270,0,5,2,2,1,2,1,1,51,1,60,99,36,5,10,2020,2,20,2,12,1,1,1,2,1,12.5
220538,1,1,41,1,1,4,11,3,9,9,0,2,0,1,0,1,999,70,210,0,5,6,8,1,2,1,1,50,0,13,99,6,16,10,2020,6,8,2,12,2,98,1,1,1,50.0
220540,1,1,38,1,1,2,11,99,9,9,0,1,0,2,0,1,999,69,250,3,0,1,2,1,2,1,14,10,0,7,99,6,27,10,2020,3,6,2,12,1,1,1,3,1,33.33333333
220541,1,1,20,2,1,1,11,20,99,1,0,1,0,9,0,1,38,999,999,99,0,1,2,1,1,1,1,54,0,13,0,0,29,4,2020,4,20,2,15,2,2,1,3,1,50.0
220543,1,1,22,1,1,0,11,3,20,0,0,1,0,1,0,1,5,64,120,0,0,2,2,1,1,1,13,54,0,60,0,10,20,8,2020,5,9,2,12,4,1,1,1,1,50.0
220544,1,1,61,1,1,0,11,3,20,1,0,1,0,2,0,1,46,70,315,0,0,2,2,1,2,1,1,80,0,13,0,0,22,8,2020,7,2,2,8,1,1,1,3,1,50.0
220547,1,1,23,1,1,1,11,99,99,1,0,2,0,2,0,1,50,65,137,0,3,2,2,1,2,1,1,17,0,7,93,37,22,10,2020,5,14,2,12,2,2,1,1,1,33.33333333
220549,1,1,21,1,1,4,11,3,1,1,0,1,0,2,0,1,998,74,152,0,9,2,2,1,2,1,1,51,1,60,99,0,11,10,2020,1,21,2,12,4,1,1,3,1,50.0
220551,1,1,999,9,1,0,11,99,99,9,0,1,1,9,99,1,999,999,999,99,9,2,2,1,2,1,99,99,0,999,99,0,18,10,2020,1,22,2,8,1,1,1,3,1,50.0
220555,1,1,33,1,1,4,11,20,20,0,0,1,0,1,99,1,999,70,160,0,9,1,2,1,1,1,11,15,0,999,99,0,30,10,2020,6,22,2,12,2,2,1,1,10,50.0
220556,1,1,38,1,1,4,11,20,1,0,0,1,0,1,0,1,999,73,160,0,9,3,2,3,2,1,14,13,1,5,99,999,7,10,2020,4,23,2,52,1,1,4,3,1,100.0
220558,1,1,56,1,1,0,11,3,20,0,0,1,0,1,0,1,999,65,195,0,9,2,2,1,2,1,1,83,0,60,99,0,18,10,2020,1,19,2,9,1,1,1,3,1,50.0
220560,1,1,24,1,1,2,11,3,1,9,0,1,0,1,0,1,999,71,190,0,9,2,2,1,1,1,1,10,1,7,99,6,25,10,2020,1,8,2,12,8,1,1,1,10,50.0
220562,1,1,71,1,1,4,11,3,9,0,0,1,0,1,0,1,55,72,195,0,0,1,3,1,2,1,14,13,1,13,99,6,16,8,2020,1,17,2,59,1,1,4,1,1,100.0
220567,1,1,22,1,1,0,11,3,20,0,0,1,0,1,0,1,55,76,155,0,0,1,2,1,2,1,1,80,0,60,0,0,24,10,2020,7,23,2,8,1,1,1,2,1,50.0
220570,1,1,31,1,1,2,11,20,1,9,0,1,0,9,0,1,70,999,999,99,0,2,2,1,2,2,1,51,1,13,93,26,28,10,2020,4,0,2,12,1,1,1,2,1,33.33333333
220571,1,1,999,9,1,5,11,20,20,9,0,1,1,9,0,1,999,999,999,99,9,1,2,1,2,1,1,83,0,60,99,6,30,10,2020,6,21,2,9,1,1,1,7,1,50.0
220572,1,1,58,2,1,0,11,3,20,0,0,1,0,2,0,1,999,66,190,0,9,1,2,1,1,1,1,80,0,3,99,0,22,10,2020,5,18,2,8,2,4,1,3,1,50.0
220573,1,1,67,1,1,4,11,3,1,1,0,1,0,1,0,1,999,71,155,0,9,2,2,1,1,1,1,12,0,7,99,0,3,11,2020,3,18,2,34,1,1,4,2,1,100.0
220574,1,1,13,1,1,4,11,20,20,0,0,2,0,0,0,1,999,999,999,99,9,1,2,1,1,1,1,13,0,69,0,0,2,11,2020,2,12,2,33,1,1,4,1,1,50.0
220578,1,1,999,9,1,0,11,99,99,9,0,1,1,9,99,1,998,999,999,99,9,2,2,1,1,1,99,99,0,999,99,0,13,11,2020,6,20,2,8,2,2,1,3,1,50.0
220580,1,1,52,1,1,4,11,20,1,9,0,1,0,1,0,1,85,71,195,1,3,1,2,1,2,1,1,13,0,60,99,0,6,10,2020,3,10,2,53,1,1,4,1,1,100.0
220581,1,1,95,1,1,4,11,20,9,0,0,1,0,1,0,1,60,66,180,0,0,2,2,1,1,2,1,12,0,5,0,0,23,9,2020,4,8,2,12,1,1,1,1,2,50.0
220584,1,1,30,1,1,0,11,3,20,0,0,1,0,1,0,1,45,70,205,0,0,1,2,1,2,1,1,80,0,8,0,0,17,10,2020,7,22,2,8,2,2,1,3,1,50.0
220585,1,1,52,1,1,4,11,20,20,9,0,1,0,1,0,1,100,73,210,0,3,3,2,1,1,1,14,13,0,98,93,6,25,10,2020,1,10,2,30,1,1,4,1,1,100.0
220586,1,1,32,1,1,1,11,3,20,0,0,5,0,1,0,1,40,66,200,0,0,1,2,1,2,1,1,80,0,60,0,0,18,11,2020,4,18,2,8,1,1,1,3,1,16.66666667
220587,1,1,36,1,1,0,11,3,20,0,0,2,0,1,0,1,999,72,225,0,9,3,2,1,2,1,1,80,0,60,0,0,23,11,2020,2,19,2,8,1,1,1,3,1,33.33333333
220589,1,1,50,2,1,0,11,3,20,0,0,1,0,1,0,1,45,68,145,0,0,2,2,1,1,1,1,80,1,13,99,0,4,10,2020,1,20,2,8,1,1,1,3,1,33.33333333
220591,1,1,43,1,1,4,11,3,1,1,0,1,0,1,0,1,45,70,185,5,0,1,2,1,2,1,99,10,0,60,99,0,21,10,2020,4,6,2,12,1,1,1,3,1,25.0
220592,1,1,17,2,1,4,11,20,99,1,0,4,0,2,0,1,62,999,999,99,0,2,2,1,2,1,1,10,0,3,93,0,26,10,2020,2,17,2,12,1,1,1,5,1,40.0
220595,1,1,25,1,1,4,11,3,20,1,0,1,0,0,0,1,40,68,200,0,0,3,2,1,2,1,2,3,0,60,0,0,26,10,2020,2,22,2,12,1,1,1,2,1,50.0
220597,1,1,25,1,1,1,11,3,99,0,0,2,0,1,0,1,999,67,125,0,9,2,2,1,1,1,1,11,1,13,93,6,5,7,2020,1,4,2,33,1,1,4,3,1,50.0
220599,1,1,33,2,1,1,11,3,1,0,0,1,0,3,0,1,16,69,204,0,0,1,2,1,2,1,11,54,0,13,93,38,5,10,2020,2,9,2,12,2,3,1,1,1,50.0
220602,1,1,39,2,1,1,11,3,20,0,0,4,0,1,0,1,998,59,150,2,9,2,2,1,2,1,1,80,0,3,0,0,25,10,2020,1,21,2,8,2,3,1,3,1,20.0
220605,1,1,80,2,1,0,11,3,20,0,0,1,0,1,0,1,38,68,158,0,0,2,2,1,2,1,1,80,0,13,0,0,8,11,2020,1,13,2,8,1,1,1,1,1,50.0
220606,1,1,65,1,1,1,11,3,1,1,0,1,0,1,0,1,998,67,168,0,9,1,2,1,1,1,1,54,1,60,0,0,14,11,2020,7,17,2,12,2,4,1,3,1,33.33333333
220609,1,1,30,1,1,3,11,99,1,1,0,5,0,2,0,1,998,999,999,99,9,2,2,1,1,1,1,12,1,13,0,0,28,11,2020,7,23,2,19,1,1,4,3,10,20.0
220611,1,1,71,2,1,1,11,3,20,0,0,1,0,1,0,1,40,64,250,1,0,1,2,1,2,1,1,80,0,13,0,0,6,2,2020,5,20,2,8,1,1,1,3,1,50.0
220612,1,1,33,1,1,0,11,3,2,0,0,3,0,1,0,1,60,69,170,0,0,3,2,1,1,2,1,13,1,60,93,6,25,8,2020,3,2,2,25,1,1,4,2,98,33.33333333
220613,1,1,33,2,1,4,11,20,20,0,0,1,0,1,0,1,999,63,155,1,9,2,2,1,2,1,1,5,1,98,0,82,2,9,2020,4,23,2,44,2,2,1,3,1,50.0
220616,1,1,25,1,1,4,11,3,1,0,0,1,0,1,0,1,100,69,145,3,3,1,2,1,2,2,1,13,0,13,93,0,20,9,2020,1,9,2,32,1,1,4,1,2,100.0
220617,1,1,56,2,1,0,11,3,20,0,0,1,0,2,0,1,35,62,84,0,0,2,2,1,2,1,1,80,0,2,0,0,21,9,2020,2,20,2,8,1,1,1,3,10,50.0
220618,1,1,32,1,1,0,11,3,1,0,0,1,0,1,0,1,999,69,205,1,9,2,2,1,1,1,1,80,1,13,0,6,26,9,2020,7,22,2,8,2,2,1,3,1,33.33333333
220620,1,1,35,1,1,0,11,3,20,1,0,1,0,1,0,1,998,68,181,0,9,1,2,1,2,1,1,13,0,13,15,6,9,10,2020,6,9,2,8,1,1,4,1,10,50.0
220624,1,1,39,2,1,1,11,3,9,0,0,3,0,4,0,1,60,999,999,0,0,2,2,1,1,1,1,80,0,13,0,0,22,10,2020,5,12,2,8,1,1,1,1,1,25.0
220625,1,1,999,9,1,9,11,99,99,9,0,99,1,9,0,1,55,999,999,99,9,3,2,2,2,1,1,80,0,999,99,999,29,10,2020,5,21,2,8,18,1,1,2,1,25.0
220626,1,1,43,1,1,4,11,20,20,0,0,1,0,1,0,1,55,74,245,0,0,1,2,1,2,1,14,13,0,80,99,6,26,10,2020,2,16,2,59,1,1,4,1,1,100.0
220627,1,1,999,9,1,9,11,99,99,9,0,99,1,9,0,1,999,999,999,99,0,1,2,1,2,1,1,83,0,2,99,999,1,11,2020,1,21,2,9,8,1,1,3,1,50.0
220628,1,1,19,1,1,2,11,3,9,0,0,2,0,2,0,1,999,62,140,0,9,1,2,1,2,2,14,13,1,7,0,36,8,11,2020,1,0,2,42,1,1,4,2,2,50.0
220629,1,1,21,1,1,0,11,99,20,0,0,1,0,1,0,1,999,71,133,2,9,2,2,1,1,1,1,83,0,13,99,0,2,12,2020,4,22,2,9,2,2,1,3,1,50.0
220630,1,1,23,1,1,4,11,20,20,9,0,1,0,1,99,1,998,66,110,0,9,2,2,1,2,1,1,18,0,999,0,0,6,11,2020,6,19,2,5,1,1,1,3,1,100.0
220631,1,1,46,1,1,4,11,20,1,9,0,1,0,1,0,1,999,67,170,0,9,6,1,1,2,1,1,13,0,3,99,6,21,9,2020,2,2,2,20,5,1,4,3,10,100.0
220632,1,1,30,1,1,0,11,3,1,0,0,1,0,1,0,1,81,67,185,0,3,1,2,1,2,1,14,80,0,60,0,6,2,10,2020,6,19,2,8,1,1,1,2,1,33.33333333
220637,1,1,16,2,1,0,11,99,20,0,0,3,0,2,0,1,999,60,174,0,9,2,2,1,1,1,1,80,0,13,0,0,20,11,2020,6,17,2,8,3,2,1,3,1,25.0
220640,1,1,52,1,1,4,11,20,20,0,0,1,0,1,0,1,999,69,180,0,9,1,2,1,1,1,1,12,0,80,0,0,11,12,2020,6,19,2,42,1,1,4,3,1,100.0
220641,1,1,47,1,1,0,11,3,20,0,0,1,0,1,0,1,35,66,154,0,0,1,2,1,2,1,14,80,0,13,0,0,14,12,2020,2,5,2,8,1,1,1,2,1,50.0
220642,1,1,51,2,1,4,11,20,20,9,0,1,0,2,0,1,999,67,145,0,9,1,2,1,2,1,1,13,0,7,99,999,17,12,2020,5,6,2,34,1,1,4,2,1,100.0
220644,1,1,28,1,1,4,11,3,99,0,0,1,0,2,0,1,0,999,999,99,0,3,2,1,2,1,7,98,1,60,99,54,1,11,2020,1,5,2,12,1,1,1,2,1,50.0
220648,1,1,18,1,1,4,11,20,1,0,0,3,0,1,0,1,55,71,235,0,0,1,2,1,2,1,1,10,0,60,99,999,27,11,2020,6,19,2,12,1,1,1,2,1,50.0
220650,1,1,46,1,1,4,11,20,1,9,0,1,0,1,0,1,999,67,225,0,0,2,2,1,2,1,1,10,1,13,99,0,8,12,2020,3,0,2,12,2,2,1,6,10,50.0
220652,1,1,50,1,1,4,11,3,1,0,0,1,0,1,0,1,45,70,170,0,0,1,2,1,2,1,1,10,1,13,99,999,6,12,2020,1,23,2,12,1,1,1,2,1,50.0
220654,1,1,37,2,1,4,11,3,99,0,0,1,0,2,0,1,40,64,130,0,0,1,2,2,2,2,14,10,0,13,99,999,23,10,2020,6,18,2,12,1,1,1,5,2,33.33333333
220656,1,1,56,1,1,0,11,3,20,0,0,2,0,3,0,1,35,68,230,0,0,2,2,1,1,1,1,80,0,9,0,0,4,11,2020,4,18,2,8,1,1,1,3,1,33.33333333
220657,1,1,44,1,1,4,11,20,1,0,0,1,0,1,0,1,90,72,195,0,3,1,2,1,1,1,99,13,1,60,99,6,13,11,2020,6,23,2,19,8,1,4,3,1,100.0
220659,1,1,23,1,1,0,11,20,20,0,0,1,0,1,0,1,999,75,195,1,9,2,2,1,1,1,1,80,0,13,99,6,22,11,2020,1,20,2,8,1,1,1,3,1,50.0
220660,1,1,35,2,1,1,11,3,20,0,0,6,0,2,0,1,43,999,999,99,0,1,2,1,2,2,14,12,0,2,0,0,29,11,2020,1,16,2,34,1,1,4,1,2,16.66666667
220663,1,1,49,1,1,4,11,3,1,0,0,1,0,1,0,1,45,63,145,0,0,1,2,1,2,2,1,10,1,13,98,0,31,12,2020,5,15,2,12,1,1,1,1,2,50.0
220664,1,1,75,1,1,4,11,3,8,0,0,1,0,1,0,1,12,71,205,0,0,0,0,0,0,0,11,15,0,7,99,38,9,10,2020,6,14,2,12,8,1,1,1,10,25.0
220665,1,1,999,9,1,9,11,99,98,9,0,99,1,9,99,1,998,999,999,99,9,1,4,1,1,1,99,80,0,999,99,999,28,9,2020,2,20,2,8,2,3,1,6,1,50.0
220666,1,1,29,1,1,4,11,20,99,0,0,2,0,1,0,1,55,69,180,1,0,1,2,1,2,1,14,13,1,60,99,6,11,10,2020,1,2,2,30,1,1,4,3,1,100.0
220668,1,1,47,1,1,0,11,3,1,1,0,1,0,1,0,1,45,73,280,0,0,1,2,1,2,1,1,80,1,60,92,0,11,11,2020,4,19,2,8,1,1,1,2,1,50.0
220672,1,1,82,2,1,3,11,3,1,1,0,2,0,2,0,1,10,64,215,0,0,1,2,1,2,1,11,15,0,13,99,38,22,11,2020,1,11,2,12,2,3,1,1,1,33.33333333
220673,1,1,28,1,1,4,11,20,9,1,0,2,0,2,0,1,999,70,155,0,9,1,2,1,2,1,1,10,0,13,3,6,14,12,2020,2,15,2,12,1,1,1,1,1,66.66666667
220674,1,1,56,2,1,0,11,20,20,9,0,1,0,1,0,1,999,64,160,0,9,3,2,1,2,1,1,83,0,13,99,0,21,12,2020,2,3,2,9,1,1,1,3,10,50.0
220675,1,1,999,9,9,9,99,99,98,9,0,99,1,9,99,1,998,998,997,998,8,2,2,1,1,1,0,99,0,999,16,999,21,12,2020,2,20,2,9,1,1,1,3,1,50.0
220676,1,1,60,2,1,0,11,3,9,0,0,1,0,2,0,1,998,65,223,0,0,1,4,1,2,1,1,80,0,7,0,0,5,10,2020,2,21,2,8,1,1,1,3,1,50.0
220677,1,1,36,2,1,0,11,99,20,1,0,2,0,1,0,1,998,64,130,0,0,1,4,1,2,1,1,80,0,8,0,0,6,11,2020,6,19,2,8,1,1,1,7,1,33.33333333
220679,1,1,31,1,1,4,11,20,9,9,0,1,0,2,0,1,60,69,250,0,5,3,2,1,1,1,15,51,0,13,99,36,23,11,2020,2,6,2,12,1,1,1,4,1,33.33333333
220680,1,1,34,1,1,4,11,3,9,9,0,1,0,1,0,1,999,75,220,0,3,3,8,1,2,1,14,13,1,13,0,0,9,12,2020,4,20,2,35,1,1,4,3,1,100.0
220681,1,1,61,1,1,4,11,20,9,9,0,1,0,2,0,1,998,71,168,0,0,2,2,1,2,1,1,52,0,60,99,26,11,12,2020,6,5,2,12,3,2,1,4,1,50.0
220683,1,1,50,1,1,0,11,3,20,9,0,1,0,3,6,1,999,999,999,0,0,0,0,0,0,0,11,15,0,66,93,38,22,12,2020,3,6,2,12,8,1,1,4,1,50.0
220684,1,1,44,2,1,4,11,99,99,1,0,1,0,2,0,1,0,65,130,0,0,3,3,1,1,1,5,98,0,7,99,36,27,12,2020,1,0,2,12,18,1,1,3,1,50.0
220685,1,1,31,2,1,4,11,20,1,9,0,4,0,2,0,1,42,64,180,0,0,1,2,1,2,1,14,10,0,13,99,28,12,11,2020,5,15,2,12,1,1,1,1,1,40.0
220686,1,1,28,1,1,0,11,3,20,0,0,2,0,1,0,1,55,67,185,0,0,1,2,1,2,1,1,80,0,119,0,0,17,12,2020,5,21,2,8,1,1,1,2,1,33.33333333
220687,1,1,28,1,1,0,11,3,20,0,0,2,0,3,1,1,55,67,200,0,0,1,2,1,2,1,1,80,0,11,93,6,17,12,2020,5,17,2,8,1,1,1,2,1,33.33333333
220690,1,1,71,1,1,1,11,3,1,9,0,1,0,1,0,1,30,69,210,0,0,1,2,1,2,1,11,10,0,60,93,38,7,8,2020,6,19,2,12,8,1,1,1,1,50.0
220691,1,1,55,1,1,1,11,3,20,0,0,1,0,3,0,1,30,73,262,0,0,2,2,1,1,1,1,54,0,60,93,0,28,8,2020,6,12,2,12,2,2,1,1,1,25.0
220697,1,1,85,1,1,4,11,3,1,0,0,1,0,1,0,1,60,70,130,0,0,2,2,1,2,1,1,11,0,13,93,0,9,10,2020,6,9,2,14,1,1,2,1,1,100.0
220698,1,1,59,1,1,4,11,20,20,0,0,1,0,1,0,1,999,71,185,1,9,2,2,1,2,1,14,13,0,94,99,0,18,11,2020,4,11,2,32,1,1,4,1,1,100.0
220700,1,1,26,1,1,4,11,20,20,1,0,1,0,2,0,1,998,72,230,0,9,1,2,1,1,1,1,17,0,69,99,999,23,11,2020,2,16,2,12,2,2,1,1,1,50.0
220702,1,1,40,2,1,0,11,3,1,0,0,3,0,1,0,1,998,67,180,0,9,2,2,1,2,2,1,80,0,7,0,0,27,11,2020,6,20,2,8,2,2,1,3,2,25.0
220707,1,1,54,1,1,0,11,99,20,1,0,1,1,1,0,1,55,74,300,0,0,1,2,1,2,1,1,11,0,60,99,91,10,12,2020,5,16,2,9,1,1,2,1,1,50.0
220710,1,1,22,1,1,4,11,20,1,1,0,1,0,2,0,1,83,67,130,3,3,1,2,1,2,1,1,13,0,13,93,6,22,12,2020,3,7,2,32,1,1,4,1,1,100.0
220711,1,1,56,1,1,1,11,3,20,0,0,1,0,1,0,1,999,71,260,0,0,2,8,1,2,1,1,83,0,7,0,0,29,12,2020,3,23,2,9,2,2,1,3,1,50.0
220712,1,1,25,1,1,4,11,20,20,0,0,1,0,1,0,1,92,67,145,2,5,1,2,1,2,1,1,50,1,80,0,85,21,11,2020,7,23,2,1,8,1,2,3,1,33.33333333
220713,1,1,70,2,1,2,11,3,99,0,0,3,0,1,0,1,999,63,230,0,9,2,2,1,1,1,11,15,0,13,99,38,27,1,2020,2,20,2,12,2,2,1,2,1,20.0
220719,1,1,81,2,1,0,11,3,20,0,0,1,0,3,21,1,0,64,145,0,0,1,2,1,2,1,98,15,0,73,0,38,4,12,2020,6,16,2,12,2,3,1,1,1,50.0
220720,1,1,26,1,1,4,11,20,1,0,0,1,0,2,0,1,81,71,210,0,3,1,2,1,2,1,1,14,1,5,99,39,9,12,2020,4,22,2,32,3,2,4,1,1,100.0
220721,1,1,24,1,1,4,11,20,1,0,0,1,0,1,0,1,90,66,185,1,3,1,2,1,2,1,14,12,1,60,99,6,18,12,2020,6,4,2,42,1,1,4,2,1,100.0
220724,1,1,20,1,1,2,11,20,1,1,0,1,0,2,0,1,82,72,250,0,3,1,2,1,2,2,1,10,0,60,0,6,23,12,2020,4,18,2,12,2,2,1,2,10,33.33333333
220725,1,1,27,1,1,4,11,20,20,0,0,1,0,2,0,1,55,80,165,0,0,2,2,1,2,2,16,13,1,7,93,6,28,12,2020,2,23,2,1,1,1,4,2,2,100.0
220727,1,1,25,1,1,4,11,98,98,9,0,1,0,2,0,1,998,999,999,99,0,3,3,1,1,1,1,1,1,7,99,80,11,10,2020,1,22,2,38,1,1,4,3,1,100.0
220729,1,1,21,1,1,0,11,3,20,0,0,1,0,2,0,1,48,67,120,0,0,1,2,1,1,1,1,80,1,3,0,0,13,11,2020,6,22,2,8,1,1,1,2,1,50.0
220730,1,1,38,1,1,0,11,3,20,0,0,1,0,3,6,1,65,69,240,0,0,3,2,1,2,2,1,80,0,66,0,0,31,12,2020,5,22,2,8,1,1,1,2,2,50.0
220732,1,1,32,1,1,4,11,20,99,9,0,2,0,2,0,1,999,999,999,99,9,2,2,1,2,1,1,17,1,13,0,39,26,9,2020,7,23,2,12,2,2,1,3,1,33.33333333
220733,1,1,27,1,1,4,11,20,20,1,0,1,0,1,0,1,90,70,150,0,3,2,4,1,2,1,1,67,0,80,99,36,31,12,2020,5,10,2,12,2,3,1,1,1,20.0
220736,1,1,34,1,1,0,11,3,20,0,0,1,0,3,0,1,998,69,168,0,9,2,2,1,1,1,1,80,0,60,0,0,11,12,2020,6,18,2,8,1,1,1,3,1,50.0
220737,1,1,63,2,1,0,11,3,20,0,0,1,0,1,0,1,25,66,115,0,0,1,2,1,2,1,1,80,0,3,93,0,25,12,2020,6,15,2,8,1,1,1,1,1,50.0
220738,1,1,31,1,1,4,11,20,20,9,0,1,0,0,0,1,35,72,162,0,0,1,2,1,1,6,99,5,0,104,99,0,4,9,2020,6,4,2,44,2,3,1,3,1,100.0
220739,1,1,53,1,1,4,11,20,20,1,0,1,0,1,0,1,999,73,206,99,5,1,2,1,2,1,1,13,1,60,12,6,8,10,2020,5,0,2,42,1,1,4,3,10,100.0
220744,1,1,45,1,1,0,11,3,20,0,0,1,0,1,0,1,5,72,200,0,0,2,3,1,2,1,11,15,0,13,0,38,3,12,2020,5,16,2,12,8,1,1,1,1,50.0
220745,1,1,19,1,1,0,11,3,20,0,0,1,1,1,0,1,50,69,320,3,0,5,5,1,2,1,1,80,1,7,0,28,22,12,2020,3,0,2,8,1,1,2,3,1,50.0
220746,1,1,16,1,9,4,19,98,98,9,0,2,0,5,0,1,999,999,999,99,4,1,2,1,1,1,11,6,0,13,12,39,27,12,2020,1,12,2,30,3,2,4,1,10,50.0
220749,2,1,27,2,1,1,11,3,9,0,0,1,0,1,0,1,80,70,186,0,4,3,2,1,2,1,1,50,1,13,99,6,15,11,2020,1,4,2,12,1,1,1,2,1,16.66666667
220751,1,1,34,1,1,4,11,3,9,1,0,1,0,2,0,1,55,70,170,0,0,1,2,1,2,1,14,13,1,60,99,0,12,12,2020,7,2,2,42,1,1,4,2,1,100.0
220756,1,1,19,1,1,4,11,98,98,9,0,1,0,2,0,1,998,65,130,0,0,2,1,1,1,1,1,13,0,3,99,999,17,11,2020,3,21,2,42,1,1,4,3,1,100.0
220757,1,1,999,9,1,0,11,99,99,9,0,99,1,9,99,1,999,999,999,99,9,2,2,1,2,1,99,80,0,999,99,999,2,2,2020,1,4,2,8,1,1,1,3,1,50.0
220760,1,1,54,1,1,4,11,20,20,0,0,1,0,2,0,1,999,67,245,0,9,3,2,1,1,1,1,13,0,94,99,0,24,12,2020,5,13,2,24,1,1,4,1,1,100.0
220761,1,1,71,2,1,4,11,3,99,0,0,1,0,1,0,1,999,62,190,0,9,2,2,1,1,1,1,17,0,13,99,999,9,12,2020,4,8,2,12,2,2,1,1,1,50.0
220762,1,1,68,1,1,4,11,3,20,0,0,1,0,1,0,1,999,73,248,0,9,1,2,1,1,1,11,54,0,13,0,38,7,12,2020,2,9,2,12,2,2,1,1,10,50.0