ST_CASE,VEH_NO,PER_NO,AGE,SEX,PER_TYP,INJ_SEV,SEAT_POS,REST_USE,AIR_BAG,DRUGS,LOCATION,NUMOCCS,HIT_RUN,OWNER,V_CONFIG,HAZ_INV,TRAV_SP,DR_HGT,DR_WGT,PREV_SPD,SPEEDREL,VTRAFWAY,VNUM_LAN,VPROFILE,VPAVETYP,VSURCOND,P_CRASH1,P_CRASH2,DR_DRINK,VPICBODYCLASS,DRDISTRACT,DRIVERRF,DAY,MONTH,YEAR,DAY_WEEK,HOUR,RUR_URB,HARM_EV,RELJCT2,TYP_INT,REL_ROAD,LGT_COND,WEATHER,Fatality Rate (%)
220766,1,1,17,1,1,0,11,3,9,0,0,1,0,2,0,1,999,72,300,0,9,2,3,1,1,1,11,15,0,7,0,6,18,10,2020,1,15,2,12,2,4,1,1,1,33.33333333
220767,1,1,40,1,1,0,11,3,20,0,0,4,0,1,0,1,35,66,110,0,0,2,2,1,1,1,1,80,0,7,0,0,23,2,2020,1,3,2,8,1,1,1,3,1,20.0
220768,1,1,999,9,1,9,11,98,98,9,0,99,1,9,99,1,999,999,999,99,9,3,3,1,1,1,1,80,0,999,99,36,15,11,2020,1,3,2,8,3,2,1,2,1,50.0
220769,1,1,19,2,1,1,11,3,9,0,0,4,0,2,0,1,45,63,116,0,0,3,3,1,1,1,11,15,0,13,93,6,17,12,2020,5,15,2,12,2,2,1,1,1,16.66666667
220775,1,1,37,2,1,4,11,99,9,9,0,1,0,1,0,1,999,57,140,99,9,2,2,1,1,1,99,99,0,13,99,999,20,11,2020,6,4,2,42,1,1,4,3,1,100.0
220776,1,1,56,1,1,4,11,20,9,0,0,1,0,1,0,1,998,74,230,0,0,2,3,1,1,1,14,98,0,13,0,0,8,12,2020,3,5,2,34,19,1,4,4,1,100.0
220777,1,1,35,1,1,2,11,1,9,0,0,1,0,1,0,1,998,76,275,1,0,2,3,6,2,1,1,52,0,60,15,6,28,12,2020,2,6,2,12,17,1,1,3,1,33.33333333
220778,1,1,998,1,1,0,11,98,98,0,0,2,0,4,0,1,998,999,999,99,0,3,4,1,1,1,1,98,1,60,3,999,7,12,2020,2,2,2,5,1,1,1,3,1,50.0
230001,1,1,74,1,1,0,11,3,20,8,0,1,0,1,0,1,998,70,250,0,0,1,2,2,2,1,1,80,1,13,0,38,14,1,2020,3,16,2,8,3,3,1,3,10,50.0
230012,1,1,44,1,1,4,11,20,8,1,0,1,0,2,0,1,998,71,160,1,0,1,2,1,8,2,1,12,1,7,99,36,15,1,2020,4,0,2,1,1,1,4,3,1,100.0
230018,1,1,39,2,1,1,11,3,1,8,0,2,0,1,0,1,998,65,250,0,0,1,2,2,2,1,1,62,0,15,0,0,11,3,2020,4,13,2,12,1,1,1,1,1,33.33333333
230021,1,1,25,2,1,4,11,3,8,8,0,1,0,1,0,1,998,64,120,0,3,1,4,1,2,1,14,13,1,13,99,36,31,3,2020,3,21,2,42,3,3,5,3,1,100.0
230023,1,1,55,1,1,4,11,1,20,8,0,2,0,1,0,1,998,71,180,0,3,1,2,2,2,1,14,10,1,13,99,58,12,4,2020,1,16,2,30,3,3,4,1,1,100.0
230025,1,1,28,1,1,4,11,20,20,8,0,1,0,1,0,1,998,67,150,2,0,1,2,4,2,1,6,17,0,6,99,36,18,4,2020,7,11,2,12,2,3,1,1,1,66.66666667
230028,1,1,57,1,1,4,11,20,20,1,0,1,0,1,0,1,998,70,219,0,4,2,2,2,8,4,1,13,1,60,0,87,22,4,2020,4,5,2,24,1,1,4,4,1,100.0
230029,1,1,19,1,1,4,11,3,2,8,0,1,0,1,0,1,998,70,180,0,0,1,2,1,2,2,14,13,0,13,99,0,27,4,2020,2,9,2,52,1,1,4,2,2,100.0
230030,1,1,31,1,1,4,11,20,8,8,0,1,0,1,0,1,998,69,155,1,0,3,2,1,2,2,14,12,1,13,99,0,27,4,2020,2,20,2,24,1,1,3,2,10,100.0
230031,1,1,71,1,1,0,11,3,20,8,0,1,0,1,0,1,998,70,200,0,0,1,2,8,2,1,11,15,0,7,99,38,2,5,2020,7,12,2,12,2,3,1,1,1,50.0
230032,1,1,59,1,1,4,11,3,1,8,0,1,0,1,0,1,998,67,150,0,0,6,2,1,2,1,1,59,0,60,0,0,28,4,2020,3,16,2,12,5,1,1,1,10,50.0
230033,1,1,66,1,1,4,11,20,20,8,0,1,0,1,0,1,998,72,290,0,4,1,2,1,8,5,14,19,1,69,0,0,2,2,2020,1,12,2,5,1,1,1,1,1,100.0
230039,1,1,19,1,1,0,11,1,20,8,0,2,0,2,0,1,998,75,145,0,0,5,3,1,2,1,15,11,0,7,99,0,16,6,2020,3,20,2,12,1,1,1,5,1,33.33333333
230044,1,1,80,2,1,4,11,20,8,8,0,1,0,1,0,1,998,68,120,0,5,1,2,1,8,1,3,14,0,5,0,0,3,3,2020,3,14,2,35,1,1,4,1,1,100.0
230045,1,1,68,1,1,4,11,20,20,8,0,1,0,1,0,1,998,72,180,0,3,2,2,1,8,1,14,10,1,6,99,0,4,7,2020,7,1,2,33,2,3,1,3,1,100.0
230047,1,1,48,2,1,0,11,3,20,8,0,1,0,1,0,1,998,63,120,0,0,4,1,1,8,1,1,17,0,7,0,39,7,5,2020,5,7,2,12,2,2,1,1,1,50.0
230052,1,1,27,1,1,4,11,20,20,1,0,1,0,1,0,1,998,67,185,0,0,1,2,1,2,1,14,13,1,98,99,999,27,5,2020,4,21,2,30,1,1,4,2,1,100.0
230059,1,1,29,1,1,0,11,20,20,1,0,2,0,1,0,1,998,71,160,0,0,1,2,1,8,1,1,12,0,13,92,36,26,7,2020,1,17,2,8,1,1,6,1,1,33.33333333
230068,1,1,68,2,1,4,11,3,20,8,0,1,0,1,0,1,998,68,250,0,0,1,2,2,8,1,14,13,0,7,99,0,22,6,2020,2,6,2,1,1,1,5,1,1,100.0
230070,1,1,18,1,1,4,11,20,8,8,0,1,0,1,0,1,998,69,175,0,3,1,2,1,8,2,14,13,0,15,99,58,9,7,2020,5,6,2,42,1,1,4,1,5,100.0
230072,1,1,65,1,1,4,11,3,1,8,0,1,0,1,0,1,998,74,195,0,0,1,4,1,8,1,14,10,1,13,99,0,16,7,2020,5,20,2,12,1,1,1,3,1,50.0
230083,1,1,22,1,1,4,11,20,20,8,0,2,0,1,0,1,998,72,174,1,0,1,2,1,2,1,6,10,1,81,99,36,23,8,2020,1,21,2,12,1,1,1,3,1,50.0
230084,1,1,53,1,1,4,11,20,20,8,0,1,0,1,0,1,998,65,190,0,0,1,3,1,2,1,1,17,0,98,99,0,26,8,2020,4,5,2,12,2,2,1,3,10,50.0
230089,1,1,23,2,1,0,11,3,20,8,0,3,0,2,0,1,998,62,150,0,0,1,5,1,2,1,1,18,0,13,0,0,15,8,2020,7,23,2,5,1,1,1,6,1,33.33333333
230104,1,1,38,1,1,0,11,3,20,8,0,4,0,1,0,1,998,999,999,0,0,1,2,3,2,1,14,10,0,7,3,0,26,9,2020,7,12,2,12,8,1,1,1,1,20.0
230113,1,1,37,1,1,4,11,3,1,8,0,1,0,1,0,1,998,71,165,0,0,6,2,1,2,1,14,12,0,13,99,0,26,9,2020,7,9,2,42,5,1,4,1,1,100.0
230128,1,1,67,1,1,1,11,3,20,8,0,1,0,1,0,1,998,70,185,2,0,1,4,1,2,1,11,15,0,1,99,38,8,9,2020,3,15,2,12,2,2,1,1,1,50.0
230141,1,1,67,1,1,4,11,3,1,8,0,1,0,1,0,1,998,75,240,0,0,1,2,2,2,1,14,10,1,13,99,0,4,12,2020,6,15,2,12,1,1,1,1,10,33.33333333
230153,1,1,67,1,1,4,11,20,1,8,0,1,0,1,0,1,998,72,195,0,3,1,2,1,2,1,1,51,1,3,99,0,19,12,2020,7,17,2,12,8,1,1,3,1,25.0
240001,1,1,37,2,1,0,11,3,20,0,0,1,0,2,0,1,998,66,180,0,0,2,4,6,2,1,15,80,0,3,0,10,2,1,2020,5,22,2,8,1,1,1,2,1,50.0
240002,1,1,78,1,1,0,11,3,20,0,0,1,0,1,0,1,998,69,150,0,0,1,4,1,2,1,11,80,0,60,0,38,6,1,2020,2,14,2,8,2,3,1,1,1,33.33333333
240003,1,1,56,2,1,4,11,3,20,8,0,1,0,2,0,1,998,66,140,0,0,3,2,1,2,1,3,17,1,13,0,38,9,1,2020,5,15,2,12,2,2,1,1,1,50.0
240005,1,1,38,1,1,4,11,20,8,8,0,1,0,1,0,1,998,64,163,0,0,1,2,1,2,1,1,10,1,13,0,28,8,1,2020,4,22,2,12,1,1,1,3,1,50.0
240006,1,1,28,1,1,0,11,3,20,0,0,1,0,2,0,1,998,69,185,0,0,3,3,1,2,1,1,80,0,13,99,0,15,1,2020,4,20,2,8,3,2,1,3,1,50.0
240007,1,1,75,1,1,0,11,3,20,0,0,1,0,1,0,1,998,72,300,0,0,1,4,1,2,2,1,80,0,60,99,87,14,1,2020,3,17,2,8,1,1,1,3,2,50.0
240008,1,1,41,1,1,4,11,20,1,9,0,1,0,1,0,1,998,70,175,0,4,2,2,1,2,2,14,12,1,60,99,6,18,1,2020,7,7,2,30,1,1,4,1,1,100.0
240009,1,1,61,1,1,0,11,3,20,0,0,2,0,1,0,1,998,68,180,0,0,3,2,6,2,1,1,80,0,13,0,0,16,1,2020,5,18,2,8,1,1,1,3,6,33.33333333
240012,1,1,34,2,1,0,11,3,20,0,0,2,0,2,0,1,998,66,190,0,0,3,2,5,2,1,1,80,0,7,99,0,22,1,2020,4,17,2,8,1,1,1,2,1,33.33333333
240013,1,1,51,1,1,0,11,3,20,0,0,1,0,2,0,1,998,69,190,0,0,3,5,1,2,1,1,10,0,13,0,10,4,2,2020,3,1,2,8,1,1,2,3,1,50.0
240014,1,1,22,2,1,0,11,3,20,0,0,1,0,2,0,1,998,61,130,0,0,2,3,1,2,2,1,80,0,13,0,10,5,2,2020,4,23,2,8,3,3,1,3,2,50.0
240015,1,1,29,1,1,0,11,3,1,0,0,1,0,1,0,1,998,65,152,0,0,1,2,6,2,2,14,6,1,60,99,28,1,2,2020,7,15,2,12,1,1,1,1,2,50.0
240016,1,1,31,1,1,4,11,3,1,0,0,2,0,1,0,1,998,72,230,0,0,1,4,1,2,1,11,15,0,5,97,38,3,2,2020,2,18,2,12,2,2,1,5,1,33.33333333
240018,1,1,65,1,1,1,11,3,8,0,0,2,0,1,0,1,998,66,134,0,0,1,2,1,2,1,1,12,0,13,99,0,7,2,2020,6,21,2,31,1,1,4,3,1,50.0
240019,1,1,73,1,1,4,11,20,20,0,0,1,0,1,0,1,998,70,160,0,0,3,2,1,2,2,11,15,0,60,0,10,9,2,2020,1,6,2,12,2,2,1,4,2,50.0
240020,1,1,51,1,1,4,11,3,1,0,0,1,0,0,0,1,998,65,150,0,0,3,6,6,2,1,11,15,1,13,0,0,9,2,2020,1,1,2,12,2,2,1,3,1,20.0
240021,1,1,44,1,1,0,11,3,20,0,0,2,0,1,0,1,998,68,145,0,0,3,2,1,2,2,1,80,0,7,99,87,12,2,2020,4,19,2,8,3,3,1,3,2,33.33333333
240022,1,1,39,1,1,4,11,20,1,0,0,1,0,2,0,1,998,69,165,0,0,1,2,1,2,1,1,11,1,5,99,28,19,1,2020,1,17,2,14,1,1,7,3,1,33.33333333
240024,1,1,24,1,1,4,11,3,1,9,0,2,0,1,0,1,998,73,150,0,0,5,5,1,2,1,12,21,0,3,99,38,9,2,2020,1,19,2,12,1,1,1,2,10,25.0
240025,1,1,44,1,1,4,11,99,8,9,0,1,0,1,0,1,998,70,170,0,0,3,2,1,2,1,1,11,1,3,99,28,15,2,2020,7,4,2,42,1,1,4,2,1,100.0
240026,1,1,32,1,1,0,11,3,20,0,0,1,0,2,0,1,998,70,185,0,0,2,2,1,2,1,1,80,0,13,0,0,21,2,2020,6,21,2,8,1,1,1,3,1,50.0
240027,1,1,39,1,1,0,11,3,20,0,0,1,0,1,0,1,998,64,145,0,0,3,4,1,2,1,99,80,0,95,99,0,22,2,2020,7,21,2,8,1,1,1,3,1,50.0
240032,1,1,43,1,1,4,11,99,1,9,0,1,0,2,0,1,998,70,160,0,0,3,2,1,2,1,1,6,1,60,0,6,3,3,2020,3,16,2,34,1,1,4,1,1,100.0
240033,1,1,33,1,1,0,11,3,20,0,0,1,0,1,0,1,998,68,180,0,0,1,4,6,2,1,1,80,0,5,0,0,5,2,2020,4,20,2,8,1,1,1,3,10,50.0
240034,1,1,25,1,1,4,11,3,8,9,0,1,0,1,0,1,998,69,208,0,4,6,1,1,2,1,14,6,1,13,99,6,24,2,2020,2,2,2,42,5,1,4,2,1,100.0
240035,1,1,998,8,1,0,11,99,98,9,0,1,1,9,99,1,998,999,999,99,0,3,4,1,2,1,1,80,0,999,99,6,29,2,2020,7,5,2,8,1,1,1,3,1,50.0
240036,1,1,37,1,1,4,11,3,8,0,0,2,0,1,0,1,998,69,165,0,0,3,2,5,2,1,1,17,0,13,99,0,1,3,2020,1,1,2,12,2,2,1,3,1,33.33333333
240037,1,1,25,2,1,4,11,3,1,0,0,1,0,0,0,1,998,59,105,0,0,1,2,6,2,1,14,12,1,13,99,39,29,2,2020,7,0,2,42,1,1,4,2,1,100.0
240038,1,1,16,1,1,0,11,3,20,0,0,2,0,2,0,1,998,71,155,0,0,1,2,6,2,2,14,91,0,13,0,0,25,2,2020,3,16,2,12,1,1,1,1,5,25.0
240039,1,1,74,2,1,0,11,3,20,0,0,1,0,1,0,1,998,64,170,0,0,2,3,1,2,1,1,80,0,13,99,0,6,1,2020,2,18,2,8,3,2,1,3,1,50.0
240040,1,1,56,1,1,4,11,20,1,8,0,1,0,1,0,1,998,68,212,0,0,1,2,6,2,2,14,12,1,2,99,87,18,1,2020,7,23,2,53,1,1,4,2,98,100.0
240043,1,1,71,1,1,0,11,3,20,0,0,1,0,1,0,1,998,72,155,0,0,3,3,1,2,1,1,80,0,1,96,39,6,1,2020,2,16,2,8,2,2,1,1,1,40.0
240044,1,1,25,1,1,4,11,3,20,0,0,1,0,2,0,1,998,66,135,0,4,3,3,1,2,2,1,6,0,7,0,6,13,2,2020,5,14,2,24,1,1,3,1,10,100.0
240045,1,1,52,2,1,4,11,99,99,0,0,1,0,2,0,1,998,64,145,0,0,3,2,1,2,2,98,9,1,13,99,87,13,3,2020,6,4,2,52,1,1,4,3,2,100.0
240047,1,1,23,1,1,4,11,3,8,9,0,1,0,1,0,1,998,68,150,0,3,3,2,1,2,1,1,12,1,13,99,28,14,3,2020,7,2,2,33,3,2,3,3,1,25.0
240048,1,1,36,1,1,0,11,3,20,0,0,1,0,3,1,2,998,73,300,0,0,3,2,1,2,1,1,50,0,11,12,6,12,3,2020,5,11,2,12,2,2,1,1,10,50.0
240049,1,1,44,1,1,4,11,3,20,0,0,3,0,2,0,1,998,75,245,0,0,3,4,1,2,1,1,9,0,60,99,36,16,3,2020,2,15,2,42,1,1,3,1,1,33.33333333
240050,1,1,78,2,1,4,11,3,8,0,0,1,0,1,0,1,998,69,154,0,0,3,2,1,2,1,3,17,0,13,99,38,13,3,2020,6,13,2,12,2,2,1,1,1,50.0
240051,1,1,31,1,1,4,11,20,20,8,0,1,0,1,0,1,998,68,250,0,0,2,2,5,2,1,14,11,1,80,99,999,22,3,2020,1,13,2,31,1,1,4,1,1,100.0
240052,1,1,17,2,1,2,11,3,20,0,0,1,0,2,0,1,998,69,175,0,0,3,2,1,2,1,10,9,0,13,99,0,19,3,2020,5,12,2,33,3,3,4,1,1,50.0
240053,1,1,38,2,1,2,11,20,1,8,0,1,0,2,0,1,998,59,163,0,3,2,2,1,2,1,1,50,1,13,99,39,17,3,2020,3,22,2,12,3,2,1,2,1,14.28571429
240054,1,1,73,2,1,0,11,3,20,0,0,1,0,2,0,1,998,64,200,0,0,2,2,1,2,1,1,80,0,7,0,0,19,3,2020,5,10,2,8,3,3,1,1,10,50.0
240055,1,1,24,1,1,4,11,3,20,9,0,1,0,2,0,1,998,68,140,0,4,1,2,1,2,2,14,6,0,13,99,41,13,3,2020,6,10,2,42,1,1,4,1,1,100.0
240058,1,1,61,1,1,4,11,3,20,9,0,1,0,1,0,1,998,70,220,0,0,3,2,1,2,1,3,9,0,3,99,80,27,3,2020,6,21,2,38,1,1,4,3,1,100.0
240059,1,1,30,2,1,4,11,20,8,9,0,1,0,2,0,1,998,65,162,1,0,1,2,6,2,2,14,8,1,13,99,58,19,3,2020,5,1,2,42,1,1,4,2,2,100.0
240060,1,1,33,2,1,4,11,20,8,0,0,2,0,2,0,1,998,64,135,0,0,3,2,1,2,1,14,11,0,13,99,13,30,3,2020,2,15,2,33,1,1,4,1,1,50.0
240062,1,1,51,2,1,4,11,20,8,9,0,2,0,2,0,1,998,69,258,0,0,3,2,5,2,1,14,12,0,7,0,0,24,3,2020,3,9,2,24,1,1,3,1,1,50.0
240064,1,1,998,8,1,0,11,99,20,9,0,1,1,9,99,1,998,999,999,99,0,3,2,1,2,1,1,80,0,999,99,6,1,3,2020,1,20,2,8,3,2,1,6,1,33.33333333
240065,1,1,29,1,1,0,11,3,20,0,0,2,0,1,0,1,998,69,210,0,0,3,2,1,2,1,1,80,0,60,0,0,18,3,2020,4,21,2,8,3,2,1,2,1,33.33333333
240066,1,1,27,1,1,4,11,20,8,9,0,3,0,1,0,1,998,67,145,0,3,3,2,1,2,1,1,12,1,13,99,6,22,3,2020,1,2,2,42,1,1,3,3,1,66.66666667
240067,1,1,21,1,1,4,11,99,8,9,0,1,0,2,0,1,998,66,200,0,0,3,3,1,2,1,1,51,1,13,99,0,30,1,2020,5,22,2,12,3,2,1,3,1,50.0
240068,1,1,21,2,1,4,11,3,8,0,0,1,0,2,0,1,998,61,100,0,0,3,2,6,2,1,1,11,0,3,99,6,8,2,2020,7,15,2,42,1,1,4,1,1,100.0
240069,1,1,20,2,1,4,11,3,8,9,0,1,0,1,0,1,998,69,999,0,0,3,3,1,2,1,1,66,0,13,99,39,17,2,2020,2,23,2,12,2,2,1,3,1,33.33333333
240070,1,1,61,1,1,4,11,99,20,1,0,1,0,2,0,1,998,69,999,0,0,4,2,1,2,1,1,12,1,2,98,0,24,2,2020,2,18,2,42,1,1,4,3,1,100.0
240071,1,1,40,1,1,4,11,3,1,9,0,1,0,1,0,1,998,68,160,0,4,3,7,1,2,1,1,10,0,95,99,39,18,3,2020,4,20,2,43,1,1,1,3,10,100.0
240072,1,1,22,1,1,4,11,3,8,9,0,1,0,2,0,1,998,70,999,0,3,1,2,1,2,1,14,1,0,1,15,80,14,3,2020,7,13,2,14,1,1,4,1,1,100.0
240073,1,1,71,1,1,4,11,3,8,8,0,1,0,1,0,1,998,72,195,0,0,1,2,1,2,1,14,12,1,7,99,28,15,3,2020,1,19,2,35,1,1,4,5,1,100.0
240074,1,1,25,1,1,2,11,3,8,1,0,1,0,1,0,1,998,70,150,0,0,3,2,6,2,2,15,51,0,13,0,27,13,3,2020,6,8,2,12,1,1,1,1,98,50.0
240076,1,1,55,1,1,4,11,99,20,9,0,1,0,9,0,1,998,999,999,0,0,2,2,1,2,1,1,10,0,3,99,51,20,3,2020,6,0,2,19,1,1,4,3,1,100.0
240077,1,1,38,1,1,4,11,20,20,9,0,1,0,0,0,1,998,72,180,0,0,3,2,5,2,1,1,62,0,98,99,999,20,3,2020,6,19,2,12,2,2,1,3,1,50.0
240078,1,1,38,1,1,4,11,20,1,8,0,1,0,1,0,1,998,70,210,0,3,1,2,5,2,1,14,6,1,7,99,57,20,3,2020,6,21,2,35,1,1,4,3,1,100.0
240079,1,1,40,1,1,4,11,3,20,9,0,1,0,1,0,1,998,73,198,0,4,6,2,6,2,2,14,12,0,60,99,6,1,4,2020,4,6,2,42,5,1,4,4,10,100.0
240082,1,1,67,1,1,0,11,3,20,8,0,1,0,1,0,1,998,71,175,0,0,1,2,1,2,1,1,83,0,7,0,28,8,3,2020,1,12,2,9,1,1,1,1,1,25.0
240083,1,1,52,2,1,0,11,3,2,0,0,1,0,1,0,1,998,64,120,0,0,1,4,1,2,1,11,15,0,7,99,38,12,3,2020,5,7,2,12,2,2,1,3,1,50.0
240084,1,1,23,1,1,4,11,20,20,0,0,1,0,1,0,1,998,74,206,0,3,3,2,1,2,1,1,99,0,80,0,0,7,4,2020,3,2,2,24,19,1,4,3,1,100.0
240085,1,1,89,2,1,4,11,3,8,0,0,1,0,1,0,1,998,65,144,0,0,3,4,1,2,1,11,15,0,13,0,39,9,3,2020,2,10,2,12,2,2,1,1,1,50.0
240086,1,1,37,1,1,4,11,99,99,9,0,1,0,1,0,1,998,67,150,0,0,1,2,1,2,1,1,10,1,1,99,28,10,4,2020,6,1,2,12,1,1,1,2,1,66.66666667
240087,1,1,32,2,1,0,11,3,20,0,0,2,0,1,0,1,998,999,999,99,0,1,2,5,2,2,1,80,0,13,0,0,12,4,2020,1,20,2,8,1,1,1,3,2,33.33333333
240089,1,1,70,1,1,4,11,3,1,0,0,1,0,2,0,1,998,69,182,0,0,3,4,1,2,2,1,99,0,13,0,0,10,3,2020,3,7,2,12,1,1,1,1,2,50.0
240090,1,1,22,1,1,4,11,20,20,0,0,1,0,1,0,1,998,72,185,0,3,3,3,1,2,1,3,99,0,80,0,36,24,3,2020,3,14,2,1,1,1,1,1,1,100.0
240091,1,1,38,1,1,4,11,20,8,8,0,1,0,1,0,1,998,70,190,0,3,1,2,6,2,1,1,13,1,13,99,6,25,4,2020,7,20,2,34,1,1,4,2,10,100.0
240092,1,1,53,1,1,4,11,20,20,0,0,1,0,2,0,1,998,71,195,0,0,1,2,1,2,1,1,10,0,1,99,28,24,4,2020,6,14,2,12,1,1,1,1,1,50.0
240093,1,1,53,1,1,0,11,3,20,0,0,1,0,1,0,1,998,70,205,0,0,3,3,6,2,2,1,80,0,60,0,87,26,4,2020,1,21,2,8,1,1,1,3,2,50.0
240096,1,1,38,1,1,4,11,20,8,8,0,1,0,1,0,1,998,70,260,1,3,3,2,1,2,1,1,51,1,3,0,10,22,4,2020,4,23,2,12,1,1,1,2,1,50.0
240097,1,1,55,1,1,4,11,20,20,0,0,1,0,1,0,1,998,72,220,0,0,1,2,1,2,1,14,11,0,81,99,0,25,4,2020,7,13,2,34,1,1,4,1,1,100.0
240099,1,1,24,1,1,4,11,20,1,9,0,2,0,2,0,1,998,62,110,0,0,3,4,1,2,1,1,12,0,13,99,58,18,4,2020,7,21,2,24,5,1,3,2,1,50.0
240100,1,1,46,1,1,4,11,20,20,9,0,1,0,0,0,1,998,999,999,99,0,3,3,1,2,1,2,66,0,80,99,0,4,5,2020,2,17,2,12,2,98,1,1,1,33.33333333
240101,1,1,29,1,1,4,11,20,8,0,0,1,0,2,0,1,998,67,160,0,0,2,2,6,2,1,14,11,1,7,99,999,9,5,2020,7,9,2,42,1,1,4,1,1,100.0
240102,1,1,37,1,1,4,11,20,1,9,0,1,0,1,0,1,998,67,200,1,0,1,2,1,2,1,3,6,1,60,99,999,10,5,2020,1,20,2,31,1,1,4,5,1,100.0
240104,1,1,38,1,1,4,11,20,20,9,0,1,0,1,0,1,100,70,160,0,3,3,4,1,2,1,1,63,0,80,0,36,13,5,2020,4,14,2,12,7,1,1,1,1,33.33333333
240105,1,1,61,1,1,4,11,20,8,8,0,1,0,2,0,1,998,74,220,0,0,3,2,1,2,1,1,13,1,60,99,999,12,5,2020,3,2,2,35,1,1,4,6,1,100.0
240106,1,1,18,1,1,0,11,3,20,0,0,1,1,0,0,1,998,72,160,0,0,1,3,1,2,1,1,80,0,13,0,0,5,4,2020,1,21,2,8,3,2,1,3,98,50.0
240107,1,1,58,1,1,1,11,3,1,0,0,3,0,1,0,1,998,67,150,0,0,3,2,1,2,1,1,66,0,7,99,39,16,5,2020,7,16,2,12,2,2,1,1,1,25.0
240108,1,1,47,1,1,0,11,3,20,0,0,1,0,3,0,1,998,68,195,0,0,1,2,5,2,1,10,83,0,7,0,86,15,5,2020,6,12,2,9,8,1,1,1,1,50.0
240109,1,1,62,1,1,4,11,20,8,9,0,1,0,3,0,1,998,69,270,0,0,1,2,1,2,1,15,54,0,7,0,35,15,5,2020,6,19,2,12,1,1,1,1,1,20.0
240110,1,1,33,1,1,3,11,20,20,0,0,2,0,2,0,1,998,71,200,0,4,6,1,5,2,1,14,50,0,80,0,74,16,5,2020,7,17,2,1,20,1,1,1,1,50.0
240111,1,1,19,1,1,4,11,3,8,1,0,1,0,2,0,1,998,70,190,1,4,1,2,5,2,2,1,6,0,3,99,58,14,5,2020,5,22,2,42,1,1,4,3,10,100.0
240112,1,1,29,1,1,4,11,20,20,9,0,1,0,1,0,1,998,69,165,0,3,1,2,1,2,1,3,62,1,80,0,36,15,5,2020,6,21,2,12,8,1,1,3,1,25.0
240113,1,1,52,2,1,4,11,20,20,0,0,1,0,2,0,1,998,68,240,0,0,3,2,1,2,1,10,13,0,94,0,48,23,5,2020,7,11,2,33,3,3,3,1,1,25.0
240114,1,1,58,2,1,1,11,3,2,0,0,2,0,1,0,1,998,63,150,0,0,0,0,0,0,0,11,15,0,7,0,38,15,3,2020,1,20,2,12,8,1,1,3,1,33.33333333
240115,1,1,56,1,1,4,11,20,20,8,0,1,0,1,0,1,998,73,220,0,3,1,2,3,2,1,14,6,1,82,99,74,23,5,2020,7,15,2,1,1,1,4,1,1,100.0
240117,1,1,17,2,1,3,11,3,8,0,0,1,0,2,0,1,998,68,125,0,0,1,2,6,2,1,1,10,0,13,99,28,16,3,2020,2,17,2,12,1,1,1,1,10,50.0
240120,1,1,47,1,1,4,11,20,20,0,0,1,0,1,0,1,998,66,155,0,3,3,4,5,2,1,14,6,0,80,0,0,27,5,2020,4,19,2,25,1,1,3,1,1,100.0
240121,1,1,35,1,1,0,11,3,20,0,0,1,0,1,0,1,998,63,150,0,0,1,2,1,2,1,2,83,0,7,0,0,20,5,2020,4,21,2,15,1,1,1,3,1,33.33333333
240122,1,1,48,1,1,4,11,20,20,0,0,1,0,1,0,1,998,70,190,1,0,1,2,1,2,1,3,61,0,98,99,51,27,5,2020,4,19,2,12,3,3,1,1,1,50.0
240123,1,1,19,1,1,3,11,20,3,0,0,2,0,2,0,1,998,999,999,0,4,1,2,6,2,2,1,9,0,13,99,28,28,5,2020,5,5,2,12,1,1,1,2,10,33.33333333
240124,1,1,32,1,1,4,11,20,20,1,0,1,0,2,0,1,998,71,175,0,3,3,2,3,2,1,1,62,1,98,99,0,28,5,2020,5,22,2,12,2,2,1,3,1,50.0
240126,1,1,51,1,1,4,11,99,99,8,0,2,0,1,0,1,998,72,250,0,3,1,2,1,2,2,1,14,1,60,99,0,18,1,2020,7,22,2,39,1,1,4,2,10,50.0
240127,1,1,31,2,1,4,11,20,20,9,0,1,0,0,0,1,998,68,159,0,0,3,2,5,2,1,1,60,0,84,99,0,25,5,2020,2,21,2,12,2,3,1,3,1,20.0
240129,1,1,23,1,1,3,11,20,1,0,0,1,0,2,0,1,58,67,125,0,3,3,2,5,2,1,1,71,0,13,0,0,8,4,2020,4,17,2,12,4,1,1,1,1,50.0
240130,1,1,45,1,1,4,11,99,20,9,0,1,0,2,0,1,998,70,168,0,0,3,3,1,2,2,1,50,0,7,99,6,28,5,2020,5,12,2,12,3,3,1,1,10,50.0
240131,1,1,76,1,1,4,11,20,20,0,0,1,0,1,0,1,998,69,210,0,0,3,2,6,2,1,14,9,0,94,99,6,30,5,2020,7,13,2,1,1,1,1,1,1,100.0
240132,1,1,50,2,1,4,11,20,1,9,0,1,0,1,0,1,998,64,130,0,0,3,2,1,2,1,1,13,0,13,97,6,5,6,2020,6,14,2,42,1,1,4,1,1,100.0