ST_CASE,VEH_NO,PER_NO,AGE,SEX,PER_TYP,INJ_SEV,SEAT_POS,REST_USE,AIR_BAG,DRUGS,LOCATION,NUMOCCS,HIT_RUN,OWNER,V_CONFIG,HAZ_INV,TRAV_SP,DR_HGT,DR_WGT,PREV_SPD,SPEEDREL,VTRAFWAY,VNUM_LAN,VPROFILE,VPAVETYP,VSURCOND,P_CRASH1,P_CRASH2,DR_DRINK,VPICBODYCLASS,DRDISTRACT,DRIVERRF,DAY,MONTH,YEAR,DAY_WEEK,HOUR,RUR_URB,HARM_EV,RELJCT2,TYP_INT,REL_ROAD,LGT_COND,WEATHER,Fatality Rate (%)
300146,1,1,45,1,1,0,11,98,98,9,0,1,0,2,19,1,13,999,999,0,0,1,4,1,2,1,1,82,0,78,96,0,16,10,2020,6,2,2,8,98,98,1,3,1,50.0
300148,1,1,53,1,1,0,11,1,20,0,0,1,0,1,0,1,998,999,999,0,4,3,4,6,2,4,14,98,0,7,0,58,18,10,2020,1,20,2,24,1,1,4,3,10,50.0
300149,1,1,36,2,1,3,11,20,1,0,0,4,0,0,0,1,998,999,999,0,0,2,5,1,2,2,12,63,1,15,99,48,19,10,2020,2,21,2,33,1,1,4,3,2,14.28571429
300150,1,1,63,1,1,4,11,20,20,9,0,1,0,1,0,1,998,999,999,0,3,1,2,1,2,1,99,99,0,81,96,74,2,11,2020,2,14,2,33,1,1,4,1,98,100.0
300151,1,1,66,2,1,4,11,20,20,0,0,1,0,2,0,1,998,999,999,0,0,6,2,1,2,1,16,99,1,60,99,58,2,11,2020,2,17,2,31,5,1,4,3,1,100.0
300160,1,1,69,1,1,4,11,20,9,9,0,1,0,1,0,1,998,999,999,0,0,1,5,2,2,1,11,54,1,60,96,38,11,11,2020,4,15,2,12,2,2,1,1,1,33.33333333
300162,1,1,32,2,1,4,11,20,20,9,0,1,0,1,0,1,998,999,999,0,3,1,3,1,2,1,99,99,1,60,96,36,14,11,2020,7,21,2,1,1,1,1,2,1,100.0
300163,1,1,61,1,1,0,11,99,20,9,0,1,0,1,0,1,35,999,999,0,0,1,3,1,2,1,1,80,0,13,96,0,23,11,2020,2,19,2,8,1,1,1,3,98,50.0
310003,1,1,34,1,1,4,11,20,9,0,0,1,0,1,0,1,998,70,220,3,0,1,2,1,2,4,1,50,1,13,96,999,12,1,2020,1,2,2,45,1,1,1,3,1,50.0
310009,1,1,64,2,1,4,11,20,9,0,0,1,0,1,0,1,998,64,130,1,0,1,2,2,2,1,1,13,1,7,96,0,9,1,2020,5,20,2,42,1,1,4,3,1,100.0
310013,1,1,70,1,1,4,11,20,9,9,0,1,0,2,0,1,998,66,172,1,9,2,6,1,1,1,1,13,0,7,96,999,11,2,2020,3,11,2,24,1,1,4,1,1,100.0
310015,1,1,18,2,1,4,11,20,20,1,0,2,0,2,0,1,998,64,130,0,0,1,2,2,1,1,1,9,1,13,96,0,18,2,2020,3,1,2,1,1,1,4,3,1,50.0
310019,1,1,24,2,1,4,11,20,8,1,0,1,0,2,0,1,998,67,145,0,0,2,3,1,1,1,1,10,1,5,96,51,18,2,2020,3,2,2,12,1,1,1,3,1,100.0
310020,1,1,81,1,1,4,11,20,8,0,0,2,0,1,0,1,998,71,225,0,0,1,2,1,1,2,1,17,0,13,96,39,1,2,2020,7,17,2,12,2,2,1,3,1,25.0
310029,1,1,14,2,1,0,11,99,20,0,0,3,0,2,0,1,998,63,125,0,0,2,4,1,1,1,11,15,0,60,96,38,29,2,2020,7,20,2,12,2,2,1,3,10,14.28571429
310031,1,1,21,1,1,4,11,20,20,9,0,1,0,1,0,1,998,71,150,4,3,2,4,1,2,1,1,62,0,80,96,36,4,3,2020,4,19,2,12,2,2,1,1,1,50.0
310034,1,1,54,1,1,4,11,20,20,0,0,1,0,1,0,1,998,70,190,1,9,1,2,1,2,99,1,9,1,7,96,999,14,3,2020,7,99,2,34,1,1,4,2,1,100.0
310038,1,1,22,2,1,0,11,3,20,0,0,2,1,2,0,1,998,64,182,2,0,1,2,1,2,1,1,80,0,13,96,0,28,3,2020,7,99,2,8,1,1,1,3,10,33.33333333
310041,1,1,52,1,1,4,11,20,9,9,0,1,0,1,0,1,998,72,200,0,9,2,2,1,2,1,1,13,0,13,96,999,10,4,2020,6,99,2,26,3,2,4,3,10,100.0
310043,1,1,37,1,1,4,11,20,20,0,0,1,0,1,0,1,998,71,185,0,0,1,2,1,1,1,14,13,1,81,93,0,19,4,2020,1,19,2,1,1,1,4,1,1,100.0
310049,1,1,30,2,1,4,11,20,8,9,0,1,0,2,0,1,998,68,170,0,0,2,2,1,1,1,14,9,1,13,96,36,9,5,2020,7,4,2,42,1,1,4,3,1,100.0
310053,1,1,49,2,1,0,11,99,20,0,0,1,0,1,0,1,998,64,110,0,0,2,4,1,1,2,11,15,0,13,96,38,13,5,2020,4,12,2,12,2,2,1,1,2,50.0
310057,1,1,70,1,1,4,11,99,9,0,0,1,0,1,0,1,998,76,235,0,0,3,3,1,1,1,1,13,0,7,96,0,18,5,2020,2,15,2,30,1,1,4,1,10,100.0
310058,1,1,58,1,1,4,11,99,20,9,0,1,0,1,0,1,998,74,250,0,9,1,2,1,1,1,14,98,0,13,96,999,21,5,2020,5,14,2,14,1,1,7,1,1,100.0
310059,1,1,31,1,1,4,11,20,20,0,0,1,0,2,0,1,998,69,180,1,0,1,2,1,2,1,1,9,1,94,96,0,23,5,2020,7,12,2,39,1,1,4,1,1,100.0
310060,1,1,24,1,1,0,11,99,20,0,0,1,0,1,0,1,998,76,170,1,0,1,2,2,2,2,1,80,0,13,96,0,27,5,2020,4,4,2,8,1,1,1,3,2,50.0
310069,1,1,26,2,1,0,11,3,9,0,0,1,0,2,0,1,998,65,130,2,0,1,2,1,1,1,1,17,0,13,96,38,4,6,2020,5,14,2,12,2,2,1,1,1,50.0
310080,1,1,22,1,1,4,11,20,8,0,0,1,0,1,0,1,998,69,150,1,3,2,4,1,1,1,14,13,1,13,96,0,25,6,2020,5,99,2,30,1,1,4,3,1,100.0
310081,1,1,20,2,1,0,11,99,20,0,0,1,0,1,0,1,998,999,999,0,0,3,6,1,1,1,1,80,0,5,96,0,25,6,2020,5,22,2,8,1,1,1,3,1,33.33333333
310082,1,1,16,2,1,0,11,3,20,0,0,1,0,1,0,1,998,62,112,0,9,1,2,2,1,1,1,65,0,13,96,999,24,6,2020,4,21,2,12,3,2,1,5,1,25.0
310083,1,1,38,2,1,3,11,3,8,1,0,1,0,1,0,1,998,69,160,0,3,3,4,1,1,1,1,17,0,7,96,39,24,6,2020,4,21,2,12,2,2,1,3,1,50.0
310089,1,1,23,1,1,0,11,99,99,9,0,1,1,1,0,1,998,66,140,0,0,2,4,1,1,1,1,80,0,13,96,999,5,7,2020,1,3,2,8,1,1,1,3,1,50.0
310096,1,1,30,1,1,4,11,20,20,9,0,1,0,1,0,1,998,64,140,0,0,3,3,1,1,1,2,53,1,98,96,45,20,6,2020,7,1,2,12,1,1,1,3,10,33.33333333
310106,1,1,18,1,1,3,11,20,8,9,0,2,0,2,0,1,998,70,135,0,3,1,2,2,2,2,1,17,0,7,96,39,19,7,2020,1,22,2,12,2,2,1,3,10,33.33333333
310110,1,1,24,1,1,2,11,3,9,0,0,1,0,1,0,1,998,71,170,0,0,1,2,1,2,1,1,17,0,13,96,39,27,7,2020,2,12,2,12,2,2,1,1,10,25.0
310111,1,1,38,2,1,0,11,3,20,0,0,1,0,1,0,1,998,59,125,0,0,2,3,1,1,1,15,80,0,13,93,0,30,7,2020,5,13,2,8,1,1,1,1,10,50.0
310112,1,1,22,2,1,0,11,99,20,0,0,1,0,1,0,1,998,60,125,0,0,1,2,1,2,1,13,80,0,7,96,999,2,8,2020,1,14,2,8,1,1,1,1,1,50.0
310117,1,1,28,2,1,3,11,20,9,0,0,3,0,2,1,1,998,69,170,0,3,1,2,1,1,2,1,14,1,60,96,39,6,8,2020,5,1,2,33,3,3,4,3,2,33.33333333
310120,1,1,24,1,1,4,11,20,9,0,0,2,0,2,0,1,998,76,220,2,3,6,1,2,1,1,14,6,1,3,96,36,16,8,2020,1,7,2,32,5,1,4,1,1,50.0
310122,1,1,27,1,1,4,11,99,9,0,0,2,0,1,0,1,998,74,185,1,0,1,2,1,4,1,1,5,1,3,96,87,12,8,2020,4,2,2,23,1,1,4,2,1,50.0
310127,1,1,64,1,1,0,11,3,20,0,0,1,0,3,6,1,998,71,294,0,0,3,4,2,1,1,1,80,0,66,96,0,27,8,2020,5,4,2,8,1,1,1,3,1,50.0
310128,1,1,77,1,1,4,11,20,9,0,0,1,0,1,0,1,998,75,287,0,0,1,2,1,1,1,1,17,0,13,96,39,21,1,2020,3,17,2,12,2,2,1,5,1,33.33333333
310130,1,1,26,1,1,4,11,20,20,9,0,1,0,2,0,1,998,999,999,0,0,1,2,2,2,1,14,13,1,82,96,0,13,6,2020,7,2,2,33,3,2,4,3,10,100.0
310133,1,1,44,1,1,0,11,3,20,0,0,1,0,3,6,1,998,68,200,2,0,2,2,1,2,1,1,66,0,66,96,0,21,8,2020,6,15,2,12,2,2,1,1,1,50.0
310135,1,1,25,1,1,4,11,20,8,9,0,2,0,1,0,1,998,72,225,1,2,2,6,2,1,1,14,10,1,13,96,85,29,8,2020,7,3,2,33,1,1,3,3,10,25.0
310138,1,1,34,2,1,4,11,99,9,9,0,1,0,1,0,1,998,65,190,0,3,1,2,2,1,1,14,13,0,7,96,0,2,9,2020,4,3,2,33,1,1,4,3,1,100.0
310140,1,1,62,2,1,4,11,20,9,1,0,1,0,1,0,1,998,68,160,0,4,2,2,1,1,4,1,6,0,13,96,87,2,4,2020,5,23,2,1,1,1,4,3,3,100.0
310142,1,1,38,1,1,2,11,99,8,1,0,1,0,1,0,1,998,70,180,1,0,2,4,1,2,1,11,15,1,13,96,38,30,7,2020,5,21,2,12,2,3,1,3,1,50.0
310143,1,1,47,1,1,4,11,20,20,9,0,1,0,1,0,1,998,71,225,0,0,2,4,1,1,1,1,10,0,10,96,58,1,8,2020,7,18,2,12,1,1,1,1,1,20.0
310145,1,1,44,1,1,0,11,99,20,0,0,2,0,3,6,1,998,75,275,1,0,2,2,2,1,1,14,17,0,66,96,39,24,8,2020,2,10,2,12,2,2,1,1,1,16.66666667
310152,1,1,29,1,1,0,11,98,20,9,0,1,1,1,0,1,998,67,180,0,0,1,2,1,1,1,1,82,0,7,96,36,21,9,2020,2,22,2,8,1,1,4,3,1,50.0
310162,1,1,31,1,1,4,11,20,20,9,0,1,0,2,0,1,40,71,178,0,3,2,4,2,2,1,1,67,1,98,96,39,21,9,2020,2,21,2,12,2,2,1,3,1,33.33333333
310167,1,1,55,2,1,0,11,3,20,0,0,1,0,1,0,1,998,67,200,0,0,3,4,2,1,1,14,51,1,5,96,26,2,10,2020,6,7,2,12,1,1,1,1,10,50.0
310168,1,1,28,1,1,4,11,20,8,0,0,1,0,2,0,1,998,65,220,0,0,2,4,1,1,2,1,10,1,13,96,0,3,10,2020,7,2,2,12,2,2,1,3,1,50.0
310169,1,1,19,2,1,4,11,20,9,9,0,1,0,2,0,1,998,61,100,0,3,2,4,2,2,1,1,10,1,13,96,36,4,10,2020,1,22,2,12,1,1,1,3,1,50.0
310171,1,1,20,1,1,4,11,20,20,0,0,1,0,1,0,1,998,66,223,0,0,2,4,2,2,1,1,10,0,80,96,85,6,10,2020,3,10,2,12,2,2,1,1,1,50.0
310174,1,1,18,1,1,4,11,99,99,0,0,1,0,2,0,1,998,999,999,0,0,3,3,1,1,1,14,13,0,13,96,0,6,9,2020,1,11,2,32,1,1,4,1,1,100.0
310178,1,1,31,1,1,4,11,20,20,9,0,1,0,1,0,1,998,72,195,3,3,2,3,1,1,1,1,51,0,80,96,36,26,9,2020,7,23,2,12,2,2,1,3,10,25.0
310181,1,1,63,1,1,1,11,3,20,0,0,1,0,1,6,1,998,75,212,2,0,2,4,1,1,1,1,62,0,66,96,0,20,10,2020,3,11,2,12,2,2,1,1,1,33.33333333
310182,1,1,42,1,1,4,11,99,9,9,0,2,0,2,0,1,998,72,270,0,0,3,4,2,1,2,15,12,0,13,96,87,22,10,2020,5,11,2,25,1,1,3,1,2,100.0
310186,1,1,89,1,1,4,11,2,9,9,0,1,0,1,0,1,998,69,200,0,0,1,2,1,2,2,1,17,0,13,96,39,29,10,2020,5,13,2,12,2,2,1,1,1,50.0
310187,1,1,19,2,1,4,11,99,99,0,0,1,0,2,0,1,998,64,160,0,9,1,2,1,2,1,14,12,1,13,96,999,30,10,2020,6,5,2,42,1,1,4,2,1,100.0
310191,1,1,21,1,1,4,11,99,99,9,0,2,0,1,0,1,998,73,160,2,3,1,2,1,1,1,1,6,1,13,96,0,5,11,2020,5,1,2,42,1,1,4,3,1,100.0
310198,1,1,36,1,1,4,11,20,20,9,0,1,0,1,0,1,998,72,155,1,0,2,4,1,1,1,1,13,1,80,96,36,14,11,2020,7,10,2,58,1,1,4,1,1,100.0
310203,1,1,69,1,1,2,11,99,99,0,0,1,0,3,0,1,998,69,200,1,0,1,2,1,1,1,12,21,0,2,96,48,31,10,2020,7,13,2,12,2,2,1,1,1,50.0
310205,1,1,38,2,1,0,11,3,20,0,0,1,0,2,0,1,998,61,170,0,0,1,2,1,1,1,1,80,0,13,96,0,20,7,2020,2,22,2,8,2,2,1,3,10,50.0
310206,1,1,49,1,1,4,11,20,20,0,0,1,0,1,0,1,998,73,247,0,3,1,2,1,2,1,14,6,0,81,96,0,11,8,2020,3,20,2,33,1,1,4,3,1,100.0
310207,1,1,57,1,1,4,11,20,20,9,0,1,0,1,0,1,998,67,180,0,0,1,2,2,1,1,1,13,0,60,96,999,11,9,2020,6,9,2,19,1,1,4,1,10,100.0
310209,1,1,87,2,1,4,11,3,8,0,0,1,0,1,0,1,998,61,100,0,0,1,2,1,2,1,1,17,0,7,96,39,18,9,2020,6,13,2,12,2,2,1,1,1,50.0
310210,1,1,30,2,1,2,11,20,20,9,0,2,0,2,0,1,998,65,165,0,0,1,2,1,1,1,1,13,0,13,96,0,22,9,2020,3,3,2,33,1,1,4,3,1,50.0
310214,1,1,23,1,1,4,11,3,8,0,0,1,0,1,0,1,998,75,145,1,0,3,4,1,1,1,1,10,1,13,96,28,21,12,2020,2,1,2,12,1,1,1,3,1,100.0
320001,1,1,999,9,1,9,11,99,99,9,0,99,1,9,99,1,999,999,999,99,0,1,5,1,2,1,1,80,0,999,96,999,29,1,2020,4,19,2,8,1,1,1,3,1,50.0
320002,1,1,78,1,1,3,11,3,8,0,0,1,0,1,0,1,998,74,168,0,0,1,7,1,2,1,1,10,0,3,96,28,1,2,2020,7,11,2,12,1,1,1,1,1,50.0
320003,1,1,74,1,1,0,11,3,20,0,0,1,0,1,0,1,998,70,165,0,0,2,7,1,2,1,1,80,0,7,96,0,1,2,2020,7,21,2,8,1,1,1,3,1,50.0
320004,1,1,75,2,1,4,11,3,8,0,0,1,0,1,0,1,998,65,150,0,0,1,2,1,2,1,1,55,0,13,96,38,3,2,2020,2,9,2,12,2,2,1,1,1,50.0
320005,1,1,34,2,1,4,11,99,1,9,0,1,0,1,0,1,53,63,170,0,0,2,4,1,2,1,14,13,1,3,96,6,4,2,2020,3,23,2,42,1,1,5,3,1,100.0
320007,1,1,30,1,1,0,11,3,8,0,0,1,0,3,0,1,998,67,160,0,3,1,6,1,2,2,1,17,0,5,96,39,22,2,2020,7,16,2,12,2,2,1,1,2,33.33333333
320008,1,1,74,2,1,4,11,3,8,0,0,1,0,1,0,1,998,62,240,0,0,5,7,1,2,1,1,12,0,13,96,0,27,2,2020,5,16,2,33,1,1,8,1,1,100.0
320010,1,1,998,1,1,0,11,3,20,9,0,1,0,1,0,1,998,70,170,0,0,1,4,1,2,1,1,80,0,60,15,28,15,2,2020,7,14,2,8,1,1,1,1,1,33.33333333
320011,1,1,36,2,1,2,11,3,1,8,0,1,0,2,0,1,998,60,130,0,0,2,4,1,2,1,14,13,1,13,96,28,16,2,2020,1,0,2,33,1,1,4,3,1,50.0
320012,1,1,49,1,1,0,11,99,20,9,0,99,1,2,0,1,998,61,180,0,9,2,2,1,2,1,99,80,0,60,96,0,21,2,2020,6,5,2,8,1,1,1,2,1,50.0
320013,1,1,999,8,1,9,11,98,98,8,0,99,1,9,99,1,999,999,999,99,9,5,4,1,2,1,1,80,0,999,96,999,16,2,2020,1,2,2,8,3,3,1,3,1,50.0
320014,1,1,73,1,1,0,11,3,20,0,0,1,0,1,0,1,45,70,185,0,0,2,2,1,2,1,1,80,0,7,0,0,12,1,2020,1,15,2,8,3,2,1,1,1,50.0
320015,1,1,38,1,1,0,11,3,20,0,0,1,0,1,0,1,998,73,200,0,0,1,3,1,2,1,1,80,0,13,0,0,8,1,2020,4,17,2,8,1,1,1,3,1,50.0
320016,1,1,45,1,1,0,11,3,20,0,0,1,0,1,0,1,998,67,160,0,0,1,3,1,2,1,11,55,0,60,96,38,9,1,2020,5,8,2,12,2,3,1,1,1,50.0
320017,1,1,32,2,1,9,11,99,98,8,0,99,1,1,0,1,998,62,145,0,0,1,4,1,2,1,1,80,0,7,99,0,11,1,2020,7,5,2,8,1,1,1,3,1,50.0
320018,1,1,34,1,1,0,11,3,20,0,0,1,0,1,0,1,998,70,170,0,0,1,5,1,2,98,1,80,0,3,0,0,12,1,2020,1,0,2,8,3,2,1,3,1,50.0
320019,1,1,38,2,1,0,11,3,20,0,0,99,0,1,0,1,998,60,165,0,4,1,6,1,2,1,1,10,0,7,10,6,16,1,2020,5,11,2,33,1,1,4,1,1,50.0
320020,1,1,38,1,1,4,11,20,20,9,0,1,0,2,0,1,998,72,165,0,0,2,4,1,2,1,11,15,1,94,96,39,18,1,2020,7,3,2,12,2,7,1,3,1,50.0
320021,1,1,42,2,1,4,11,20,99,9,0,1,0,1,0,1,998,65,112,2,0,2,3,1,2,1,1,9,1,13,96,36,22,1,2020,4,1,2,24,1,1,4,3,1,33.33333333
320022,1,1,59,2,1,0,11,3,20,0,0,1,0,3,21,1,998,66,192,0,0,1,4,1,2,1,11,80,0,16,96,36,22,1,2020,4,23,2,8,3,2,1,3,1,50.0
320023,1,1,51,1,1,0,11,3,20,0,0,1,0,1,0,1,998,70,170,0,0,2,7,1,2,1,11,80,0,95,96,0,24,1,2020,6,18,2,8,3,2,1,3,1,50.0
320024,1,1,34,2,1,2,11,3,20,0,0,2,0,2,0,1,998,64,192,0,0,2,2,1,2,1,12,21,0,7,96,48,24,1,2020,6,19,2,12,1,1,1,3,1,33.33333333
320027,1,1,999,9,1,9,11,99,99,8,0,99,1,9,99,1,999,999,999,99,9,3,3,1,1,1,99,80,0,999,99,0,12,1,2020,1,6,2,8,1,1,1,4,1,50.0
320028,1,1,70,2,1,4,11,3,8,0,0,1,0,1,0,1,998,66,175,0,0,3,4,1,1,1,14,13,0,7,96,28,15,1,2020,4,12,2,30,1,1,4,1,10,100.0
320029,1,1,20,2,1,3,11,3,8,1,0,1,0,1,0,1,75,65,100,0,3,3,4,1,1,1,1,54,1,13,96,51,17,1,2020,6,2,2,12,1,1,1,3,1,50.0
320031,1,1,33,2,1,1,11,3,8,0,0,1,0,2,0,1,998,67,110,0,0,2,2,1,2,1,1,55,0,7,96,38,20,2,2020,5,13,2,12,2,2,1,1,1,20.0
320032,1,1,68,2,1,0,11,3,2,8,0,1,0,2,0,1,998,61,110,0,0,5,3,1,2,1,11,15,1,7,96,38,7,3,2020,7,19,2,12,2,3,1,3,1,50.0
320033,1,1,41,1,1,0,11,99,20,0,0,1,0,1,0,1,999,67,170,0,0,1,4,1,2,1,1,80,0,7,0,0,7,1,2020,3,6,2,8,1,1,1,3,10,50.0
320034,1,1,60,2,1,0,11,3,20,0,0,2,0,1,0,1,998,62,103,0,0,1,7,1,2,1,1,80,0,60,96,0,7,3,2020,7,22,2,8,1,1,1,3,1,25.0
320035,1,1,86,1,1,4,11,3,8,0,0,1,0,1,0,1,998,63,145,0,0,2,7,1,2,1,11,15,0,13,0,0,3,2,2020,2,6,2,12,2,2,1,1,6,50.0
320036,1,1,52,2,1,0,11,3,20,9,0,1,1,2,0,1,998,67,160,0,0,2,5,1,2,1,10,80,0,7,99,0,2,1,2020,5,17,2,8,2,2,1,3,1,50.0
320037,1,1,63,1,1,0,11,3,20,0,0,1,0,1,0,1,998,69,195,0,0,5,7,1,2,2,15,80,0,7,0,0,20,3,2020,6,6,2,8,1,1,1,4,1,33.33333333
320038,1,1,37,2,1,4,11,20,20,1,0,1,0,1,0,1,998,64,130,0,3,2,4,1,2,1,14,13,0,80,96,28,22,3,2020,1,13,2,33,1,1,4,1,1,100.0
320039,1,1,32,1,1,0,11,3,20,0,0,1,0,1,0,1,65,74,265,0,0,3,3,1,2,1,1,80,0,7,96,0,14,3,2020,7,23,2,8,1,1,1,3,98,50.0
320042,1,1,17,2,1,4,11,20,20,9,0,1,0,2,0,1,998,64,130,0,4,3,3,1,2,1,15,6,0,13,96,58,18,1,2020,7,15,2,1,1,1,2,1,1,20.0
320044,1,1,24,1,1,4,11,20,20,9,0,1,0,1,0,1,998,70,180,1,3,1,3,1,2,1,1,53,0,80,0,6,30,1,2020,5,14,2,1,1,1,1,1,1,50.0
320045,1,1,55,1,1,4,11,20,1,0,0,2,0,1,0,1,998,72,275,3,0,1,2,1,2,1,14,68,0,13,96,23,17,3,2020,3,20,2,12,2,2,1,3,1,33.33333333
320047,1,1,51,2,1,3,11,20,1,0,0,1,0,3,0,1,15,62,180,0,0,1,2,1,2,1,11,15,0,7,96,38,2,4,2020,5,12,2,12,2,2,1,1,1,33.33333333
320048,1,1,18,1,1,4,11,20,2,1,0,1,0,2,0,1,998,68,180,0,3,2,6,1,2,1,1,6,1,3,96,28,8,4,2020,4,20,2,12,1,1,1,3,10,50.0
320049,1,1,73,1,1,4,11,20,3,9,0,1,0,1,0,1,998,67,185,0,0,1,2,1,2,1,1,13,0,13,96,6,13,4,2020,2,19,2,1,1,1,4,2,1,100.0
320050,1,1,37,2,1,0,11,3,2,0,0,3,0,1,0,1,998,63,116,0,0,5,7,1,2,1,11,15,0,13,96,38,14,4,2020,3,11,2,12,2,2,1,1,1,25.0
320051,1,1,69,1,1,4,11,3,8,9,0,1,0,1,0,1,998,62,135,0,3,2,7,1,2,1,1,10,1,13,96,6,20,4,2020,2,15,2,12,3,2,1,1,1,6.25
320052,1,1,34,2,1,0,11,3,20,0,0,1,0,3,21,1,998,67,160,0,0,2,8,3,2,1,8,80,0,16,96,0,23,4,2020,5,20,2,8,1,1,1,3,1,50.0
320053,1,1,26,1,1,4,11,20,20,9,0,1,0,1,0,1,95,70,175,0,3,3,3,1,2,1,1,51,1,80,96,0,10,4,2020,6,1,2,12,1,1,1,3,10,50.0
320055,1,1,71,1,1,0,11,3,20,0,0,1,0,1,0,1,998,71,205,0,0,1,7,1,2,98,1,80,0,95,0,0,4,4,2020,7,19,2,8,1,1,1,3,1,50.0
320056,1,1,34,2,1,0,11,99,99,0,0,99,1,9,0,1,998,62,140,0,0,2,5,1,2,1,1,80,0,7,96,38,27,4,2020,2,20,2,8,3,3,1,3,1,50.0
320059,1,1,58,1,1,4,11,3,20,1,0,1,0,1,1,1,998,70,218,0,0,1,3,1,2,1,1,50,0,60,0,6,28,2,2020,6,17,2,12,3,2,1,5,1,50.0
320060,1,1,54,1,1,4,11,20,1,9,0,1,0,1,0,1,998,73,190,1,0,1,7,1,2,1,1,13,1,13,96,0,21,3,2020,7,19,2,46,3,2,4,3,1,100.0
320061,1,1,33,1,1,4,11,3,1,9,0,1,0,1,0,1,998,72,215,0,0,3,4,2,2,1,1,13,0,60,96,28,9,4,2020,5,19,2,33,1,1,4,3,1,100.0
320062,1,1,83,1,1,4,11,99,8,0,0,1,0,1,0,1,79,76,168,0,0,2,3,1,2,1,14,12,0,13,96,999,28,4,2020,3,16,2,59,1,1,3,1,1,100.0
320063,1,1,30,1,1,4,11,20,20,1,0,1,0,1,0,1,998,72,195,1,0,2,6,1,2,1,15,6,0,82,96,28,28,4,2020,3,21,2,33,1,1,4,3,1,33.33333333
320064,1,1,20,1,1,1,11,99,8,9,0,2,0,4,0,1,45,71,142,0,3,5,5,1,2,1,1,66,0,1,0,6,13,5,2020,4,15,2,12,2,2,1,1,1,33.33333333
320067,1,1,27,1,1,4,11,3,20,1,0,1,0,1,0,1,83,69,180,1,3,4,2,1,2,1,15,12,0,7,96,28,18,2,2020,3,16,2,1,1,1,4,1,1,100.0
320069,1,1,34,1,1,9,11,20,1,1,0,1,0,2,0,1,998,72,295,1,0,3,3,1,2,1,14,54,0,60,96,39,22,2,2020,7,6,2,12,1,1,1,4,10,50.0
320070,1,1,29,1,1,4,11,20,20,8,0,1,0,1,0,1,65,66,140,0,0,3,2,1,1,1,1,9,1,60,96,28,14,2,2020,6,22,2,1,1,1,3,2,1,100.0
320072,1,1,19,1,1,9,11,99,20,1,0,1,1,2,0,1,998,999,999,0,0,2,6,1,2,1,1,80,1,7,96,0,22,5,2020,6,21,2,8,1,1,1,3,1,50.0
320074,1,1,27,1,1,0,11,3,20,1,0,2,0,1,0,1,7,67,160,0,0,1,2,1,2,1,12,21,0,13,96,48,21,5,2020,5,19,2,12,1,1,1,5,1,33.33333333
320075,1,1,70,1,1,4,11,99,20,9,0,1,0,1,0,1,43,70,175,0,0,2,5,2,2,1,11,15,0,103,96,39,25,5,2020,2,8,2,12,2,2,1,1,1,50.0
320076,1,1,54,1,1,4,11,3,2,9,0,2,0,1,0,1,85,69,183,0,3,2,2,2,2,1,14,6,0,3,96,28,30,4,2020,5,17,2,33,1,1,4,1,10,100.0
320080,1,1,29,1,1,4,11,20,20,9,0,1,0,1,0,1,998,64,160,1,0,6,2,1,2,1,14,12,1,80,96,36,6,3,2020,6,19,2,25,5,1,4,3,10,100.0
320083,1,1,20,2,1,2,11,3,2,9,0,1,0,2,0,1,998,68,125,0,0,2,4,1,2,1,11,15,0,13,96,999,27,4,2020,2,13,2,12,2,2,1,1,1,50.0
320085,1,1,19,2,1,0,11,3,20,0,0,1,0,2,0,1,998,70,250,1,0,1,3,1,2,1,10,80,0,7,96,38,22,5,2020,6,19,2,8,4,1,1,5,1,50.0
320086,1,1,42,1,1,4,11,20,1,9,0,1,0,2,0,1,91,74,220,0,3,2,6,1,2,1,14,6,1,13,96,0,19,6,2020,6,0,2,33,1,1,4,3,1,100.0
320087,1,1,40,1,1,4,11,20,2,8,0,1,0,2,0,1,70,66,220,0,0,2,3,1,2,1,1,10,1,13,96,58,13,4,2020,2,20,2,1,1,1,3,2,1,100.0
320089,1,1,39,1,1,4,11,20,20,9,0,1,0,2,0,1,998,71,165,0,0,5,5,1,2,1,1,62,0,6,96,999,29,6,2020,2,18,2,12,2,3,1,1,1,50.0
320090,1,1,27,1,1,4,11,20,20,8,0,1,0,0,0,1,75,72,280,0,3,2,6,1,2,1,1,66,0,80,96,6,21,6,2020,1,17,2,12,2,2,1,1,1,50.0
320091,1,1,22,1,1,1,11,3,8,0,0,1,0,2,0,1,65,64,210,0,0,1,7,1,2,1,1,66,0,60,0,36,5,6,2020,6,17,2,12,2,3,1,1,1,50.0
320092,1,1,19,1,1,0,11,3,20,8,0,1,0,2,0,1,998,66,170,0,0,2,6,1,2,1,1,80,0,3,0,0,12,6,2020,6,0,2,8,3,2,1,3,1,50.0
320093,1,1,18,1,1,4,11,20,20,1,0,2,0,0,0,1,998,999,999,0,4,5,5,1,2,1,14,66,0,84,96,36,12,6,2020,6,20,2,12,2,3,1,3,1,66.66666667