ST_CASE,VEH_NO,PER_NO,AGE,SEX,PER_TYP,INJ_SEV,SEAT_POS,REST_USE,AIR_BAG,DRUGS,LOCATION,NUMOCCS,HIT_RUN,OWNER,V_CONFIG,HAZ_INV,TRAV_SP,DR_HGT,DR_WGT,PREV_SPD,SPEEDREL,VTRAFWAY,VNUM_LAN,VPROFILE,VPAVETYP,VSURCOND,P_CRASH1,P_CRASH2,DR_DRINK,VPICBODYCLASS,DRDISTRACT,DRIVERRF,DAY,MONTH,YEAR,DAY_WEEK,HOUR,RUR_URB,HARM_EV,RELJCT2,TYP_INT,REL_ROAD,LGT_COND,WEATHER,Fatality Rate (%)
340107,1,1,65,1,1,0,11,3,20,0,0,1,1,1,0,1,998,71,999,0,0,1,2,1,2,2,1,80,0,7,96,0,26,2,2020,4,19,2,8,1,1,1,3,2,50.0
340108,1,1,24,1,1,0,11,3,20,0,0,1,0,1,1,1,998,67,999,1,0,3,3,1,2,1,14,80,0,60,96,0,13,2,2020,5,20,2,8,1,1,1,3,1,50.0
340109,1,1,18,1,1,0,11,99,20,9,0,1,1,2,0,1,998,999,999,0,0,1,3,1,2,1,11,80,0,60,6,38,2,3,2020,2,9,2,8,3,2,1,1,1,50.0
340110,1,1,53,1,1,0,11,8,9,8,0,1,0,2,0,1,998,70,999,0,5,1,4,1,2,1,1,10,1,13,96,36,13,3,2020,6,18,2,12,1,1,1,1,1,25.0
340111,1,1,68,1,1,4,11,8,9,1,0,1,0,1,0,1,54,73,254,0,3,1,2,1,2,1,1,8,0,13,96,28,20,3,2020,6,11,2,12,2,3,1,1,1,25.0
340113,1,1,50,1,1,4,11,3,8,0,0,1,0,1,0,1,998,74,999,0,0,6,2,6,2,1,14,12,1,7,96,0,15,3,2020,1,6,2,59,5,1,8,4,1,100.0
340114,1,1,39,1,1,0,11,3,20,0,0,3,0,3,0,1,998,65,999,0,0,2,6,1,2,1,1,80,0,9,96,0,27,3,2020,6,20,2,8,1,1,1,2,1,25.0
340117,1,1,53,2,1,0,11,3,20,0,0,2,0,1,0,1,33,67,999,0,0,2,3,1,2,1,1,80,0,13,96,0,5,4,2020,1,5,2,8,1,1,1,2,5,33.33333333
340118,1,1,998,8,1,9,11,98,98,9,0,99,1,2,0,1,998,999,999,99,0,1,2,1,2,1,1,80,0,13,93,38,8,3,2020,1,20,2,8,3,2,1,3,1,33.33333333
340119,1,1,49,1,1,4,11,20,1,0,0,1,0,1,0,1,998,68,999,0,5,2,2,1,2,1,14,12,0,3,93,6,19,4,2020,1,7,2,59,1,1,3,1,1,100.0
340120,1,1,38,1,1,0,11,3,20,0,0,1,1,2,0,1,998,999,999,0,0,2,2,1,2,1,1,51,1,7,93,28,20,4,2020,2,7,2,12,1,1,1,1,10,33.33333333
340121,1,1,56,1,1,4,11,8,2,0,0,1,0,1,0,1,0,66,999,0,0,1,2,1,2,1,5,53,0,13,96,0,21,4,2020,3,6,2,12,2,3,1,1,1,33.33333333
340122,1,1,52,1,1,0,11,8,2,0,0,1,0,2,0,1,998,67,200,0,0,2,3,1,2,1,1,80,0,7,96,0,27,4,2020,2,10,2,8,1,1,1,1,1,50.0
340123,1,1,54,1,1,4,11,20,2,9,0,1,0,1,0,1,998,71,999,0,5,1,2,1,2,1,1,9,0,13,93,6,19,5,2020,3,3,2,33,1,1,4,3,1,100.0
340124,1,1,24,1,1,0,11,3,9,1,0,2,0,2,0,1,998,72,999,0,5,1,2,1,2,1,1,55,1,7,93,39,5,5,2020,3,4,2,12,2,2,1,3,1,33.33333333
340125,1,1,50,1,1,0,11,3,20,9,0,1,0,1,0,1,998,72,999,0,0,1,2,3,1,1,1,80,0,5,96,0,2,3,2020,2,18,2,8,1,1,1,2,10,50.0
340126,1,1,71,1,1,4,11,3,20,1,0,1,0,1,0,1,998,74,999,0,0,2,4,1,2,2,1,51,0,13,96,26,23,3,2020,2,10,2,12,3,2,1,1,3,50.0
340127,1,1,42,1,1,4,11,3,20,1,0,3,0,1,0,1,998,69,215,0,0,3,2,1,2,1,1,9,0,13,96,6,5,5,2020,3,11,2,24,1,1,3,1,1,33.33333333
340128,1,1,38,1,1,4,11,8,9,0,0,3,0,1,0,1,998,72,999,0,5,2,2,5,2,1,14,13,0,7,96,36,27,5,2020,4,17,2,33,1,1,4,1,1,33.33333333
340129,1,1,31,1,1,0,11,8,1,0,0,1,0,1,0,1,998,66,999,1,0,2,2,1,2,1,1,80,0,7,96,0,16,3,2020,2,19,2,8,1,1,1,2,1,50.0
340130,1,1,87,1,1,2,11,20,1,0,0,2,0,1,0,1,998,76,999,0,0,3,3,6,1,1,14,51,1,60,96,28,7,5,2020,5,11,2,12,1,1,1,1,1,33.33333333
340131,1,1,22,1,1,4,11,20,20,0,0,1,0,2,0,1,998,67,999,0,0,3,3,1,2,1,1,51,0,80,96,26,19,4,2020,1,13,2,12,1,1,1,1,1,66.66666667
340132,1,1,53,1,1,4,11,99,9,0,0,1,0,1,0,1,998,67,999,2,0,1,4,1,2,1,10,91,0,15,96,39,14,4,2020,3,16,2,10,6,1,1,1,1,100.0
340133,1,1,25,1,1,0,11,98,20,0,0,1,1,2,0,1,998,999,999,0,0,2,3,6,2,2,1,82,1,13,96,36,9,5,2020,7,2,2,8,1,1,1,2,10,50.0
340134,1,1,33,1,1,4,11,20,20,0,0,1,0,1,0,1,998,78,999,0,0,3,3,1,2,1,1,9,1,94,96,6,15,5,2020,6,14,2,1,1,1,1,1,1,100.0
340135,1,1,55,1,1,4,11,20,20,0,0,1,0,1,0,1,998,72,999,0,0,1,2,1,2,1,1,62,0,94,93,6,13,5,2020,4,18,2,12,1,1,1,1,1,50.0
340136,1,1,22,1,1,0,11,98,20,0,0,1,0,3,1,1,998,69,999,0,0,1,2,1,2,1,1,82,0,62,96,0,9,5,2020,7,19,2,8,1,1,1,1,1,50.0
340137,1,1,70,1,1,4,11,8,1,0,0,1,0,1,0,1,998,74,999,0,0,0,0,0,0,0,11,15,0,60,96,38,22,5,2020,6,6,2,12,4,1,1,1,1,50.0
340138,1,1,22,1,1,4,11,3,99,1,0,1,0,2,0,1,998,70,999,2,0,1,2,5,2,1,1,12,0,13,96,0,18,5,2020,2,21,2,33,1,1,4,2,1,100.0
340140,1,1,75,1,1,4,11,8,1,0,0,1,0,1,0,1,998,66,999,0,5,1,2,5,2,1,14,13,0,1,96,0,17,5,2020,1,16,2,33,1,1,4,1,1,100.0
340141,1,1,63,2,1,0,11,3,20,0,0,1,0,2,0,1,998,65,999,0,0,2,5,1,2,2,1,80,0,7,96,0,30,3,2020,2,20,2,8,1,1,1,3,1,50.0
340142,1,1,34,1,1,4,11,3,8,1,0,1,0,1,0,1,998,69,999,0,0,1,3,5,2,2,14,10,0,13,96,28,30,4,2020,5,16,2,12,1,1,1,1,2,50.0
340143,1,1,32,1,1,0,11,3,20,0,0,1,0,1,0,1,998,77,999,0,0,2,1,1,2,1,1,80,0,60,96,0,24,2,2020,2,6,2,8,1,1,1,1,1,50.0
340144,1,1,27,1,1,4,11,20,1,1,0,1,0,1,0,1,998,66,999,0,0,1,2,5,2,2,14,12,1,7,96,36,26,4,2020,1,6,2,14,1,1,2,3,2,100.0
340145,1,1,69,1,1,0,11,3,20,0,0,1,0,3,0,1,998,70,999,0,0,1,4,1,2,1,11,80,0,95,93,38,27,3,2020,6,10,2,8,3,2,1,1,1,50.0
340146,1,1,70,2,1,0,11,3,20,0,0,2,0,1,0,1,50,63,999,0,0,3,4,5,2,1,1,80,0,13,96,0,7,2,2020,6,18,2,8,1,1,1,2,1,33.33333333
340147,1,1,77,1,1,0,11,98,20,9,0,2,1,2,0,1,999,67,999,0,0,1,2,1,2,1,1,80,0,15,99,0,18,3,2020,4,1,2,8,3,3,1,3,1,33.33333333
340148,1,1,63,1,1,0,11,3,20,0,0,2,0,3,0,1,998,73,999,0,0,5,5,1,2,1,1,80,0,13,96,0,12,3,2020,5,6,2,8,1,1,1,3,10,33.33333333
340149,1,1,34,1,1,3,11,99,98,9,0,5,0,2,0,1,998,68,999,0,0,1,2,6,2,1,1,13,1,13,96,36,25,1,2020,7,3,2,31,3,4,4,3,1,40.0
340150,1,1,54,1,1,0,11,3,20,0,0,1,0,3,1,1,998,66,999,0,0,3,2,1,2,2,1,80,0,11,96,0,28,3,2020,7,21,2,8,2,2,1,3,2,50.0
340151,1,1,73,1,1,0,11,3,20,0,0,1,0,3,21,1,998,72,999,0,0,1,3,3,2,1,11,80,0,16,93,38,10,6,2020,4,6,2,8,2,2,1,1,1,50.0
340152,1,1,28,2,1,3,11,20,9,1,0,3,0,2,0,1,998,65,999,0,0,2,4,1,2,1,14,10,1,60,96,36,19,6,2020,6,23,2,12,3,2,1,3,1,25.0
340153,1,1,77,1,1,0,11,98,20,9,0,1,1,1,19,1,998,66,999,0,0,2,4,1,2,1,1,80,0,11,96,0,27,3,2020,6,2,2,8,3,3,1,3,1,50.0
340154,1,1,53,1,1,0,11,3,20,0,0,1,0,3,1,1,998,71,999,4,0,1,5,1,2,1,1,84,0,11,96,0,22,4,2020,4,11,2,9,3,2,1,1,1,50.0
340155,1,1,26,1,1,0,11,3,20,0,0,1,0,3,0,1,26,67,999,0,0,1,4,1,2,1,11,83,0,65,93,38,20,4,2020,2,10,2,15,3,2,1,1,1,50.0
340157,1,1,57,1,1,4,11,20,20,1,0,1,0,1,0,1,998,72,999,0,0,1,2,1,2,1,1,10,0,60,96,6,17,4,2020,6,8,2,42,1,1,5,1,1,100.0
340158,1,1,999,9,1,9,11,99,98,8,0,99,1,9,99,1,999,999,999,99,9,2,2,1,2,1,99,82,0,999,99,0,26,4,2020,1,2,2,8,1,1,99,2,1,50.0
340159,1,1,56,1,1,0,11,3,20,8,0,3,0,3,1,1,998,64,999,0,0,1,2,1,2,1,13,81,1,11,93,36,27,4,2020,2,16,2,8,8,1,2,1,1,25.0
340160,1,1,30,1,1,4,11,20,9,1,0,1,0,1,0,1,998,74,229,0,0,3,4,1,2,1,1,52,1,13,96,6,6,4,2020,2,10,2,12,1,1,1,1,1,50.0
340161,1,1,59,1,1,4,11,20,20,1,0,1,0,1,0,1,998,73,999,0,5,1,2,6,2,1,14,10,1,81,93,0,8,4,2020,4,20,2,17,1,1,5,2,1,100.0
340163,1,1,27,2,1,2,11,8,9,0,0,1,0,2,0,1,998,63,999,0,0,2,4,1,2,1,1,17,0,7,7,39,22,4,2020,4,12,2,12,2,2,1,1,1,50.0
340164,1,1,97,1,1,4,11,3,9,8,0,1,0,1,0,1,998,68,999,0,0,1,2,1,2,2,12,21,0,13,93,48,29,3,2020,1,17,2,12,1,1,1,1,2,33.33333333
340166,1,1,46,1,1,0,11,3,20,0,0,1,0,3,1,1,0,70,999,0,0,3,2,1,2,1,98,60,0,11,96,0,30,5,2020,7,1,2,12,1,1,2,2,1,25.0
340167,1,1,19,2,1,0,11,99,98,0,0,3,1,1,0,1,998,62,999,0,0,1,2,1,2,1,1,98,0,15,96,73,2,5,2020,7,23,2,5,1,1,1,3,1,33.33333333
340168,1,1,65,1,1,0,11,3,20,0,0,1,0,1,0,1,20,71,999,1,0,2,2,5,2,2,14,80,0,60,96,39,29,5,2020,6,5,2,8,3,4,1,2,2,50.0
340170,1,1,50,2,1,0,11,3,20,8,0,1,0,1,0,1,998,60,999,0,0,3,3,6,2,1,1,80,0,8,96,6,2,5,2020,7,21,2,8,1,1,1,2,1,50.0
340171,1,1,57,1,1,4,11,99,99,1,0,1,0,3,0,1,998,73,999,0,9,3,3,1,2,1,1,11,0,9,96,36,11,5,2020,2,21,2,14,1,1,2,2,1,33.33333333
340172,1,1,78,1,1,0,11,3,20,1,0,1,0,1,0,1,998,67,999,0,0,1,5,1,2,1,1,80,0,13,93,38,16,5,2020,7,12,2,8,3,3,1,1,1,50.0
340173,1,1,82,2,1,4,11,3,9,9,0,1,0,1,0,1,998,62,999,0,0,3,3,1,2,2,14,13,0,13,96,6,28,5,2020,5,14,2,33,1,1,4,1,2,100.0
340174,1,1,38,2,1,4,11,8,1,1,0,5,0,1,0,1,998,67,999,1,3,3,4,1,2,1,1,51,1,8,96,36,17,5,2020,1,22,2,45,1,1,1,3,1,100.0
340175,1,1,91,2,1,0,11,3,20,0,0,1,1,1,0,1,998,66,999,0,0,1,2,5,2,1,11,83,0,13,93,38,30,5,2020,7,17,2,9,2,3,1,1,1,50.0
340176,1,1,76,1,1,4,11,8,9,0,0,1,0,1,0,1,998,70,999,0,0,1,4,1,2,1,1,13,0,13,96,0,29,5,2020,6,12,2,30,1,1,4,1,1,100.0
340177,1,1,38,2,1,0,11,8,2,1,0,1,0,2,0,1,998,64,999,0,0,3,2,1,2,1,1,80,0,13,96,0,2,5,2020,7,4,2,8,1,1,1,2,1,50.0
340178,1,1,51,1,1,1,11,3,20,0,0,3,0,3,21,1,998,74,999,0,0,2,4,1,2,1,11,15,0,16,96,0,30,5,2020,7,0,2,12,2,2,1,3,1,50.0
340179,1,1,71,1,1,4,11,20,1,1,0,1,0,1,0,1,998,69,999,0,0,6,1,1,2,1,14,12,1,7,93,36,11,5,2020,2,15,2,31,5,1,8,1,1,100.0
340180,1,1,22,1,1,4,11,3,8,1,0,2,0,2,0,1,100,64,110,0,3,3,2,2,2,1,1,6,0,13,93,36,14,5,2020,5,17,2,42,1,1,5,1,1,50.0
340181,1,1,24,1,1,4,11,20,20,1,0,1,0,1,0,1,105,71,999,0,3,2,2,3,2,2,1,6,0,3,96,36,25,5,2020,2,7,2,33,1,1,3,1,2,66.66666667
340182,1,1,31,1,1,4,11,20,20,1,0,1,0,3,0,1,998,70,175,1,0,3,3,1,2,1,15,51,0,80,93,27,26,5,2020,3,8,2,12,1,1,1,1,1,50.0
340183,1,1,66,1,1,4,11,20,20,0,0,1,0,1,0,1,998,999,999,0,5,3,2,1,2,1,15,6,1,3,96,0,11,5,2020,2,18,2,35,1,1,4,1,1,100.0
340184,1,1,30,1,1,4,11,20,20,0,0,1,0,1,0,1,998,72,999,0,0,3,3,1,2,1,1,10,1,80,96,36,31,5,2020,1,2,2,25,1,1,3,3,1,100.0
340186,1,1,24,1,1,0,11,3,20,0,0,1,0,1,0,1,998,65,999,0,0,1,4,1,2,1,2,80,0,7,96,0,28,5,2020,5,20,2,8,1,1,1,3,1,50.0
340187,1,1,63,1,1,4,11,20,20,0,0,1,0,1,2,1,998,71,999,1,0,1,2,1,2,1,1,98,0,11,96,6,16,6,2020,3,7,2,50,1,1,1,1,1,100.0
340188,1,1,43,1,1,4,11,99,99,1,0,1,0,1,0,1,998,65,999,0,0,2,2,1,2,1,14,1,1,95,93,57,17,6,2020,4,21,2,42,1,1,5,2,1,100.0
340189,1,1,45,1,1,4,11,20,20,1,0,1,0,1,0,1,998,76,999,1,5,2,2,1,2,1,1,60,0,81,99,26,28,6,2020,1,12,2,1,1,1,1,1,1,33.33333333
340190,1,1,68,2,1,0,11,3,20,0,0,1,1,1,0,1,998,57,999,0,0,2,4,1,2,1,1,80,0,7,96,0,4,6,2020,5,0,2,8,1,1,1,3,1,50.0
340191,1,1,24,1,1,4,11,20,20,1,0,1,0,2,0,1,998,72,999,1,0,2,4,1,2,1,14,1,0,60,96,0,28,6,2020,1,9,2,59,1,1,3,1,1,100.0
340192,1,1,53,1,1,1,11,3,20,0,0,1,0,3,6,1,998,66,999,0,0,3,3,1,2,1,1,52,0,66,96,26,26,6,2020,6,22,2,12,1,1,1,2,1,20.0
340193,1,1,20,1,1,0,11,3,8,0,0,1,0,3,0,1,52,69,999,0,3,1,4,1,2,1,1,17,0,13,96,0,21,5,2020,5,12,2,12,8,1,1,1,1,33.33333333
340194,1,1,40,1,1,4,11,3,20,1,0,1,0,3,1,1,998,65,999,0,0,3,2,1,2,2,1,9,0,65,96,6,5,6,2020,6,15,2,31,1,1,3,1,2,100.0
340195,1,1,17,1,1,0,11,3,20,0,0,1,0,2,0,1,998,65,999,0,0,1,2,6,2,1,11,15,0,13,96,38,28,6,2020,1,15,2,12,8,1,1,1,1,50.0
340196,1,1,61,1,1,0,11,3,20,0,0,1,0,3,6,1,998,999,999,0,0,3,2,1,2,1,1,13,0,66,96,36,30,5,2020,7,16,2,14,1,1,2,1,1,66.66666667
340198,1,1,47,1,1,2,11,3,20,0,0,1,0,1,0,1,998,69,999,0,0,1,4,1,2,1,11,17,0,7,93,38,25,6,2020,5,14,2,12,8,1,1,1,1,50.0
340199,1,1,81,2,1,4,11,8,8,1,0,2,0,1,0,1,998,63,140,0,0,2,3,1,2,1,1,17,0,13,96,39,19,6,2020,6,10,2,12,2,2,1,1,1,16.66666667
340200,1,1,29,1,1,1,11,8,1,0,0,1,0,1,0,1,998,70,999,0,0,1,4,6,2,1,14,66,0,13,96,0,12,6,2020,6,11,2,12,2,3,1,1,1,33.33333333
340201,1,1,53,1,1,0,11,3,20,0,0,3,0,1,0,1,998,70,999,0,0,1,2,6,2,1,1,62,0,60,96,0,13,6,2020,7,10,2,12,8,1,1,1,1,20.0
340203,1,1,35,1,1,4,11,20,20,1,0,1,0,5,0,1,998,68,999,0,0,6,1,5,2,1,14,12,1,80,96,36,27,6,2020,7,3,2,24,5,1,4,3,1,100.0
340204,1,1,19,1,1,4,11,20,20,1,0,3,0,2,0,1,998,68,999,1,0,1,2,1,2,1,14,9,1,60,96,6,14,6,2020,1,23,2,1,1,1,1,2,1,33.33333333
340205,1,1,81,2,1,4,11,8,1,9,0,1,0,2,0,1,998,60,999,0,0,1,2,1,2,1,1,50,0,9,96,38,19,6,2020,6,10,2,12,8,1,1,1,1,25.0
340206,1,1,43,1,1,0,11,3,20,0,0,3,0,2,0,1,998,999,999,0,0,1,4,1,2,1,1,80,0,13,96,0,19,6,2020,6,21,2,8,3,3,1,2,1,25.0
340207,1,1,37,1,1,3,11,8,1,9,0,4,0,1,0,1,998,66,999,0,0,3,3,1,2,1,1,13,0,7,96,6,11,6,2020,5,3,2,42,1,1,5,2,1,25.0
340209,1,1,38,1,1,0,11,99,98,0,0,2,0,2,0,1,998,72,999,0,0,3,3,1,2,1,1,80,0,13,96,0,14,6,2020,1,21,2,8,3,2,1,3,1,33.33333333
340210,1,1,74,1,1,0,11,3,20,0,0,2,0,2,0,1,998,71,999,0,0,1,2,1,2,1,1,80,0,13,96,39,5,6,2020,6,12,2,8,3,2,1,1,1,33.33333333
340211,1,1,17,1,1,4,11,20,9,1,0,3,0,2,0,1,998,72,160,0,9,1,2,1,2,1,1,12,0,13,96,0,13,6,2020,7,3,2,38,1,1,4,3,1,66.66666667
340212,1,1,76,2,1,3,11,8,1,0,0,1,0,1,0,1,998,67,999,0,0,1,4,1,2,1,11,15,0,7,96,38,4,6,2020,5,18,2,12,2,3,1,1,1,50.0
340213,1,1,999,1,1,4,11,20,98,0,0,1,0,5,0,1,998,999,999,99,0,3,3,1,2,1,1,1,0,95,96,80,7,6,2020,1,17,2,1,1,1,1,1,1,100.0
340214,1,1,23,1,1,0,11,99,98,0,0,1,0,1,0,1,998,71,999,0,0,2,4,1,2,1,1,83,0,13,96,0,7,6,2020,1,15,2,15,1,1,1,1,1,50.0
340215,2,1,37,1,1,0,11,99,20,9,0,1,1,3,6,1,998,69,999,0,5,3,2,1,2,2,14,50,0,66,96,0,3,6,2020,4,22,2,12,1,1,1,3,10,50.0
340217,1,1,28,1,1,4,11,20,20,0,0,1,0,0,0,1,74,71,999,0,3,3,2,5,1,1,1,6,0,80,96,6,2,6,2020,3,23,2,25,1,1,4,3,1,100.0
340218,1,1,63,1,1,4,11,20,20,0,0,1,0,1,0,1,998,68,190,0,0,1,2,1,2,1,14,10,0,94,93,28,19,7,2020,1,12,2,14,1,1,4,1,1,100.0
340219,1,1,62,1,1,4,11,20,20,9,0,1,0,1,0,1,998,72,230,0,0,3,2,3,7,1,1,13,0,83,96,6,26,7,2020,1,23,2,33,1,1,4,2,1,100.0
340220,1,1,27,1,1,4,11,20,20,0,0,1,0,3,1,1,998,71,260,0,0,1,4,1,2,1,14,12,0,63,93,0,6,7,2020,2,8,2,24,1,1,4,1,1,100.0
340221,1,1,999,9,1,9,11,99,20,8,0,99,1,9,0,1,998,999,999,99,9,1,2,1,2,1,1,80,0,7,96,999,2,7,2020,5,1,2,8,1,1,1,3,1,50.0
340223,1,1,62,1,1,0,11,3,20,0,0,1,0,1,0,1,998,68,999,0,0,2,6,1,2,1,1,80,0,13,0,0,28,7,2020,3,2,2,8,1,1,1,2,1,50.0
340224,1,1,48,1,1,0,11,3,20,0,0,1,0,9,99,1,998,63,999,0,0,1,2,1,2,1,1,53,0,999,96,0,28,7,2020,3,11,2,12,2,2,1,1,1,33.33333333
340225,1,1,94,1,1,4,11,8,1,0,0,1,0,1,0,1,998,72,999,0,0,2,6,1,2,1,1,17,0,13,96,39,25,6,2020,5,8,2,12,2,2,1,1,1,33.33333333
340226,1,1,36,1,1,0,11,3,20,0,0,1,0,1,0,1,998,73,999,1,0,2,2,8,2,1,1,80,0,5,93,38,24,7,2020,6,19,2,8,3,3,1,1,1,50.0
340227,1,1,19,2,1,3,11,99,99,9,0,5,0,2,0,1,998,65,999,0,3,3,2,1,2,1,1,13,0,13,96,73,9,6,2020,3,23,2,24,1,1,4,3,1,60.0
340228,1,1,34,1,1,3,11,20,1,1,0,1,0,1,0,1,998,67,999,0,0,1,2,1,2,1,1,17,1,60,93,39,5,7,2020,1,0,2,12,2,2,1,3,1,66.66666667
340229,1,1,19,2,1,4,11,20,9,0,0,1,0,2,0,1,998,60,999,0,0,3,3,1,2,1,12,15,1,13,96,48,24,5,2020,1,4,2,12,2,2,1,3,1,33.33333333
340230,1,1,50,1,1,4,11,20,20,0,0,1,0,1,0,1,998,73,220,0,0,6,2,5,1,1,14,13,0,80,96,0,25,7,2020,7,19,2,25,5,1,4,1,1,33.33333333
340231,1,1,34,1,1,4,11,20,20,0,0,1,0,1,0,1,998,73,999,0,0,1,2,1,2,1,1,17,0,80,96,0,7,6,2020,1,16,2,12,8,1,1,1,1,50.0
340233,1,1,25,1,1,1,11,8,9,0,0,1,0,1,0,1,998,68,999,0,0,3,3,1,2,1,15,51,1,13,96,27,19,7,2020,1,2,2,12,18,1,1,3,1,25.0
340234,1,1,48,1,1,4,11,20,1,8,0,1,1,2,0,1,998,77,300,0,0,1,2,1,2,1,1,10,1,13,93,36,12,7,2020,1,1,2,12,1,1,1,3,1,50.0
340236,1,1,20,1,1,0,11,3,20,0,0,2,0,1,0,1,998,72,999,0,0,1,4,1,2,1,11,80,0,3,93,38,30,7,2020,5,11,2,8,3,2,1,1,1,33.33333333
340237,1,1,26,2,1,3,11,20,9,1,0,2,0,2,0,1,998,64,999,0,5,1,2,1,2,1,1,9,0,13,96,6,10,7,2020,6,23,2,33,1,1,4,3,1,50.0
340238,1,1,58,1,1,0,11,3,20,0,0,1,0,1,0,1,998,67,999,0,0,2,2,6,2,1,15,80,0,13,96,0,2,7,2020,5,22,2,8,1,1,1,2,1,25.0
340239,1,1,32,1,1,9,11,8,1,0,0,3,0,1,0,1,998,65,999,0,0,3,3,1,2,1,1,50,0,7,93,36,12,7,2020,1,5,2,12,3,3,1,6,1,25.0
340240,1,1,53,1,1,0,11,3,20,0,0,1,0,1,0,1,998,71,999,0,0,1,2,1,2,1,1,80,0,7,93,38,29,7,2020,4,9,2,8,3,3,1,1,1,33.33333333
340241,1,1,27,1,1,0,11,3,20,0,0,1,0,1,0,1,998,70,999,0,0,1,2,1,2,1,1,80,0,13,96,0,30,7,2020,5,20,2,8,1,1,1,3,1,50.0
340242,1,1,70,1,1,4,11,20,9,8,0,1,0,1,0,1,998,69,999,0,0,1,2,5,2,1,1,11,0,7,96,6,25,7,2020,7,22,2,31,1,1,4,2,1,100.0
340243,1,1,63,1,1,0,11,3,20,0,0,1,0,1,0,1,998,72,999,1,0,2,4,1,2,1,1,80,0,60,0,0,13,7,2020,2,21,2,8,1,1,1,2,1,50.0
340245,1,1,25,1,1,0,11,3,20,8,0,1,0,2,0,1,998,69,999,0,5,1,2,1,2,1,1,80,1,7,96,36,26,7,2020,1,7,2,8,1,1,1,1,1,50.0
340246,3,1,29,1,1,0,11,3,20,0,0,1,0,2,0,1,998,69,999,0,0,4,1,1,2,1,8,80,0,13,93,31,4,7,2020,7,3,2,14,3,2,2,6,1,50.0
340247,1,1,999,9,1,9,11,99,20,9,0,99,1,9,99,1,998,999,999,99,9,4,2,1,2,6,1,12,0,999,99,0,6,7,2020,2,19,2,33,1,1,3,1,1,50.0
340249,1,1,20,1,1,0,11,3,20,0,0,1,0,2,0,1,998,73,999,0,0,1,2,1,2,1,1,80,0,13,96,0,4,7,2020,7,20,2,8,1,1,1,3,1,50.0
340250,1,1,26,1,1,4,11,20,20,0,0,1,0,2,0,1,998,65,999,0,5,1,2,5,2,1,1,10,1,94,93,0,26,7,2020,1,2,2,31,3,2,4,3,1,100.0
340251,1,1,20,2,1,3,11,8,2,1,0,3,0,0,0,1,998,65,999,0,3,3,3,1,2,1,1,13,1,15,96,36,11,7,2020,7,22,2,30,1,1,4,3,1,33.33333333
340252,1,1,68,1,1,1,11,8,9,0,0,1,0,1,0,1,998,70,165,0,0,2,6,1,2,1,1,17,0,60,96,0,19,6,2020,6,17,2,12,2,3,1,1,1,50.0
340253,1,1,29,2,1,0,11,3,20,0,0,1,0,2,0,1,998,67,999,0,0,1,2,1,2,1,1,83,0,7,0,0,2,7,2020,5,16,2,9,1,1,1,1,1,16.66666667
340254,1,1,31,2,1,0,11,3,20,0,0,2,0,1,0,1,998,61,999,1,0,1,2,1,2,1,11,15,0,60,96,0,30,7,2020,5,20,2,12,2,2,1,5,1,33.33333333
340257,1,1,59,1,1,4,11,20,20,0,0,1,0,2,0,1,998,72,999,0,9,3,3,1,2,1,14,98,0,13,96,0,21,7,2020,3,10,2,2,1,1,1,1,1,100.0
340258,1,1,37,1,1,2,11,8,9,0,0,2,0,2,0,1,998,72,999,0,0,3,3,1,2,1,1,51,0,7,96,0,6,7,2020,2,2,2,12,1,1,1,2,1,33.33333333
340259,1,1,25,1,1,4,11,20,20,1,0,3,0,2,0,1,998,66,999,0,5,3,5,1,2,1,1,9,0,13,96,36,13,7,2020,2,22,2,42,1,1,5,2,1,33.33333333
340260,1,1,37,1,1,0,11,3,20,0,0,1,0,3,1,1,998,68,999,0,0,1,2,1,2,1,10,83,0,11,93,0,29,7,2020,4,14,2,9,2,2,1,1,1,33.33333333
340261,1,1,27,1,1,2,11,20,20,1,0,2,0,3,0,1,998,71,999,0,0,3,2,1,2,1,1,8,1,81,96,6,16,7,2020,5,23,2,1,1,1,1,3,1,50.0
340262,1,1,51,1,1,2,11,8,2,0,0,1,0,1,0,1,998,76,999,0,0,2,4,1,2,1,11,15,0,13,96,0,15,7,2020,4,22,2,12,2,3,1,3,1,50.0
340263,1,1,41,1,1,0,11,3,20,0,0,1,0,1,0,1,998,65,999,0,0,2,4,1,2,1,1,80,0,7,96,0,26,7,2020,1,4,2,8,1,1,1,2,1,50.0
340264,1,1,999,9,1,0,11,99,20,8,0,99,1,9,99,1,998,999,999,99,0,2,5,1,2,1,1,80,0,999,96,0,15,7,2020,4,1,2,8,3,2,1,3,1,33.33333333
340265,1,1,36,1,1,0,11,3,20,0,0,1,0,2,0,1,998,68,999,0,0,1,2,1,2,1,1,82,0,13,96,0,2,6,2020,3,3,2,8,3,3,1,3,1,50.0
340266,1,1,38,1,1,4,11,20,20,0,0,1,0,1,0,1,998,72,999,0,0,6,1,1,2,1,1,8,0,81,93,0,20,7,2020,2,12,2,24,5,1,4,1,1,100.0