ST_CASE,VEH_NO,PER_NO,AGE,SEX,PER_TYP,INJ_SEV,SEAT_POS,REST_USE,AIR_BAG,DRUGS,LOCATION,NUMOCCS,HIT_RUN,OWNER,V_CONFIG,HAZ_INV,TRAV_SP,DR_HGT,DR_WGT,PREV_SPD,SPEEDREL,VTRAFWAY,VNUM_LAN,VPROFILE,VPAVETYP,VSURCOND,P_CRASH1,P_CRASH2,DR_DRINK,VPICBODYCLASS,DRDISTRACT,DRIVERRF,DAY,MONTH,YEAR,DAY_WEEK,HOUR,RUR_URB,HARM_EV,RELJCT2,TYP_INT,REL_ROAD,LGT_COND,WEATHER,Fatality Rate (%)
340429,1,1,31,1,1,4,11,20,20,1,0,1,0,2,0,1,998,69,999,1,0,1,3,6,2,1,1,11,0,94,93,6,21,10,2020,4,20,2,12,1,1,1,3,1,33.33333333
340430,1,1,23,2,1,3,11,8,1,9,0,1,0,2,0,1,998,65,999,0,0,3,3,1,1,2,14,54,1,7,99,50,26,10,2020,2,22,2,12,1,1,1,2,5,33.33333333
340431,1,1,30,1,1,9,11,99,20,9,0,1,1,1,0,1,998,66,999,0,5,1,2,6,2,1,1,80,0,7,93,36,7,11,2020,7,18,2,8,1,1,1,3,1,50.0
340432,1,1,999,9,1,9,11,99,20,9,0,99,1,9,99,1,998,999,999,99,9,1,2,1,2,1,1,83,0,999,96,0,6,11,2020,6,19,2,9,1,1,1,3,1,50.0
340433,1,1,24,1,1,4,11,20,20,0,0,1,0,2,0,1,998,68,999,1,3,6,1,5,1,1,14,12,0,80,93,36,9,11,2020,2,9,2,25,5,1,4,1,1,100.0
340435,1,1,69,1,1,0,11,3,20,0,0,1,0,1,0,1,998,70,999,0,0,2,4,1,2,2,1,80,0,13,96,0,30,11,2020,2,17,2,8,1,1,1,3,2,50.0
340436,1,1,63,1,1,0,11,8,9,0,0,1,0,1,0,1,998,70,999,0,0,2,4,1,2,1,1,80,0,7,96,0,22,11,2020,1,17,2,8,3,3,1,3,1,50.0
340437,1,1,61,2,1,4,11,99,9,0,0,1,0,2,0,1,998,60,999,0,9,1,3,1,2,1,1,13,0,7,96,0,23,11,2020,2,18,2,33,3,2,4,3,1,33.33333333
340438,1,1,35,1,1,0,11,3,20,0,0,2,0,3,6,1,998,999,999,0,0,3,3,5,2,1,1,80,0,66,96,0,3,4,2020,6,10,2,8,1,1,1,1,1,33.33333333
340439,1,1,53,2,1,4,11,8,9,0,0,1,0,1,0,1,998,65,210,0,0,2,2,1,2,1,1,13,0,7,96,0,10,8,2020,2,13,2,33,1,1,4,1,1,25.0
340440,1,1,22,1,1,4,11,20,20,0,0,2,0,3,0,1,998,65,999,2,5,1,2,1,2,1,1,17,0,80,96,0,18,9,2020,6,21,2,12,2,3,1,3,1,25.0
340441,1,1,999,9,1,0,11,99,99,8,0,99,1,9,0,1,999,999,999,99,0,2,2,1,2,1,11,83,0,7,96,39,16,11,2020,2,22,2,9,3,2,1,3,1,50.0
340442,1,1,999,9,1,9,11,99,99,9,0,99,1,9,99,1,998,999,999,99,9,1,3,1,2,1,1,80,0,999,96,999,30,9,2020,4,20,2,8,3,3,1,3,1,50.0
340443,1,1,21,1,1,0,11,99,98,1,0,1,0,1,0,1,998,68,150,0,5,4,3,1,1,2,1,51,1,13,93,36,1,10,2020,5,23,2,12,1,1,1,3,2,33.33333333
340444,1,1,68,1,1,1,11,3,20,0,0,1,0,1,0,1,998,65,999,0,0,1,2,1,2,1,1,80,0,13,96,0,16,10,2020,6,6,2,8,1,1,1,4,10,50.0
340445,1,1,43,1,1,4,11,8,9,0,0,1,0,1,0,1,998,70,999,0,5,2,3,1,2,1,1,51,1,13,96,0,8,10,2020,5,1,2,12,1,1,1,3,1,50.0
340446,1,1,38,1,1,4,11,20,9,1,0,1,0,1,0,1,998,70,158,0,0,3,2,5,2,1,14,54,1,13,96,50,25,10,2020,1,2,2,12,1,1,1,3,1,50.0
340447,1,1,26,1,1,3,11,20,9,1,0,3,0,2,0,1,998,74,999,0,0,1,2,1,2,1,1,10,0,13,96,36,19,6,2020,6,17,2,12,1,1,1,1,1,25.0
340448,2,1,49,1,1,0,11,8,9,0,0,1,0,1,0,1,998,71,999,0,0,3,3,6,1,1,14,50,0,60,96,0,2,10,2020,6,22,2,12,1,1,1,3,1,33.33333333
340449,1,1,30,2,1,9,11,3,20,0,0,2,0,3,0,1,11,64,999,0,0,2,4,1,2,1,15,53,0,13,96,27,10,10,2020,7,15,2,12,1,1,1,1,1,33.33333333
340450,1,1,48,1,1,0,11,3,20,8,0,1,0,1,0,1,998,69,999,0,0,2,5,1,2,1,1,80,0,13,96,0,10,11,2020,3,21,2,8,1,1,1,2,1,50.0
340451,1,1,18,1,1,0,11,3,98,0,0,1,0,2,0,1,75,75,999,1,3,2,4,1,2,1,1,17,0,7,0,0,16,11,2020,2,14,2,12,8,1,1,1,1,50.0
340453,1,1,58,2,1,4,11,20,98,1,0,1,0,1,0,1,998,60,999,0,0,1,2,5,2,2,1,10,0,13,10,28,12,11,2020,5,16,2,12,1,1,1,1,2,25.0
340454,1,1,18,1,1,4,11,3,9,1,0,1,0,1,0,1,96,70,160,1,3,1,2,1,2,1,14,6,0,5,96,73,9,11,2020,2,1,2,42,1,1,5,2,1,100.0
340455,1,1,74,1,1,9,11,3,20,0,0,1,0,1,0,1,998,71,999,0,0,2,4,1,2,1,1,80,0,13,96,0,16,11,2020,2,16,2,8,1,1,1,2,1,50.0
340456,1,1,60,1,1,0,11,8,98,0,0,1,0,2,0,1,998,72,999,0,0,3,3,1,2,1,1,80,0,7,0,0,21,11,2020,7,5,2,8,1,1,1,3,1,50.0
340457,1,1,38,2,1,4,11,8,9,0,0,1,0,1,0,1,998,63,999,0,0,1,2,3,2,2,1,13,0,5,96,0,12,11,2020,5,17,2,42,1,1,4,3,2,100.0
340458,1,1,66,1,1,3,11,8,1,0,0,1,0,2,0,1,998,70,999,0,0,3,3,1,2,1,1,10,0,7,96,36,13,11,2020,6,18,2,12,3,3,1,3,1,50.0
340459,1,1,40,1,1,9,11,3,20,9,0,1,0,1,0,1,998,75,999,0,0,5,5,1,2,1,1,80,0,7,96,0,13,11,2020,6,22,2,8,1,1,1,3,1,50.0
340460,1,1,61,1,1,4,11,20,20,0,0,1,0,1,0,1,998,72,999,0,0,1,2,1,2,1,11,15,1,60,96,38,3,11,2020,3,10,2,12,2,2,1,1,1,50.0
340461,1,1,31,1,1,4,11,20,20,1,0,1,0,1,0,1,998,71,999,1,0,1,2,1,2,1,6,55,1,80,96,35,14,11,2020,7,17,2,12,2,3,1,2,1,50.0
340462,1,1,20,1,1,4,11,20,9,0,0,1,0,1,0,1,998,78,230,0,5,1,2,6,2,1,1,6,0,13,96,73,8,11,2020,1,0,2,33,1,1,4,3,1,100.0
340463,1,1,33,1,1,4,11,8,9,0,0,1,0,1,0,1,998,73,999,0,0,1,2,1,2,2,1,10,1,7,93,36,11,11,2020,4,7,2,12,1,1,1,1,10,50.0
340464,1,1,52,2,1,2,11,8,9,0,0,2,0,1,0,1,998,67,999,0,0,1,2,1,2,1,1,66,0,7,96,0,22,11,2020,1,9,2,12,2,2,1,1,1,33.33333333
340466,1,1,18,1,1,0,11,99,20,0,0,3,1,2,0,1,998,66,999,0,0,3,4,1,2,1,1,80,0,13,96,6,7,11,2020,7,21,2,8,1,1,1,3,1,25.0
340467,1,1,88,2,1,4,11,8,1,0,0,1,0,1,0,1,998,65,999,0,0,1,2,1,2,1,14,13,0,7,93,0,24,11,2020,3,14,2,42,1,1,5,1,1,100.0
340469,1,1,41,1,1,0,11,3,20,0,0,1,0,2,0,1,998,72,999,0,0,1,2,1,2,1,1,80,0,5,0,0,4,11,2020,4,18,2,8,1,1,1,2,1,50.0
340470,1,1,68,1,1,9,11,3,20,0,0,2,0,2,0,1,998,73,999,0,0,1,2,1,2,1,1,80,0,7,96,0,23,11,2020,2,20,2,8,1,1,1,2,1,33.33333333
340471,1,1,38,1,1,4,11,20,1,1,0,1,0,2,0,1,998,999,999,0,5,3,2,1,2,1,15,11,1,7,96,27,19,11,2020,5,16,2,12,1,1,1,3,1,33.33333333
340472,1,1,40,1,1,3,11,3,8,9,0,5,0,2,0,1,0,73,999,0,0,3,3,1,2,2,5,53,0,13,0,54,12,11,2020,5,23,2,12,1,1,1,2,2,33.33333333
340473,1,1,36,1,1,3,11,20,9,9,0,2,0,2,0,1,998,68,999,0,3,1,2,1,2,1,1,17,0,3,96,36,1,11,2020,1,21,2,12,2,2,1,3,1,50.0
340474,1,1,31,1,1,4,11,20,20,0,0,1,0,2,0,1,998,71,275,0,0,1,3,1,2,1,1,17,0,94,96,39,19,11,2020,5,17,2,12,2,2,1,3,1,50.0
340475,1,1,80,1,1,4,11,20,1,0,0,1,0,1,0,1,998,69,180,0,0,1,3,1,2,1,1,50,0,7,93,6,18,11,2020,4,12,2,12,3,3,1,1,1,20.0
340476,1,1,65,1,1,3,11,3,9,1,0,1,0,1,0,1,998,67,999,0,0,2,4,1,1,1,1,54,0,13,96,50,11,11,2020,4,5,2,12,1,1,1,3,10,33.33333333
340477,1,1,19,1,1,4,11,8,9,1,0,1,0,1,0,1,998,73,999,3,5,2,4,6,2,1,14,13,0,3,96,0,22,11,2020,1,17,2,42,1,1,5,3,1,100.0
340478,1,1,26,2,1,4,11,20,1,0,0,1,0,1,0,1,998,65,375,0,0,1,2,1,2,1,1,17,0,7,96,39,5,11,2020,5,15,2,10,6,1,1,1,1,50.0
340479,1,1,17,1,1,3,11,3,9,9,0,2,0,2,0,1,998,999,999,0,5,1,2,1,2,1,14,17,0,1,96,73,19,11,2020,5,21,2,10,6,1,1,3,1,50.0
340480,1,1,39,1,1,5,11,20,9,9,0,1,0,2,0,1,998,67,999,0,5,1,4,1,2,1,1,51,1,7,93,36,6,11,2020,6,6,2,12,2,2,1,1,1,50.0
340482,1,1,999,9,1,9,11,99,99,9,0,99,1,5,0,1,998,999,999,99,0,2,2,1,2,1,10,98,0,7,96,36,2,11,2020,2,6,2,5,2,2,1,4,1,50.0
340484,1,1,26,2,1,1,11,3,20,0,0,1,0,1,0,1,998,63,999,0,0,3,2,6,2,1,14,80,0,13,96,0,14,11,2020,7,3,2,8,1,1,1,2,1,50.0
340485,1,1,19,1,1,0,11,3,20,0,0,4,0,2,0,1,998,72,999,0,0,3,3,1,2,1,1,80,0,13,96,0,24,11,2020,3,23,2,8,1,1,1,2,1,20.0
340487,1,1,49,2,1,4,11,20,9,1,0,2,0,2,0,1,88,67,209,1,3,3,3,1,2,1,14,13,1,13,96,0,22,11,2020,1,0,2,42,1,1,5,2,1,50.0
340488,1,1,28,1,1,4,11,20,9,1,0,1,0,4,0,1,998,72,132,0,0,3,3,1,2,1,14,11,1,7,96,73,1,11,2020,1,4,2,14,1,1,2,3,1,33.33333333
340490,1,1,63,1,1,0,11,3,20,0,0,2,0,2,0,1,998,71,999,0,0,3,6,1,2,1,1,80,0,7,96,0,10,11,2020,3,20,2,8,1,1,1,3,1,33.33333333
340493,1,1,18,1,1,9,11,3,20,0,0,1,0,2,0,1,998,71,999,0,0,1,2,1,2,1,11,80,0,60,96,38,30,12,2020,4,17,2,8,3,3,1,3,1,50.0
340494,1,1,23,1,1,2,11,20,8,9,0,4,0,2,0,1,998,999,999,0,5,1,2,1,2,1,1,10,0,13,93,36,15,11,2020,1,3,2,14,1,1,4,3,1,25.0
340495,1,1,82,1,1,3,11,3,8,8,0,1,0,1,0,1,998,77,999,0,0,2,4,1,2,1,1,50,0,13,96,0,27,11,2020,6,10,2,12,3,2,1,1,1,33.33333333
340496,1,1,47,1,1,9,11,99,20,8,0,99,1,1,0,1,998,65,999,1,3,1,2,1,2,1,1,83,0,60,96,0,5,7,2020,1,23,2,9,2,3,1,3,1,50.0
340497,1,1,44,1,1,0,11,3,20,0,0,1,0,3,6,1,998,66,999,0,0,1,2,1,2,1,1,17,0,66,96,0,10,11,2020,3,12,2,12,2,2,1,1,1,33.33333333
340499,1,1,46,1,1,0,11,2,20,0,0,1,0,1,0,1,998,69,999,0,0,3,3,1,2,2,1,80,0,7,96,0,1,12,2020,3,6,2,8,3,2,1,3,1,50.0
340500,1,1,68,1,1,4,11,20,1,1,0,1,0,4,0,1,998,68,180,0,5,1,2,3,2,1,1,10,0,7,96,28,25,12,2020,6,13,2,12,1,1,1,1,1,100.0
340501,1,1,28,1,1,4,11,99,98,0,0,1,0,1,0,1,998,69,999,0,9,4,2,1,2,1,14,12,1,7,96,6,23,12,2020,4,3,2,26,1,1,4,3,1,100.0
340503,1,1,48,1,1,9,11,99,1,0,0,2,1,1,0,1,998,72,999,0,5,3,4,1,2,1,6,12,0,7,96,36,27,12,2020,1,23,2,31,1,1,3,3,1,50.0
340504,1,1,30,2,1,0,11,3,1,0,0,1,0,2,0,1,85,65,999,0,3,1,2,1,2,1,1,17,0,13,5,39,23,12,2020,4,9,2,12,2,2,1,1,1,50.0
340505,1,1,41,2,1,4,11,20,20,1,0,1,0,1,0,1,0,69,999,0,0,3,3,1,2,2,5,53,1,13,96,54,24,12,2020,5,23,2,12,1,1,1,3,2,50.0
340506,1,1,27,1,1,4,11,3,3,1,0,1,0,1,0,1,998,71,140,3,3,3,3,1,2,2,15,6,0,13,96,27,24,12,2020,5,6,2,1,1,1,5,2,1,100.0
340507,1,1,68,1,1,4,11,20,9,1,0,1,0,1,0,1,998,72,999,0,0,1,2,1,2,1,14,13,1,7,96,36,23,12,2020,4,16,2,30,1,1,4,1,1,100.0
340508,1,1,24,1,1,4,11,20,9,8,0,2,0,3,0,1,998,72,999,1,5,1,2,1,2,1,6,12,0,60,96,33,28,12,2020,2,20,2,30,1,1,4,3,1,50.0
340509,1,1,999,9,1,9,11,99,20,9,0,99,1,9,99,1,998,999,999,99,9,3,3,1,2,99,1,85,0,999,99,0,1,5,2020,6,15,2,9,99,99,99,9,99,50.0
340510,1,1,50,1,1,9,11,99,20,9,0,1,1,2,0,1,998,66,999,0,0,1,4,1,2,2,1,80,0,60,96,0,7,9,2020,2,22,2,8,3,2,1,3,2,33.33333333
340511,1,1,27,1,1,5,11,8,2,0,0,1,0,3,0,1,998,73,999,0,0,1,4,1,2,1,6,8,0,7,0,16,22,10,2020,5,19,2,33,1,1,4,3,1,50.0
340512,1,1,45,2,1,9,11,8,20,8,0,1,0,1,0,1,998,62,999,0,0,1,2,1,2,1,11,15,0,13,96,0,19,9,2020,7,16,2,12,2,2,1,1,1,50.0
340513,1,1,22,2,1,9,11,99,20,0,0,2,0,3,0,1,998,67,999,0,0,1,2,1,2,1,1,83,0,7,96,0,25,11,2020,4,12,2,9,1,1,1,1,1,33.33333333
340514,1,1,59,1,1,9,11,3,20,0,0,2,0,1,0,1,998,71,999,0,0,1,4,1,2,1,1,80,0,9,96,39,3,12,2020,5,21,2,8,3,2,1,3,1,33.33333333
340515,1,1,18,1,1,0,11,3,20,8,0,2,0,2,0,1,998,66,999,0,0,1,4,1,2,1,1,80,0,60,96,0,13,12,2020,1,17,2,8,3,3,1,2,1,33.33333333
340516,1,1,78,2,1,4,11,20,1,8,0,1,0,1,0,1,998,60,999,0,0,4,2,1,2,1,1,17,0,5,96,39,1,12,2020,3,17,2,12,2,2,1,2,1,50.0
340517,1,1,65,1,1,9,11,99,98,9,0,1,1,1,0,1,998,73,999,0,0,2,5,5,2,2,1,80,0,60,96,0,24,12,2020,5,22,2,8,1,1,2,3,2,50.0
340518,1,1,36,1,1,9,11,3,20,0,0,1,0,1,0,1,998,70,999,0,0,1,2,6,2,1,1,80,0,13,96,0,14,12,2020,2,21,2,8,3,3,1,3,1,50.0
340519,1,1,63,2,1,1,11,3,20,1,0,1,0,1,0,1,998,62,999,0,0,1,5,1,2,1,14,80,0,13,96,0,7,12,2020,2,18,2,8,1,1,1,3,1,50.0
340520,1,1,63,1,1,0,11,3,20,0,0,1,0,1,0,1,998,67,99,0,0,3,3,1,2,1,1,80,0,7,96,0,15,12,2020,3,19,2,8,3,2,1,3,1,50.0
340521,1,1,31,1,1,4,11,20,1,1,0,1,0,1,0,1,998,72,150,0,5,1,2,1,2,1,1,9,1,7,96,6,26,12,2020,7,20,2,42,1,1,5,3,1,100.0
340522,1,1,53,1,1,0,11,3,20,0,0,1,0,1,0,1,998,72,999,0,0,2,4,1,2,1,1,80,0,60,96,0,11,12,2020,6,17,2,8,1,1,1,2,1,50.0
340523,1,1,21,2,1,0,11,3,20,0,0,2,0,2,0,1,998,62,999,1,0,1,4,1,8,1,14,80,0,13,96,0,29,12,2020,3,15,2,8,1,1,1,1,1,33.33333333
340524,1,1,51,1,1,0,11,3,20,0,0,1,0,1,0,1,998,73,999,0,0,1,2,1,2,1,1,80,0,13,96,0,8,12,2020,3,6,2,8,3,3,1,2,10,50.0
340525,1,1,18,1,1,4,11,8,9,1,0,1,0,2,0,1,998,72,230,0,5,6,1,5,2,1,14,6,0,7,96,0,18,12,2020,6,4,2,31,5,1,8,3,1,100.0
340526,1,1,40,2,1,3,11,8,1,9,0,2,0,2,0,1,998,66,999,0,0,1,2,1,2,1,1,13,0,7,96,0,11,12,2020,6,21,2,14,1,1,4,3,1,33.33333333
340527,1,1,29,1,1,0,11,3,20,0,0,1,0,3,6,1,998,66,999,0,0,3,4,1,2,1,1,80,0,66,96,0,3,12,2020,5,19,2,8,3,2,1,2,1,50.0
340528,1,1,61,2,1,9,11,3,20,0,0,1,0,2,0,1,998,66,999,0,0,1,2,1,2,1,1,80,0,7,96,0,2,12,2020,4,18,2,8,1,1,1,1,1,50.0
340529,1,1,58,1,1,4,11,3,1,0,0,1,0,2,0,1,998,69,175,0,0,1,2,1,2,1,1,13,1,2,96,6,15,12,2020,3,7,2,31,1,1,4,1,1,100.0
340530,1,1,999,9,1,9,11,99,99,8,0,99,1,9,99,1,998,999,999,99,9,3,3,1,2,2,99,82,0,999,96,999,25,12,2020,6,6,2,8,1,1,1,3,2,50.0
340532,1,1,22,1,1,9,11,3,20,0,0,2,0,1,0,1,0,72,999,0,0,1,2,1,2,1,5,15,0,13,0,38,24,10,2020,7,10,2,12,2,3,1,1,1,33.33333333
340533,1,1,22,1,1,2,11,3,1,0,0,6,0,3,0,1,998,67,140,0,0,1,2,1,2,1,1,10,0,9,96,28,2,11,2020,2,14,2,12,1,1,1,1,1,14.28571429
340534,1,1,63,1,1,0,11,3,20,0,0,2,0,1,0,1,998,72,999,0,0,1,2,1,2,1,1,80,0,7,96,0,21,11,2020,7,19,2,8,1,1,1,3,1,33.33333333
340535,1,1,999,9,1,9,11,99,99,9,0,99,1,9,99,1,998,999,999,99,9,1,2,1,2,1,99,82,0,999,99,999,2,12,2020,4,5,2,8,99,99,99,4,1,50.0
340536,1,1,41,1,1,0,11,3,20,9,0,1,0,1,0,1,998,67,999,0,0,3,3,1,2,1,1,80,0,7,96,0,2,12,2020,4,21,2,8,1,1,1,3,1,50.0
340538,1,1,23,1,1,3,11,8,9,0,0,3,0,1,0,1,998,75,999,0,5,1,3,5,7,1,15,52,0,13,0,42,28,12,2020,2,18,2,12,1,1,1,3,1,12.5
340540,1,1,25,1,1,4,11,20,9,1,0,1,0,3,0,1,998,72,999,0,9,2,3,5,2,1,1,13,1,13,96,0,26,12,2020,7,22,2,33,1,1,4,3,1,100.0
340542,1,1,45,1,1,4,11,20,9,9,0,1,0,1,0,1,998,66,999,0,0,1,2,6,2,1,1,99,0,13,96,0,28,12,2020,2,18,2,12,1,1,1,3,1,100.0
340543,1,1,36,1,1,2,11,8,1,8,0,2,0,1,0,1,998,67,999,0,0,2,3,8,8,1,1,52,0,13,17,0,26,12,2020,7,10,2,12,3,3,1,1,1,25.0
340544,1,1,89,2,1,1,11,8,1,0,0,3,0,1,0,1,998,63,999,0,0,1,2,5,2,1,1,17,0,7,93,39,4,12,2020,6,11,2,12,2,2,1,1,1,25.0
340545,1,1,57,2,1,4,11,20,1,1,0,1,0,2,0,1,998,66,999,0,0,3,3,1,2,1,1,12,0,7,96,0,23,12,2020,4,20,2,24,1,1,3,2,1,25.0
340546,1,1,83,1,1,1,11,8,9,0,0,2,0,1,0,1,998,67,999,0,0,6,1,1,2,2,11,15,0,1,96,0,24,12,2020,5,18,2,12,5,1,1,3,6,20.0
340547,1,1,26,1,1,0,11,3,20,0,0,1,0,1,0,1,998,65,999,0,0,1,4,1,2,1,1,80,0,7,96,0,6,12,2020,1,20,2,8,3,3,1,3,1,50.0
340548,1,1,19,1,1,0,11,99,98,0,0,1,0,1,0,1,998,65,999,0,0,1,2,1,2,1,1,85,0,13,96,36,10,10,2020,7,15,2,9,1,1,1,1,1,50.0
340549,1,1,999,9,1,9,11,99,98,9,0,1,1,9,0,1,998,999,999,99,5,1,2,1,2,1,1,98,0,60,93,6,25,9,2020,6,20,2,12,1,1,1,1,1,50.0
340550,1,1,40,2,1,0,11,3,20,0,0,4,0,1,0,1,998,66,999,0,0,1,2,5,1,1,1,60,0,13,96,0,26,11,2020,5,22,2,12,1,1,1,3,1,10.0
340551,1,1,24,1,1,4,11,8,9,1,0,1,0,2,0,1,998,68,999,0,5,1,2,1,2,1,1,12,0,7,96,36,29,12,2020,3,19,2,42,1,1,4,1,1,100.0
340552,1,1,45,2,1,0,11,3,20,0,0,1,0,1,0,1,998,63,999,0,0,1,4,1,2,1,11,15,0,7,96,0,31,8,2020,2,20,2,12,2,3,1,3,1,50.0
340553,1,1,27,1,1,4,11,20,9,0,0,1,0,3,0,1,998,64,999,0,5,1,2,6,2,1,1,13,0,13,93,6,26,9,2020,7,0,2,42,3,2,4,3,1,100.0
350001,1,1,27,1,1,4,11,20,1,1,0,1,0,2,0,1,998,71,230,0,3,1,2,1,2,1,14,12,1,13,96,28,1,1,2020,4,3,2,33,1,1,4,2,1,100.0
350003,1,1,998,2,1,0,11,3,20,8,0,1,0,1,0,1,998,999,999,0,0,3,2,2,2,1,1,80,0,13,0,0,3,1,2020,6,18,2,8,1,1,1,2,1,33.33333333
350004,1,1,16,1,1,4,11,8,1,9,0,1,0,2,0,1,998,64,212,0,4,1,2,2,2,4,14,6,1,60,96,73,19,1,2020,1,0,2,1,1,1,4,2,1,100.0
350005,1,1,59,1,1,0,11,20,20,8,0,1,0,3,6,1,998,72,200,0,0,3,3,1,2,1,11,15,0,66,96,0,7,1,2020,3,19,2,12,2,2,1,3,1,50.0
350008,1,1,17,2,1,4,11,20,1,8,0,2,0,2,0,1,998,65,210,0,3,2,2,1,2,1,1,13,0,13,93,6,9,1,2020,5,23,2,43,1,1,4,3,1,50.0
350017,1,1,35,1,1,0,11,3,20,8,0,1,0,2,0,1,998,65,179,0,0,1,2,1,2,1,1,80,0,60,96,0,10,1,2020,6,19,2,8,1,1,1,2,1,50.0
350019,1,1,66,2,1,0,11,3,20,8,0,1,0,2,0,1,30,65,175,0,0,2,5,1,2,2,1,80,0,7,96,0,21,1,2020,3,19,2,8,3,2,1,2,2,50.0
350020,1,1,36,2,1,0,11,3,20,0,0,1,0,1,0,1,998,65,173,0,0,1,3,1,2,1,1,81,0,60,96,0,13,1,2020,2,18,2,8,1,1,1,3,1,50.0
350021,1,1,20,1,1,0,11,1,20,8,0,1,0,2,0,1,998,68,162,0,0,1,2,1,2,1,1,80,0,13,0,0,23,1,2020,5,21,2,8,1,1,1,2,1,50.0
350024,1,1,41,1,1,0,11,3,20,8,0,1,0,2,0,1,998,999,999,99,0,1,2,1,2,1,14,81,0,65,0,0,27,1,2020,2,17,2,8,1,1,1,3,6,50.0
350025,1,1,25,1,1,4,11,20,20,9,0,1,0,5,0,1,998,69,160,0,3,1,2,1,2,1,1,9,0,13,96,37,30,1,2020,5,19,2,1,1,1,4,2,1,100.0
350027,1,1,44,1,1,1,11,3,1,0,0,1,0,1,0,1,998,73,189,0,0,2,4,2,2,1,11,63,0,13,96,0,31,1,2020,6,18,2,12,2,2,1,3,1,50.0
350031,1,1,999,9,1,9,11,98,98,9,0,99,1,9,0,1,998,999,999,99,5,1,2,1,2,1,99,80,0,7,96,0,4,1,2020,7,22,2,8,1,1,1,2,1,50.0
350032,1,1,41,1,1,1,11,3,8,8,0,5,0,2,0,1,998,70,200,1,0,5,7,1,2,1,1,62,0,60,96,0,8,1,2020,4,13,2,12,8,1,1,1,1,16.66666667
350033,1,1,52,1,1,0,11,3,20,8,0,1,0,3,21,1,998,68,225,0,0,3,2,1,2,1,1,80,0,16,96,0,28,1,2020,3,19,2,8,1,1,1,3,1,50.0
350034,1,1,18,2,1,0,11,3,8,8,0,1,0,2,0,1,998,63,130,0,0,1,2,1,2,1,11,15,0,13,93,38,24,1,2020,6,22,2,12,2,2,1,2,1,50.0
350035,1,1,18,1,1,4,11,20,8,9,0,3,0,2,0,1,90,72,138,0,3,2,2,2,2,1,1,66,0,7,96,39,29,1,2020,4,3,2,12,2,2,1,3,1,50.0
350038,1,1,999,8,1,9,11,99,99,9,0,2,1,5,0,1,998,999,999,99,3,2,3,1,2,1,1,10,0,13,96,37,4,2,2020,3,18,2,12,3,2,1,2,1,33.33333333
350040,1,1,28,1,1,0,11,3,20,8,0,1,0,1,0,1,998,999,999,0,0,1,2,1,2,1,11,83,0,60,96,0,10,2,2020,2,14,2,9,8,1,1,1,1,50.0
350041,1,1,19,1,1,4,11,3,20,8,0,1,0,2,0,1,55,999,999,0,0,1,2,2,2,1,1,53,0,13,96,0,8,2,2020,7,4,2,12,2,3,1,3,1,50.0
350043,1,1,60,1,1,0,11,3,20,8,0,1,0,2,0,1,998,69,165,0,0,1,2,1,2,1,1,80,0,60,96,0,8,2,2020,7,18,2,8,1,1,1,2,1,50.0
350044,1,1,21,2,1,4,11,20,8,9,0,1,0,1,0,1,998,66,195,2,0,1,2,1,5,1,1,12,1,13,93,28,15,2,2020,7,7,2,42,1,1,4,6,1,100.0
350045,1,1,64,1,1,4,11,20,20,9,0,1,0,1,0,1,998,69,165,0,0,1,2,1,2,1,1,59,0,12,96,0,16,2,2020,1,20,2,12,1,1,1,3,1,33.33333333
350046,1,1,47,1,1,2,11,3,8,8,0,1,0,1,0,1,998,72,150,0,0,4,2,1,2,1,1,66,0,8,96,0,17,2,2020,2,16,2,12,2,2,1,1,1,50.0
350047,1,1,44,1,1,4,11,98,8,9,0,1,0,1,0,1,998,68,230,0,0,2,3,1,2,1,1,12,0,7,96,0,14,2,2020,6,18,2,1,1,1,3,3,1,100.0
350050,1,1,56,1,1,4,11,20,1,8,0,1,0,1,0,1,998,70,160,0,0,1,2,1,2,1,11,15,0,1,93,39,20,2,2020,5,16,2,12,2,2,1,1,1,50.0
350055,1,1,34,1,1,0,11,3,20,8,0,1,0,1,0,1,998,76,240,0,0,3,4,1,2,1,1,80,0,13,96,0,17,1,2020,6,18,2,8,1,1,1,6,1,50.0
350057,1,1,87,1,1,4,11,3,8,9,0,2,0,1,0,1,998,70,155,0,0,1,2,1,2,1,11,15,0,1,96,0,10,2,2020,2,11,2,12,2,2,1,1,1,33.33333333
350058,1,1,38,2,1,4,11,20,1,9,0,1,0,2,0,1,998,61,200,0,0,3,3,1,2,1,1,12,0,5,93,38,20,2,2020,5,5,2,12,1,1,1,3,1,25.0
350059,1,1,17,2,1,0,11,3,20,1,0,4,0,2,0,1,56,61,135,0,4,3,2,1,2,2,14,6,0,13,96,74,22,2,2020,7,20,2,33,3,3,3,3,2,25.0
350060,1,1,999,9,1,9,11,99,98,8,0,99,1,9,99,1,998,999,999,99,0,3,3,2,2,1,1,80,0,999,93,0,13,2,2020,5,20,2,8,18,1,1,2,1,50.0