ST_CASE,VEH_NO,PER_NO,AGE,SEX,PER_TYP,INJ_SEV,SEAT_POS,REST_USE,AIR_BAG,DRUGS,LOCATION,NUMOCCS,HIT_RUN,OWNER,V_CONFIG,HAZ_INV,TRAV_SP,DR_HGT,DR_WGT,PREV_SPD,SPEEDREL,VTRAFWAY,VNUM_LAN,VPROFILE,VPAVETYP,VSURCOND,P_CRASH1,P_CRASH2,DR_DRINK,VPICBODYCLASS,DRDISTRACT,DRIVERRF,DAY,MONTH,YEAR,DAY_WEEK,HOUR,RUR_URB,HARM_EV,RELJCT2,TYP_INT,REL_ROAD,LGT_COND,WEATHER,Fatality Rate (%)
350061,1,1,17,1,1,0,11,98,20,1,0,2,1,2,0,1,998,73,230,0,3,1,2,1,2,1,1,80,0,13,93,6,4,3,2020,4,21,2,8,3,2,1,3,1,33.33333333
350064,1,1,44,1,1,0,11,3,20,0,0,1,0,1,0,1,998,67,230,0,0,1,3,1,2,1,10,80,0,60,93,6,8,3,2020,1,10,2,8,3,2,1,1,1,50.0
350065,1,1,35,1,1,4,11,20,1,8,0,1,0,1,0,1,998,68,999,0,3,1,2,1,2,1,14,6,1,5,96,28,8,3,2020,1,18,2,31,1,1,4,1,1,100.0
350070,1,1,23,2,1,3,11,3,20,8,0,1,0,1,0,1,75,62,110,1,0,3,4,1,2,1,1,80,0,13,96,0,9,3,2020,2,21,2,8,18,1,1,3,1,50.0
350074,1,1,56,1,1,4,11,20,20,9,0,1,0,2,0,1,998,72,260,0,0,2,2,1,2,1,1,12,1,7,96,0,14,3,2020,7,18,2,12,1,1,1,1,1,66.66666667
350077,1,1,20,1,1,0,11,20,20,0,0,1,0,1,0,1,998,74,170,0,0,2,4,4,2,1,1,80,0,5,96,0,23,3,2020,2,20,2,8,3,3,1,3,1,50.0
350082,1,1,43,1,1,0,11,3,20,8,0,1,0,2,0,1,998,999,999,0,0,1,3,1,2,2,1,80,0,5,0,0,12,3,2020,5,20,2,8,1,1,1,3,2,50.0
350083,1,1,91,1,1,4,11,20,8,9,0,1,0,1,0,1,998,69,170,0,0,6,1,1,2,1,1,12,0,7,96,0,24,3,2020,3,12,2,1,5,1,8,1,1,100.0
350088,1,1,66,1,1,4,11,20,20,8,0,1,0,1,0,1,998,71,200,0,0,1,2,1,2,1,1,66,0,94,96,0,7,4,2020,3,11,2,12,2,2,1,1,1,33.33333333
350089,1,1,999,9,1,9,11,99,99,9,0,99,1,9,99,1,998,999,999,99,0,1,2,1,2,1,1,83,0,999,96,0,10,4,2020,6,3,2,9,1,1,1,2,1,50.0
350093,1,1,51,2,1,0,11,99,20,9,0,99,1,1,0,1,998,62,150,0,3,2,3,1,2,1,1,80,0,7,96,91,15,4,2020,4,13,2,8,1,1,1,1,1,50.0
350094,1,1,40,1,1,0,11,3,20,8,0,1,0,3,0,1,998,69,190,0,0,2,2,1,2,1,1,80,0,7,96,16,17,4,2020,6,2,2,8,1,1,1,2,1,50.0
350095,1,1,85,2,1,4,11,3,1,9,0,1,0,1,0,1,998,64,118,0,0,2,3,1,2,1,1,66,0,13,96,39,21,4,2020,3,21,2,12,2,2,1,3,1,33.33333333
350096,1,1,37,2,1,4,11,3,20,9,0,1,0,1,0,1,998,64,110,1,5,3,2,1,2,1,1,11,1,9,93,37,22,4,2020,4,21,2,25,1,1,4,2,1,100.0
350098,1,1,18,1,1,0,11,3,20,8,0,1,0,2,0,1,998,68,205,3,0,2,2,2,2,1,1,80,0,60,96,0,13,4,2020,2,20,2,8,1,1,1,2,1,50.0
350099,1,1,17,1,1,2,11,20,8,1,0,1,0,2,0,1,90,68,140,0,3,1,2,1,2,1,1,51,1,7,96,6,19,4,2020,1,0,2,12,2,2,1,2,1,33.33333333
350101,1,1,65,1,1,0,11,3,20,8,0,1,0,1,0,1,998,68,160,0,4,3,6,1,2,1,17,51,0,7,93,6,26,4,2020,1,15,2,12,1,1,1,1,1,50.0
350103,1,1,36,1,1,2,11,3,20,9,0,1,0,1,0,1,998,73,180,0,0,3,4,1,2,1,1,80,0,5,0,0,28,4,2020,3,17,2,8,1,1,1,1,1,50.0
350104,1,1,36,1,1,4,11,20,20,8,0,1,0,1,0,1,998,73,265,0,3,1,2,1,2,1,1,6,1,81,93,39,26,4,2020,1,22,2,98,3,3,1,2,1,100.0
350105,1,1,59,1,1,0,11,3,20,8,0,1,0,1,0,1,998,71,180,0,0,2,2,1,2,1,1,80,0,7,96,0,28,4,2020,3,20,2,8,1,1,1,3,1,50.0
350107,1,1,19,1,1,0,11,20,20,8,0,2,1,2,0,1,998,999,999,0,0,1,5,1,2,1,10,16,0,7,93,6,28,4,2020,3,21,2,8,3,2,1,3,1,33.33333333
350108,1,1,33,2,1,0,11,2,20,8,0,1,0,1,0,1,998,57,98,0,0,2,3,1,2,1,1,80,0,13,96,19,15,4,2020,4,16,2,8,1,1,1,1,1,50.0
350110,1,1,60,1,1,4,11,20,20,8,0,1,0,2,0,1,998,64,280,0,0,3,3,2,2,1,1,12,0,7,96,0,17,4,2020,6,16,2,57,1,1,3,1,1,100.0
350112,1,1,29,1,1,3,11,3,1,9,0,1,0,1,0,1,998,70,180,0,3,2,4,1,2,1,1,51,0,60,96,38,9,5,2020,7,22,2,12,2,2,1,2,1,14.28571429
350118,1,1,19,1,1,4,11,3,20,9,0,1,0,1,0,1,998,70,140,0,3,2,2,1,2,1,1,12,1,3,93,6,15,5,2020,6,4,2,59,1,1,4,2,1,100.0
350120,1,1,63,1,1,4,11,3,8,8,0,1,0,1,0,1,998,68,150,0,0,2,2,1,2,1,1,13,0,5,96,0,8,5,2020,6,5,2,1,1,1,4,1,1,100.0
350122,1,1,22,1,1,4,11,99,20,9,0,1,0,2,0,1,998,69,150,0,0,1,2,1,2,1,14,13,1,5,93,6,16,5,2020,7,6,2,34,1,1,4,2,1,100.0
350124,1,1,30,1,1,4,11,20,8,9,0,1,0,2,0,1,76,70,220,0,0,2,2,1,2,1,1,9,1,7,93,6,21,5,2020,5,2,2,24,1,1,4,2,1,100.0
350125,1,1,50,1,1,4,11,20,20,9,0,1,0,1,0,1,998,68,230,0,3,6,1,1,2,1,14,6,1,81,96,0,21,5,2020,5,19,2,34,5,1,4,5,1,100.0
350127,1,1,28,2,1,4,11,3,8,8,0,1,0,1,0,1,998,61,140,0,3,3,4,1,2,1,1,54,1,3,96,51,25,5,2020,2,0,2,12,1,1,1,3,1,25.0
350129,1,1,41,1,1,4,11,20,20,8,0,1,0,2,0,1,998,74,240,0,0,2,3,1,2,1,1,60,0,81,0,0,22,5,2020,6,14,2,1,1,1,1,1,1,100.0
350131,1,1,49,1,1,4,11,3,1,9,0,1,0,2,0,1,998,64,155,0,0,2,2,3,2,1,2,53,0,13,96,0,9,5,2020,7,8,2,12,1,1,1,1,1,50.0
350132,1,1,45,1,1,2,11,20,1,1,0,1,0,2,0,1,998,59,110,1,0,2,2,1,2,1,1,54,0,13,96,28,31,5,2020,1,12,2,12,1,1,1,1,1,25.0
350133,1,1,32,2,1,4,11,20,20,9,0,1,0,1,0,1,998,60,129,0,3,2,2,1,2,1,14,9,1,7,93,58,31,5,2020,1,20,2,33,1,1,4,5,1,100.0
350138,1,1,39,1,1,4,11,20,20,8,0,1,0,1,0,1,998,71,225,0,3,2,3,1,2,1,1,17,0,103,96,0,7,6,2020,1,12,2,12,2,2,1,1,1,50.0
350139,1,1,31,1,1,4,11,20,20,9,0,1,0,3,1,1,998,68,175,1,0,2,2,1,2,1,1,13,0,11,96,58,8,6,2020,2,17,2,1,1,1,1,1,1,100.0
350140,1,1,36,1,1,4,11,98,8,9,0,1,0,2,0,1,998,70,165,0,0,1,2,1,2,2,1,17,0,13,96,0,13,6,2020,7,22,2,12,2,2,1,3,2,50.0
350143,1,1,41,2,1,4,11,20,1,8,0,2,0,2,0,1,998,65,215,0,3,2,2,2,2,1,6,51,1,2,96,35,16,6,2020,3,6,2,12,1,1,1,1,1,50.0
350145,1,1,19,1,1,3,11,3,1,8,0,1,0,2,0,1,104,66,120,0,3,2,3,2,2,1,15,51,0,3,93,39,1,6,2020,2,14,2,12,2,3,1,1,1,14.28571429
350146,1,1,26,1,1,0,11,3,20,8,0,99,1,2,0,1,998,67,185,0,0,1,2,1,2,1,99,13,1,60,96,91,16,6,2020,3,1,2,8,1,1,2,2,1,50.0
350149,1,1,80,1,1,4,11,20,8,9,0,1,0,1,0,1,998,69,180,0,0,3,2,1,2,1,1,54,0,60,93,51,20,6,2020,7,23,2,12,1,1,1,2,1,25.0
350150,1,1,999,9,1,9,11,99,20,9,0,99,1,9,99,1,998,999,999,99,0,2,2,1,2,2,1,80,0,999,93,0,13,6,2020,7,20,2,8,1,1,1,3,2,50.0
350151,1,1,63,1,1,4,11,3,8,8,0,1,0,2,0,1,998,68,176,0,0,3,3,1,2,1,1,13,0,13,93,6,12,6,2020,6,15,2,31,1,1,3,1,1,100.0
350153,1,1,18,2,1,4,11,3,1,9,0,1,0,2,0,1,998,65,280,0,0,5,3,1,2,1,1,10,1,13,96,73,23,6,2020,3,20,2,12,1,1,1,1,1,50.0
350155,1,1,26,2,1,4,11,3,1,8,0,2,0,1,0,1,998,62,125,0,0,1,4,1,2,1,1,54,0,7,0,0,23,6,2020,3,15,2,12,1,1,1,1,1,66.66666667
350156,1,1,51,1,1,0,11,3,20,8,0,1,0,4,0,1,998,999,999,0,0,3,2,1,2,1,1,80,0,13,96,0,17,6,2020,4,23,2,8,1,1,1,6,1,33.33333333
350159,1,1,34,1,1,4,11,20,20,8,0,1,0,1,0,1,998,73,237,0,5,1,2,5,8,98,1,6,0,84,96,0,10,6,2020,4,4,2,1,1,1,1,3,1,100.0
350160,1,1,21,1,1,0,11,3,20,8,0,1,0,2,0,1,998,66,145,0,0,2,3,1,2,1,11,15,0,7,93,38,27,5,2020,4,17,2,12,2,3,1,1,1,50.0
350161,1,1,35,2,1,3,11,3,8,9,0,1,0,1,0,1,998,64,150,0,0,2,4,1,2,1,11,15,0,13,96,0,27,6,2020,7,11,2,12,8,1,1,1,1,50.0
350162,1,1,50,2,1,0,11,98,20,8,0,1,0,2,0,1,998,65,170,0,0,1,2,1,2,1,11,15,0,7,96,0,25,6,2020,5,21,2,1,8,1,1,2,1,33.33333333
350163,1,1,23,1,1,0,11,3,20,0,0,1,0,2,0,1,35,69,225,0,0,1,3,1,2,1,1,80,0,13,0,0,30,6,2020,3,18,2,8,1,1,1,1,1,50.0
350164,1,1,48,1,1,2,11,3,8,1,0,3,0,1,0,1,21,70,198,0,0,1,2,5,5,1,12,21,1,13,96,91,28,6,2020,1,18,2,42,1,1,4,1,1,33.33333333
350170,1,1,999,1,1,0,11,98,20,8,0,99,1,5,0,1,998,999,999,99,0,2,6,1,2,1,10,80,0,13,93,6,25,6,2020,5,13,2,8,3,2,1,1,1,50.0
350174,1,1,24,1,1,0,11,98,1,1,0,1,0,1,0,1,998,72,165,0,3,2,3,1,2,1,1,50,1,13,93,6,1,7,2020,4,3,2,12,1,1,1,3,1,50.0
350176,1,1,39,2,1,0,11,3,20,8,0,2,0,2,0,1,998,63,120,0,0,1,2,1,2,1,1,83,0,60,0,0,7,7,2020,3,11,2,9,3,2,1,1,1,33.33333333
350177,1,1,36,2,1,0,11,3,20,8,0,2,0,1,0,1,998,69,150,0,0,1,2,1,2,1,11,15,0,7,96,0,9,7,2020,5,17,2,12,2,3,1,1,1,33.33333333
350180,1,1,46,1,1,4,11,20,20,8,0,1,0,1,0,1,998,69,230,0,0,2,2,1,2,1,1,13,0,94,96,0,12,7,2020,1,13,2,33,1,1,4,1,1,100.0
350183,1,1,80,1,1,0,11,3,20,8,0,2,0,1,0,1,43,68,140,0,0,2,2,1,2,1,1,80,0,13,96,0,7,7,2020,3,19,2,8,1,1,1,1,1,33.33333333
350186,1,1,16,1,1,0,11,3,1,8,0,3,0,1,0,1,998,70,140,0,0,1,2,1,2,1,11,15,0,13,96,48,18,7,2020,7,21,2,12,2,3,1,2,1,20.0
350187,1,1,18,1,1,4,11,20,20,9,0,1,0,2,0,1,998,71,120,0,3,2,2,1,2,1,14,6,0,13,96,0,18,7,2020,7,1,2,33,1,1,4,2,1,100.0
350188,1,1,999,9,1,0,11,99,20,9,0,99,1,9,99,1,998,999,999,99,0,2,3,1,2,2,1,83,0,999,93,6,19,7,2020,1,21,2,9,3,2,1,3,1,50.0
350189,1,1,62,2,1,4,11,3,1,9,0,1,0,2,0,1,998,64,158,0,0,1,4,1,2,1,1,13,0,7,96,0,22,7,2020,4,11,2,33,1,1,4,1,1,100.0
350191,1,1,24,2,1,4,11,20,9,9,0,1,0,2,0,1,998,60,176,0,3,6,2,2,2,2,14,13,1,5,96,0,25,7,2020,7,1,2,25,5,1,4,3,1,100.0
350196,1,1,42,1,1,4,11,20,20,8,0,2,0,2,0,1,998,67,180,0,3,3,2,1,2,2,1,12,0,6,96,0,23,7,2020,5,22,2,1,1,1,3,3,2,50.0
350198,1,1,60,1,1,4,11,3,98,8,0,1,0,1,0,1,998,77,251,0,0,2,2,1,2,98,1,66,0,7,96,0,14,7,2020,3,5,2,12,2,2,1,3,98,66.66666667
350199,1,1,47,1,1,4,11,3,20,9,0,2,0,2,0,1,998,999,999,0,3,1,2,1,2,1,1,54,1,60,96,28,20,7,2020,2,13,2,12,1,1,1,1,1,66.66666667
350200,1,1,22,1,1,4,11,20,8,9,0,1,0,2,0,1,58,70,200,0,3,2,3,1,2,1,1,13,0,13,93,6,6,8,2020,5,3,2,46,3,3,4,3,1,100.0
350201,1,1,71,1,1,1,11,3,20,8,0,1,1,1,0,1,998,69,200,0,0,1,2,1,2,1,1,12,0,13,98,28,11,8,2020,3,12,2,8,4,1,1,1,1,50.0
350203,1,1,23,1,1,4,11,20,20,8,0,1,0,2,0,1,998,66,190,0,0,3,3,5,2,1,1,99,1,98,96,0,13,8,2020,5,21,2,1,1,1,1,2,1,50.0
350205,1,1,28,1,1,2,11,98,1,9,0,2,0,2,0,1,998,68,120,0,0,1,2,1,2,1,1,10,0,3,93,28,15,8,2020,7,14,2,12,1,1,1,1,1,20.0
350206,1,1,36,2,1,1,11,3,1,8,0,1,0,3,0,1,998,999,999,0,0,2,4,1,2,1,11,15,0,7,0,0,9,8,2020,1,22,2,12,2,2,1,3,1,33.33333333
350208,1,1,77,2,1,1,11,8,1,8,0,2,0,1,0,1,998,60,184,0,0,3,4,1,2,1,1,54,0,7,96,0,21,8,2020,6,1,2,12,1,1,1,3,1,66.66666667
350209,1,1,50,1,1,4,11,20,20,8,0,2,0,1,0,1,998,70,175,0,0,2,1,1,2,1,1,90,0,7,0,0,21,8,2020,6,12,2,73,1,1,1,1,1,50.0
350211,1,1,35,1,1,4,11,20,1,9,0,1,0,2,0,1,998,69,220,0,0,1,2,1,2,1,1,10,1,3,96,28,28,8,2020,6,21,2,12,1,1,1,3,1,33.33333333
350213,1,1,16,1,1,0,11,98,20,9,0,99,1,2,0,1,998,70,142,1,0,1,2,1,2,1,1,83,0,60,96,0,28,8,2020,6,6,2,9,2,3,1,3,1,50.0
350216,1,1,62,1,1,0,11,3,20,8,0,1,0,1,0,1,998,69,220,0,0,5,3,1,2,1,1,80,0,60,0,0,2,8,2020,1,20,2,8,2,3,1,2,1,50.0
350217,1,1,23,1,1,4,11,20,20,9,0,1,0,1,0,1,998,69,150,0,0,2,3,1,2,1,1,9,1,7,93,6,7,8,2020,6,23,2,1,1,1,1,2,1,100.0
350218,1,1,53,2,1,4,11,20,1,9,0,1,0,1,0,1,998,66,160,0,0,2,3,1,2,1,1,17,0,13,96,0,7,8,2020,6,8,2,12,2,2,1,1,1,50.0
350220,1,1,20,1,1,2,11,20,8,8,0,2,0,2,0,1,998,66,140,0,0,0,0,0,0,0,11,15,0,2,96,38,17,8,2020,2,19,2,12,8,1,1,1,1,16.66666667
350224,1,1,16,1,1,4,11,20,20,9,0,1,0,2,0,1,998,999,999,99,3,3,2,1,2,1,1,12,0,3,96,0,17,8,2020,2,17,2,57,1,1,3,1,1,50.0
350225,1,1,43,1,1,0,11,3,20,8,0,1,0,3,6,2,998,67,175,0,0,3,4,2,2,1,1,80,0,66,96,0,29,7,2020,4,13,2,8,1,1,1,1,1,50.0
350227,1,1,46,1,1,4,11,20,98,8,0,1,0,1,0,1,998,72,200,1,5,2,2,1,2,98,1,99,0,3,96,0,21,2,2020,6,19,2,12,2,2,1,2,1,33.33333333
350231,1,1,29,2,1,0,11,20,20,8,0,1,1,1,0,1,40,62,160,0,0,2,3,1,2,1,1,80,0,13,96,0,2,9,2020,4,4,2,8,1,1,1,3,1,50.0
350232,1,1,43,1,1,4,11,20,20,9,0,1,0,1,0,1,998,66,240,0,0,1,2,1,5,1,10,16,0,125,93,38,2,9,2020,4,18,2,12,2,2,1,1,1,50.0
350234,1,1,57,1,1,4,11,20,20,9,0,1,0,1,0,1,90,73,240,0,3,2,2,1,2,1,1,67,1,94,93,6,5,9,2020,7,15,2,12,2,3,1,1,1,100.0
350239,1,1,17,1,1,0,11,3,3,8,0,2,0,2,0,1,998,71,160,0,5,1,2,1,2,1,6,10,0,13,96,58,7,9,2020,2,12,2,12,1,1,1,1,1,33.33333333
350242,1,1,29,1,1,0,11,3,20,8,0,2,0,3,6,1,65,999,999,1,0,3,2,1,2,1,1,80,0,66,0,0,11,9,2020,6,0,2,8,1,1,1,2,1,33.33333333
350243,1,1,22,1,1,1,11,3,1,0,0,1,0,1,0,1,998,71,135,0,3,2,2,1,2,1,1,17,0,3,96,39,12,9,2020,7,12,2,12,2,2,1,1,1,33.33333333
350245,1,1,26,1,1,4,11,20,20,9,0,2,0,1,0,1,40,69,140,0,3,1,2,2,2,1,1,99,1,69,96,0,13,9,2020,1,23,2,1,1,1,1,3,1,50.0
350246,1,1,26,1,1,0,11,20,20,8,0,1,0,1,0,1,45,72,245,1,3,2,3,1,2,1,1,13,0,13,93,6,15,9,2020,3,6,2,8,3,2,4,2,1,50.0
350247,1,1,22,2,1,2,11,98,8,0,0,4,0,2,0,1,998,64,118,0,0,2,2,1,2,1,14,13,0,9,98,0,18,9,2020,6,19,2,19,1,1,5,3,1,25.0
350249,1,1,34,1,1,0,11,3,20,8,0,99,1,1,0,1,998,68,210,1,0,2,4,1,2,1,1,80,0,13,96,0,15,9,2020,3,20,2,8,1,1,1,3,1,50.0
350251,1,1,29,1,1,4,11,20,8,8,0,1,0,3,0,1,87,999,999,1,3,1,2,1,2,1,1,13,1,60,93,39,22,9,2020,3,23,2,33,3,3,4,2,1,100.0
350256,1,1,18,1,1,0,11,3,1,8,0,2,0,2,0,1,998,63,130,0,0,2,3,1,2,1,1,55,0,2,96,0,28,9,2020,2,2,2,12,2,2,1,3,6,33.33333333
350260,1,1,30,1,1,1,11,3,8,8,0,4,0,0,0,1,75,999,999,0,0,2,3,1,2,1,1,1,0,13,96,80,29,9,2020,3,8,2,12,1,1,1,1,1,20.0
350262,1,1,19,1,1,0,11,20,20,0,0,1,0,2,0,1,998,69,171,0,0,1,2,5,2,1,1,8,0,3,93,73,4,9,2020,6,8,2,9,1,1,4,1,1,50.0
350263,1,1,40,2,1,0,11,3,20,9,0,2,1,2,0,1,998,65,140,0,0,1,2,1,2,1,1,80,0,13,98,0,21,9,2020,2,20,2,8,2,2,1,3,1,25.0
350266,1,1,999,9,1,0,11,99,20,8,0,99,1,9,99,1,998,999,999,99,0,2,2,1,2,1,1,80,0,999,96,0,28,9,2020,2,8,2,8,1,1,1,1,1,50.0
350269,1,1,38,1,1,0,11,3,20,8,0,2,0,1,0,1,998,70,250,0,0,3,4,1,2,1,1,80,0,60,0,0,5,10,2020,2,23,2,8,1,1,1,3,1,33.33333333
350271,1,1,999,9,1,0,11,99,20,9,0,99,1,9,99,1,998,999,999,99,0,1,2,1,2,1,1,80,0,999,93,6,16,10,2020,6,19,2,8,1,1,1,2,1,50.0
350272,1,1,21,1,1,4,11,20,20,8,0,1,0,0,0,1,998,75,190,0,3,2,2,1,2,1,15,13,0,80,93,6,9,10,2020,6,16,2,33,3,3,4,1,1,100.0
350274,1,1,62,2,1,4,11,3,8,9,0,1,0,1,0,1,998,66,190,0,0,2,2,2,2,1,6,9,0,13,96,35,20,10,2020,3,13,2,12,1,1,1,1,1,50.0
350280,1,1,22,1,1,4,11,20,20,8,0,1,0,2,0,1,998,77,250,3,3,1,2,6,5,1,14,19,1,80,96,0,10,10,2020,7,7,2,1,1,1,4,1,1,100.0
350281,1,1,37,1,1,0,11,3,20,8,0,1,0,2,0,1,998,71,175,0,0,1,2,1,2,2,1,80,0,7,96,0,25,10,2020,1,19,2,8,1,1,1,2,2,25.0
350282,1,1,39,1,1,0,11,20,20,1,0,1,1,2,0,1,998,69,220,0,0,5,3,1,2,1,1,80,1,7,96,60,6,10,2020,3,23,2,8,1,1,1,2,1,50.0
350284,1,1,72,2,1,0,11,3,20,8,0,1,0,1,0,1,998,67,180,0,0,1,2,1,2,1,1,80,0,13,93,6,17,10,2020,7,19,2,8,16,1,1,2,1,50.0
350286,1,1,42,2,1,4,11,3,20,1,0,1,0,2,0,1,998,61,130,0,0,1,3,1,2,1,1,54,1,13,93,28,30,10,2020,6,17,2,12,1,1,1,1,1,50.0
350287,1,1,999,9,1,0,11,99,20,9,0,99,1,9,99,1,998,999,999,99,0,1,2,1,2,1,1,80,0,999,93,6,13,3,2020,6,23,2,8,3,2,1,3,1,50.0
350288,1,1,55,1,1,4,11,20,20,9,0,1,0,0,0,1,998,73,185,0,0,6,1,1,2,1,14,12,0,74,96,0,22,6,2020,2,2,2,30,5,1,4,3,1,100.0
350289,1,1,999,9,1,9,11,99,20,9,0,99,1,9,99,1,998,999,999,99,0,1,3,1,2,1,1,80,0,999,96,0,30,6,2020,3,21,2,8,2,3,1,2,1,33.33333333
350292,1,1,19,1,1,4,11,20,20,8,0,1,0,2,0,1,998,999,999,0,3,1,2,1,2,1,14,12,1,13,96,39,18,7,2020,7,18,2,38,1,1,4,1,1,100.0
350295,1,1,22,1,1,3,11,20,1,8,0,2,0,0,0,1,998,66,120,0,3,2,4,1,2,1,11,15,1,3,93,6,23,10,2020,6,2,2,17,8,1,4,3,1,50.0
350296,1,1,53,1,1,1,11,3,8,8,0,1,0,1,0,1,998,67,200,0,0,2,4,1,2,1,1,66,0,7,96,0,7,10,2020,4,1,2,12,2,2,1,3,1,33.33333333
350297,1,1,999,9,1,0,11,99,99,9,0,99,1,9,99,1,998,999,999,99,0,1,2,1,2,1,1,80,0,999,93,6,17,10,2020,7,19,2,8,1,1,1,3,1,14.28571429
350299,1,1,28,2,1,4,11,20,1,9,0,1,0,2,0,1,998,66,999,0,0,2,4,1,2,1,11,15,0,13,96,0,4,11,2020,4,18,2,12,2,2,1,2,1,50.0
350300,1,1,26,2,1,0,11,20,20,8,0,1,0,1,0,1,998,63,145,0,0,1,3,1,2,1,15,80,0,13,96,0,6,11,2020,6,19,2,8,3,3,1,3,1,50.0
350304,1,1,31,1,1,0,11,3,20,8,0,1,0,1,0,1,30,66,140,0,0,1,2,1,2,1,1,80,0,60,0,0,3,11,2020,3,17,2,8,1,1,1,2,1,50.0
350306,1,1,30,1,1,0,11,3,20,8,0,1,0,1,0,1,998,69,200,4,0,2,3,1,2,1,1,80,0,60,96,0,17,11,2020,3,4,2,8,1,1,1,3,1,50.0
350309,1,1,16,1,1,1,11,3,8,8,0,1,0,2,0,1,998,69,113,0,0,2,2,1,2,1,1,55,0,13,0,0,19,11,2020,5,18,2,12,2,2,1,3,1,25.0
350311,1,1,48,1,1,0,11,3,20,8,0,2,0,1,0,1,45,74,190,0,0,1,2,1,2,1,2,80,0,7,96,0,24,11,2020,3,18,2,8,1,1,1,3,1,33.33333333
350314,1,1,61,2,1,0,11,3,20,8,0,1,0,1,0,1,998,59,115,0,0,2,3,1,2,1,10,16,0,5,96,0,30,11,2020,2,15,2,12,4,1,1,1,1,50.0
350315,1,1,76,1,1,0,11,98,20,9,0,99,1,0,0,1,998,74,250,0,0,3,3,1,2,1,14,80,0,7,96,0,2,11,2020,2,17,2,8,1,1,1,3,1,50.0
350316,1,1,79,1,1,3,11,3,1,8,0,2,0,2,0,1,998,73,175,0,0,2,4,1,2,1,1,12,0,7,96,0,30,11,2020,2,14,2,12,1,1,1,1,1,16.66666667
350318,1,1,19,1,1,4,11,20,20,9,0,1,0,2,0,1,998,66,150,1,3,1,2,1,2,1,1,51,0,80,93,38,25,11,2020,4,11,2,12,2,3,1,1,1,50.0
350319,1,1,19,1,1,4,11,20,98,9,0,1,0,2,0,1,998,72,155,0,0,3,3,1,2,1,1,54,1,13,96,51,29,11,2020,1,21,2,12,1,1,1,2,1,50.0
350320,1,1,23,1,1,4,11,20,8,9,0,1,0,2,0,1,998,72,135,0,3,3,2,1,2,1,1,12,1,13,93,28,7,11,2020,7,2,2,57,1,1,3,2,1,50.0
350323,1,1,27,2,1,0,11,3,20,9,0,1,0,2,0,1,998,63,125,1,0,1,2,1,2,1,1,80,0,7,96,0,1,12,2020,3,18,2,8,1,1,1,2,1,50.0
350325,1,1,42,1,1,4,11,3,20,8,0,1,0,1,0,1,998,68,200,0,3,1,2,1,2,1,1,13,1,7,93,6,1,12,2020,3,14,2,33,1,1,4,1,6,100.0
350329,1,1,23,2,1,4,11,20,1,9,0,1,0,2,0,1,998,57,165,0,0,1,2,2,2,1,1,10,0,13,93,36,5,12,2020,7,10,2,12,1,1,1,1,1,50.0
350330,1,1,81,2,1,4,11,20,20,8,0,1,0,1,0,1,998,62,120,0,0,2,2,1,2,1,14,13,0,7,93,6,8,12,2020,3,11,2,31,1,1,4,1,1,100.0
350331,1,1,34,1,1,4,11,20,8,0,0,1,0,1,0,1,998,72,200,1,0,2,2,2,2,1,1,9,0,7,96,58,9,12,2020,4,11,2,24,1,1,3,1,1,33.33333333
350334,1,1,24,1,1,4,11,20,1,9,0,1,0,1,0,1,998,68,150,0,4,2,4,6,2,1,14,6,0,13,96,0,13,12,2020,1,8,2,35,1,1,4,1,1,100.0
350337,1,1,21,1,1,0,11,3,20,8,0,1,0,1,0,1,998,63,120,0,0,1,2,1,2,1,1,83,0,7,0,0,15,12,2020,3,20,2,9,3,3,1,2,1,50.0
350341,1,1,24,2,1,4,11,2,20,1,0,3,0,1,0,1,998,60,115,2,0,2,3,6,2,1,14,6,1,7,96,0,20,12,2020,1,1,2,1,1,1,1,3,1,33.33333333
350344,1,1,21,1,1,4,11,20,8,9,0,1,0,1,0,1,998,69,180,0,3,2,3,1,2,1,15,6,0,3,96,0,27,12,2020,1,22,2,33,1,1,4,3,1,100.0
350348,2,1,19,1,1,0,11,3,2,0,0,1,0,1,0,1,80,74,235,0,0,3,3,3,2,1,1,50,0,7,0,0,26,2,2020,4,21,2,12,1,1,1,2,1,33.33333333
350350,1,1,20,1,1,2,11,20,8,1,0,1,0,2,0,1,91,66,190,0,3,1,2,2,2,1,1,10,1,7,93,38,24,12,2020,5,10,2,12,1,1,1,1,1,33.33333333
350352,1,1,999,9,1,0,11,20,20,9,0,1,1,5,0,1,998,999,999,99,3,2,3,1,2,2,1,83,0,80,96,0,10,12,2020,5,17,2,15,1,1,1,3,2,50.0
350354,1,1,21,2,1,1,11,3,1,8,0,2,0,1,0,1,998,64,159,0,3,2,2,1,2,1,15,51,0,3,0,0,24,12,2020,5,18,2,12,1,1,1,3,1,16.66666667
350355,1,1,27,1,1,4,11,20,20,9,0,1,0,1,0,1,998,69,130,0,3,2,3,1,3,1,1,12,0,13,96,0,15,12,2020,3,20,2,42,1,1,3,3,1,100.0
350361,1,1,31,1,1,1,11,3,9,9,0,1,0,1,0,1,998,71,198,0,3,1,2,1,2,1,6,13,0,60,96,35,16,12,2020,4,14,2,42,1,1,4,1,1,50.0