ST_CASE,VEH_NO,PER_NO,AGE,SEX,PER_TYP,INJ_SEV,SEAT_POS,REST_USE,AIR_BAG,DRUGS,LOCATION,NUMOCCS,HIT_RUN,OWNER,V_CONFIG,HAZ_INV,TRAV_SP,DR_HGT,DR_WGT,PREV_SPD,SPEEDREL,VTRAFWAY,VNUM_LAN,VPROFILE,VPAVETYP,VSURCOND,P_CRASH1,P_CRASH2,DR_DRINK,VPICBODYCLASS,DRDISTRACT,DRIVERRF,DAY,MONTH,YEAR,DAY_WEEK,HOUR,RUR_URB,HARM_EV,RELJCT2,TYP_INT,REL_ROAD,LGT_COND,WEATHER,Fatality Rate (%)
350362,1,1,36,2,1,4,11,20,1,9,0,1,0,1,0,1,998,70,210,0,3,2,2,1,2,1,1,10,0,60,96,51,2,12,2020,4,17,2,12,1,1,1,1,1,33.33333333
350365,1,1,71,1,1,0,11,3,20,8,0,1,0,1,0,1,998,68,229,0,0,2,2,1,2,2,1,80,0,13,96,0,27,11,2020,6,21,2,8,1,1,1,2,5,50.0
360001,1,1,43,1,1,0,11,3,20,8,0,1,0,1,0,1,999,69,999,1,0,1,6,1,2,1,1,80,0,7,96,0,1,1,2020,4,17,2,8,1,1,1,1,1,50.0
360002,1,1,48,1,1,0,11,3,20,8,0,1,0,3,6,1,999,69,999,0,0,2,3,1,2,2,1,80,0,66,96,0,3,1,2020,6,20,2,8,3,2,1,3,2,50.0
360003,1,1,999,9,1,9,11,98,98,8,0,1,1,9,0,1,999,999,999,99,0,1,5,1,2,2,11,80,0,13,96,999,3,1,2020,6,13,2,8,3,2,1,1,10,50.0
360004,1,1,52,1,1,0,11,3,20,8,0,1,0,3,6,1,999,68,999,0,0,2,2,2,2,2,1,80,0,66,96,0,3,1,2020,6,20,2,8,1,1,1,2,10,50.0
360005,1,1,22,1,1,4,11,3,9,8,0,4,0,2,0,1,999,72,999,0,5,2,3,2,2,2,14,12,0,13,99,27,3,1,2020,6,10,2,42,1,1,4,1,2,75.0
360006,1,1,24,1,1,0,11,3,20,8,0,1,0,3,0,1,999,63,999,1,0,5,5,3,2,2,1,80,0,7,96,0,3,1,2020,6,6,2,8,1,1,1,2,1,33.33333333
360007,1,1,24,1,1,4,11,20,1,8,0,1,0,2,0,1,999,73,999,0,5,2,3,2,2,1,14,51,0,7,96,26,3,1,2020,6,0,2,12,1,1,1,2,10,33.33333333
360008,1,1,19,1,1,0,11,3,98,8,0,1,0,2,0,1,998,67,999,0,0,1,2,1,2,1,1,80,0,13,96,0,1,1,2020,4,1,2,8,1,1,1,3,1,50.0
360009,1,1,30,1,1,4,11,3,9,8,0,1,0,2,0,1,999,71,999,0,0,2,2,1,2,2,14,6,0,13,96,79,3,1,2020,6,19,2,42,1,1,4,2,2,100.0
360010,1,1,32,2,1,0,11,3,20,8,0,2,0,1,0,1,998,60,999,0,0,5,5,1,2,2,1,80,0,7,96,0,4,1,2020,7,21,2,8,1,1,1,3,2,33.33333333
360011,1,1,18,1,1,4,11,20,9,8,0,1,0,2,0,1,999,66,999,1,5,1,2,1,2,1,14,12,1,13,96,0,4,1,2020,7,1,2,42,1,1,4,3,10,100.0
360012,1,1,69,1,1,4,11,3,1,8,0,1,0,1,0,1,999,67,999,0,0,1,2,1,2,2,1,17,0,7,96,39,4,1,2020,7,18,2,12,2,2,1,3,2,50.0
360014,1,1,29,2,1,3,11,3,9,8,0,2,0,1,0,1,999,63,999,0,0,1,2,1,2,2,14,62,0,13,96,28,4,1,2020,7,7,2,12,1,1,1,1,2,33.33333333
360017,1,1,21,1,1,4,11,3,20,8,0,1,0,2,0,1,999,999,999,0,5,2,4,1,2,1,1,6,0,13,96,0,6,1,2020,2,22,2,42,1,1,4,3,1,100.0
360019,1,1,28,1,1,0,11,99,20,8,0,1,0,3,2,1,999,67,999,1,0,1,2,1,1,1,4,80,0,11,17,6,7,1,2020,3,11,2,8,1,1,1,1,1,50.0
360020,1,1,44,1,1,0,11,3,20,8,0,1,0,3,2,1,999,67,999,0,0,1,2,1,2,1,10,80,0,11,96,0,7,1,2020,3,6,2,8,8,1,1,4,1,33.33333333
360021,1,1,66,1,1,0,11,3,20,8,0,1,0,3,0,1,999,68,999,0,0,3,2,2,2,1,1,80,0,7,96,38,7,1,2020,3,18,2,8,3,2,1,3,10,50.0
360026,1,1,22,2,1,0,11,3,20,8,0,3,0,2,0,1,0,63,999,0,0,1,4,2,2,1,5,66,0,13,96,0,9,1,2020,5,12,2,12,2,3,1,1,1,25.0
360027,1,1,33,1,1,0,11,3,20,8,0,1,0,3,0,1,999,70,999,0,0,4,3,1,2,1,10,80,0,95,96,38,10,1,2020,6,17,2,8,3,4,1,5,10,50.0
360029,1,1,25,1,1,0,11,3,20,8,0,1,0,1,0,1,999,69,999,1,0,2,4,1,2,1,1,80,0,13,96,0,11,1,2020,7,17,2,8,3,2,1,2,1,50.0
360030,1,1,67,1,1,0,11,3,20,8,0,2,0,1,0,1,999,71,999,1,0,1,4,1,2,1,1,80,0,3,96,0,11,1,2020,7,18,2,8,3,2,1,3,10,33.33333333
360031,1,1,27,1,1,4,11,3,9,8,0,1,0,1,0,1,999,68,999,0,0,3,4,3,9,2,1,53,0,7,96,0,12,1,2020,1,3,2,12,1,1,1,3,2,50.0
360032,1,1,36,2,1,0,11,3,20,8,0,1,0,1,0,1,998,64,999,1,0,5,3,1,2,1,1,80,0,7,96,0,12,1,2020,1,18,2,8,1,1,1,3,1,50.0
360033,1,1,41,1,1,0,11,3,20,8,0,1,0,2,0,1,999,70,999,0,0,1,5,1,2,1,1,83,0,7,9,0,12,1,2020,1,17,2,9,1,1,1,3,1,50.0
360034,1,1,22,1,1,4,11,20,1,8,0,3,0,4,0,1,999,60,999,2,5,1,2,1,2,1,6,12,0,13,96,27,13,1,2020,2,16,2,42,1,1,5,1,10,33.33333333
360035,1,1,52,1,1,4,11,20,9,8,0,1,0,1,0,1,999,77,999,0,0,3,3,1,2,1,14,11,0,13,96,27,13,1,2020,2,7,2,14,1,1,2,4,1,50.0
360037,1,1,22,1,1,0,11,3,20,8,0,2,0,1,0,1,999,68,999,0,0,4,2,1,2,2,11,80,0,7,96,38,14,1,2020,3,21,2,8,3,2,1,3,2,33.33333333
360039,1,1,83,1,1,0,11,3,20,8,0,1,0,1,0,1,999,70,999,0,0,4,2,1,2,1,11,80,0,7,96,38,15,1,2020,4,10,2,8,3,2,1,1,1,50.0
360042,1,1,53,1,1,9,11,99,99,8,0,1,1,3,6,1,999,66,999,0,0,1,2,1,2,2,1,80,0,66,96,0,16,1,2020,5,4,2,8,1,1,1,3,2,50.0
360043,1,1,60,1,1,0,11,3,20,8,0,2,0,3,21,1,998,67,999,0,0,1,4,1,2,1,1,98,0,16,96,0,16,1,2020,5,9,2,5,2,2,1,1,1,50.0
360045,1,1,35,2,1,0,11,3,20,8,0,1,0,1,0,1,999,68,999,0,0,1,2,1,2,98,13,80,1,7,96,31,17,1,2020,6,15,2,8,8,1,1,1,1,50.0
360046,1,1,55,1,1,0,11,3,20,8,0,1,0,1,0,1,998,65,999,0,0,2,2,1,2,1,1,80,0,2,96,0,17,1,2020,6,19,2,8,1,1,1,3,1,50.0
360047,1,1,84,1,1,4,11,3,1,8,0,1,0,1,0,1,999,64,999,0,0,1,2,1,2,3,1,50,0,13,0,0,17,1,2020,6,9,2,12,2,2,1,1,98,33.33333333
360049,1,1,30,1,1,0,11,3,20,8,0,2,0,2,0,1,31,68,140,0,0,3,6,1,2,2,1,80,0,13,96,0,19,1,2020,1,19,2,8,1,1,1,2,4,33.33333333
360053,1,1,47,1,1,4,11,3,9,8,0,1,0,1,0,1,999,68,999,0,5,2,3,1,2,1,15,12,0,7,96,27,21,1,2020,3,18,2,42,1,1,3,3,1,100.0
360054,1,1,17,1,1,4,11,3,20,8,0,1,0,2,0,1,999,73,999,0,5,1,4,1,2,2,15,13,0,13,96,27,21,1,2020,3,20,2,30,1,1,4,2,10,100.0
360058,1,1,45,1,1,0,11,3,20,8,0,1,0,1,0,1,0,72,999,0,0,3,3,1,2,1,5,53,0,7,96,0,23,1,2020,5,7,2,12,1,1,1,1,1,50.0
360059,1,1,19,1,1,4,11,3,9,8,0,1,0,2,0,1,999,68,999,1,0,3,2,1,2,98,15,50,0,13,96,87,23,1,2020,5,6,2,12,1,1,1,3,10,33.33333333
360060,1,1,78,2,1,0,11,3,20,8,0,1,0,1,0,1,998,66,999,0,0,4,2,1,2,1,1,80,0,7,96,0,24,1,2020,6,15,2,8,1,1,1,1,1,33.33333333
360061,1,1,42,1,1,0,11,20,20,8,0,1,0,3,0,1,999,65,999,1,0,2,8,1,2,98,11,80,0,60,96,38,24,1,2020,6,12,2,8,3,2,1,1,1,50.0
360063,1,1,22,1,1,0,11,3,98,8,0,1,0,2,0,1,998,65,999,1,0,1,6,2,2,2,1,80,0,7,17,0,25,1,2020,7,18,2,8,1,1,1,3,10,33.33333333
360064,1,1,47,1,1,4,11,20,20,8,0,1,0,1,0,1,999,73,999,0,0,3,4,2,8,1,1,13,0,13,96,0,24,1,2020,6,14,2,59,1,1,8,1,1,100.0
360065,1,1,27,1,1,4,11,3,20,8,0,2,0,2,0,1,999,69,999,1,5,2,3,1,2,1,1,54,1,3,96,0,25,1,2020,7,5,2,12,1,1,1,3,10,100.0
360066,1,1,61,1,1,0,11,3,20,8,0,2,0,3,0,1,999,73,999,0,0,2,4,1,2,2,1,80,0,7,96,39,25,1,2020,7,6,2,8,3,2,1,3,10,33.33333333
360068,1,1,23,1,1,4,11,3,20,8,0,1,0,1,0,1,999,68,999,1,4,1,2,2,2,98,1,6,0,13,96,87,26,1,2020,1,7,2,12,1,1,1,1,10,33.33333333
360072,1,1,29,1,1,4,11,3,20,8,0,1,0,2,0,1,999,75,999,0,5,3,3,1,2,1,15,52,0,7,96,27,28,1,2020,3,9,2,12,1,1,1,1,10,50.0
360073,1,1,35,1,1,4,11,20,98,8,0,1,0,2,0,1,998,73,999,0,0,1,2,2,2,1,1,11,0,13,96,0,30,1,2020,5,1,2,14,1,1,7,2,1,100.0
360074,1,1,50,1,1,1,11,20,9,8,0,1,0,2,0,1,999,65,999,0,0,3,3,1,2,1,14,54,1,7,96,51,30,1,2020,5,20,2,12,1,1,1,2,1,40.0
360075,1,1,25,2,1,0,11,99,20,8,0,1,0,0,0,1,999,62,999,0,0,0,0,0,0,0,13,20,0,13,17,31,1,2,2020,7,18,2,8,1,1,1,3,10,33.33333333
360076,1,1,58,1,1,0,11,3,20,0,0,1,1,3,5,1,999,999,999,99,0,1,5,1,2,2,11,80,0,66,96,0,2,2,2020,1,17,2,8,3,2,1,3,1,50.0
360077,1,1,54,1,1,0,11,3,20,8,0,3,0,3,1,1,999,70,999,0,0,1,4,1,2,1,12,83,0,11,17,0,30,1,2020,5,14,2,9,1,1,1,1,1,25.0
360078,1,1,26,2,1,1,11,3,20,8,0,2,0,2,0,1,999,65,999,0,5,2,3,1,2,2,1,59,1,8,96,36,2,2,2020,1,0,2,12,1,1,1,3,2,25.0
360080,1,1,25,1,1,0,11,2,20,8,0,2,0,2,0,1,999,70,999,1,0,2,2,1,1,1,1,80,0,5,96,0,3,2,2020,2,21,2,8,3,2,1,3,1,33.33333333
360081,1,1,56,2,1,4,11,20,20,8,0,1,0,2,0,1,999,67,999,0,0,1,2,1,2,1,1,14,0,7,0,39,4,2,2020,3,12,2,43,3,3,4,1,10,100.0
360082,1,1,45,1,1,0,11,3,20,8,0,2,0,1,1,1,999,68,999,0,0,1,2,1,2,1,1,80,0,60,96,0,4,2,2020,3,18,2,8,1,1,1,2,1,33.33333333
360083,1,1,80,1,1,4,11,3,9,8,0,1,0,1,0,1,998,66,999,0,0,1,2,2,2,1,14,19,0,13,96,0,4,2,2020,3,20,2,34,1,1,4,3,1,100.0
360084,1,1,55,1,1,0,11,3,20,8,0,1,0,1,0,1,999,67,999,0,0,1,2,1,2,1,1,67,0,60,96,0,5,2,2020,4,13,2,12,2,2,1,1,10,33.33333333
360085,1,1,28,1,1,4,11,20,9,8,0,1,0,3,0,1,999,74,999,1,0,1,2,2,2,1,14,13,0,13,6,6,5,2,2020,4,9,2,30,1,1,4,1,10,100.0
360086,1,1,48,2,1,0,11,3,20,8,0,1,0,1,0,1,999,62,999,0,0,2,2,8,8,98,11,80,0,13,96,0,6,2,2020,5,17,2,8,3,2,1,3,2,50.0
360087,1,1,29,1,1,3,11,3,9,8,0,2,0,2,0,1,999,71,999,0,5,1,2,1,2,10,1,10,0,15,96,87,6,2,2020,5,7,2,12,1,1,1,1,12,33.33333333
360091,1,1,33,1,1,0,11,3,20,8,0,2,0,2,0,1,0,75,999,0,0,3,3,1,2,1,17,53,0,7,96,0,8,2,2020,7,12,2,12,5,1,1,1,1,33.33333333
360092,1,1,19,1,1,0,11,3,20,8,0,2,0,2,0,1,5,74,999,0,0,2,4,2,2,1,11,15,0,13,96,38,9,2,2020,1,22,2,12,2,2,1,3,1,33.33333333
360094,1,1,44,2,1,4,11,20,9,8,0,1,0,1,0,1,999,62,999,3,0,3,2,1,2,2,1,13,1,2,96,27,10,2,2020,2,7,2,31,1,1,4,2,98,100.0
360095,1,1,79,2,1,0,11,3,20,8,0,1,0,1,0,1,999,68,999,0,0,1,2,1,2,1,1,80,0,7,96,0,9,2,2020,1,20,2,8,3,2,1,3,10,50.0
360096,1,1,64,2,1,4,11,3,9,8,0,1,0,1,0,1,999,62,999,0,0,1,2,1,2,1,1,10,0,13,96,28,11,2,2020,3,14,2,12,1,1,1,1,1,50.0
360097,1,1,86,1,1,0,11,99,20,8,0,1,0,1,0,1,999,81,999,0,0,2,2,1,2,1,1,80,0,7,96,0,15,2,2020,7,7,2,8,1,1,1,1,1,50.0
360098,1,1,31,2,1,4,11,99,99,8,0,1,0,2,0,1,999,65,999,0,5,3,2,2,2,1,14,13,1,13,17,6,12,2,2020,4,0,2,42,1,1,4,2,1,100.0
360099,1,1,47,1,1,3,11,99,9,8,0,2,0,2,0,1,999,64,136,0,0,3,2,1,2,1,1,54,1,7,96,51,16,2,2020,1,5,2,12,1,1,1,3,1,25.0
360100,1,1,34,2,1,4,11,3,9,8,0,1,0,2,0,1,50,63,999,0,0,1,5,1,2,2,1,10,1,7,99,28,12,2,2020,4,22,2,12,1,1,1,3,4,50.0
360101,1,1,65,1,1,0,11,3,20,8,0,1,0,1,0,1,37,70,999,0,0,5,5,1,2,2,1,80,0,7,96,0,18,2,2020,3,6,2,8,1,1,1,1,2,50.0
360102,1,1,67,1,1,2,11,99,9,8,0,1,0,2,0,1,999,75,999,0,5,1,2,2,2,1,14,10,0,13,96,28,18,2,2020,3,7,2,12,1,1,1,1,10,50.0
360103,1,1,30,2,1,1,11,99,9,8,0,2,0,1,0,1,999,65,999,0,0,1,4,1,2,1,1,62,0,13,96,0,20,2,2020,5,20,2,12,2,3,1,3,10,20.0
360106,1,1,77,1,1,1,11,3,9,8,0,2,0,1,0,1,999,66,999,0,0,1,2,1,2,1,14,10,0,13,17,89,14,2,2020,6,20,2,12,1,1,1,2,1,25.0
360107,1,1,21,1,1,4,11,99,20,8,0,2,0,2,0,1,80,67,999,0,3,1,5,1,2,1,1,17,1,5,96,39,14,2,2020,6,22,2,12,2,2,1,3,1,28.57142857
360109,1,1,37,1,1,1,11,3,20,8,0,1,0,1,0,1,999,64,999,0,0,3,3,3,2,1,1,53,0,7,96,0,15,2,2020,7,23,2,12,1,1,1,3,1,25.0
360110,1,1,42,1,1,0,11,3,20,8,0,1,0,1,0,1,25,71,999,0,0,1,2,1,2,1,1,80,0,7,96,0,21,2,2020,6,18,2,8,3,2,1,3,1,50.0
360112,1,1,24,1,1,3,11,3,20,8,0,1,0,3,0,1,999,73,999,0,0,1,2,1,2,1,10,80,0,7,96,38,21,2,2020,6,11,2,8,3,2,1,1,1,50.0
360113,1,1,24,1,1,4,11,3,9,8,0,1,0,2,0,1,999,71,999,0,0,1,4,1,1,1,6,51,0,13,96,0,21,2,2020,6,6,2,12,1,1,1,1,1,50.0
360114,1,1,40,1,1,1,11,3,9,8,0,1,0,1,0,1,999,72,999,0,0,1,2,1,2,1,1,10,0,7,0,28,21,2,2020,6,6,2,12,1,1,1,1,10,50.0
360115,1,1,57,1,1,0,11,2,20,8,0,2,0,3,2,1,999,72,999,0,0,1,2,1,2,2,1,80,0,11,0,10,10,2,2020,2,23,2,8,3,2,1,3,10,33.33333333
360116,1,1,999,9,1,9,11,99,98,8,0,99,1,9,0,1,999,999,999,99,3,1,2,2,2,1,1,80,0,13,96,35,23,2,2020,1,7,2,8,1,1,1,4,1,50.0
360117,1,1,60,1,1,0,11,3,20,8,0,1,0,3,0,1,999,68,999,0,0,2,1,1,2,1,11,80,0,95,17,38,23,2,2020,1,13,2,8,3,2,1,1,1,50.0
360118,1,1,70,2,1,0,11,3,20,8,0,1,0,1,0,1,999,66,999,0,0,1,4,1,2,1,1,80,0,13,96,0,24,2,2020,2,19,2,8,3,2,1,3,1,50.0
360119,1,1,24,1,1,1,11,3,9,8,0,1,0,1,0,1,999,66,999,0,0,1,2,1,2,1,1,52,0,13,17,26,24,2,2020,2,16,2,12,1,1,1,1,10,25.0
360120,1,1,61,2,1,4,11,20,20,8,0,1,0,1,0,1,999,62,999,0,0,6,1,2,2,2,14,12,0,9,0,0,26,2,2020,4,10,2,24,5,1,4,1,10,100.0
360122,1,1,50,1,1,0,11,3,20,8,0,1,0,2,0,1,999,70,999,0,0,5,5,1,2,2,1,80,0,2,96,0,2,3,2020,2,20,2,8,1,1,1,2,10,50.0
360123,1,1,26,1,1,0,11,3,20,8,0,1,0,1,0,1,999,70,999,0,0,1,2,1,2,1,1,80,0,7,96,0,2,3,2020,2,19,2,8,1,1,1,3,10,20.0
360124,1,1,61,1,1,0,11,99,20,8,0,1,0,3,21,1,999,65,999,0,0,1,2,1,2,1,10,80,0,73,17,38,25,2,2020,3,6,2,8,2,2,1,1,1,33.33333333
360125,1,1,73,2,1,0,11,3,20,8,0,1,0,1,0,1,999,60,999,0,0,1,2,1,2,2,1,80,0,13,12,6,25,2,2020,3,19,2,8,1,1,1,3,2,50.0
360126,1,1,20,1,1,0,11,1,9,8,0,2,0,2,0,1,999,67,999,0,0,3,3,1,2,2,1,80,0,13,96,0,3,3,2020,3,19,2,8,1,1,1,3,2,25.0
360127,1,1,999,9,1,9,11,99,99,9,0,99,1,9,99,1,999,999,999,99,9,1,5,1,2,2,99,80,0,999,99,0,3,3,2020,3,5,2,8,3,3,1,4,10,50.0
360131,1,1,17,1,1,0,11,3,20,8,0,1,0,2,0,1,999,65,999,0,0,4,3,1,2,1,6,80,0,13,96,0,26,2,2020,4,19,2,8,3,3,1,3,1,33.33333333
360133,1,1,60,1,1,0,11,3,20,8,0,1,1,1,6,1,999,65,999,0,0,1,2,1,2,2,1,80,0,66,96,0,26,2,2020,4,4,2,8,1,1,1,3,2,50.0
360134,1,1,27,2,1,4,11,20,20,8,0,1,0,1,0,1,999,64,999,0,0,4,1,1,2,1,1,50,0,94,17,52,27,2,2020,5,11,2,12,1,1,1,1,1,100.0
360135,1,1,48,2,1,1,11,3,20,8,0,1,0,1,0,1,999,65,999,0,0,1,4,1,2,1,10,80,0,7,96,38,27,2,2020,5,8,2,8,3,2,1,1,1,33.33333333
360137,1,1,22,2,1,2,11,3,9,8,0,1,0,2,0,1,45,68,999,0,0,1,2,2,2,98,14,10,0,13,96,28,29,2,2020,7,8,2,12,1,1,1,1,4,50.0
360138,1,1,59,2,1,1,11,3,9,8,0,1,0,1,0,1,36,65,999,0,0,1,2,2,2,1,6,10,0,13,0,28,4,3,2020,4,16,2,12,1,1,1,1,10,50.0
360139,1,1,22,2,1,0,11,3,20,8,0,1,0,2,0,1,999,71,999,0,0,5,5,1,2,2,1,80,0,7,96,0,2,3,2020,2,17,2,8,3,3,1,3,2,50.0
360140,1,1,24,1,1,4,11,20,20,8,0,1,0,1,0,1,999,69,999,3,5,6,2,1,2,1,1,6,1,98,96,36,20,3,2020,6,22,2,24,5,1,4,3,10,100.0
360141,1,1,24,1,1,4,11,20,8,8,0,2,0,2,0,1,109,68,999,2,3,2,2,1,2,1,1,10,1,13,96,0,5,3,2020,5,1,2,35,1,1,3,2,1,100.0
360143,1,1,19,1,1,0,11,3,20,8,0,2,0,2,0,1,999,71,999,0,5,1,4,1,2,1,1,80,0,13,96,36,5,3,2020,5,19,2,8,3,3,1,3,1,20.0
360144,1,1,20,1,1,0,11,3,9,8,0,1,0,2,0,1,999,73,999,1,5,3,3,1,1,2,1,50,0,13,17,6,23,3,2020,2,20,2,12,1,1,1,3,1,50.0
360148,1,1,97,1,1,2,11,3,9,8,0,2,0,1,0,1,999,66,999,0,0,1,2,2,2,1,1,12,0,13,96,0,22,2,2020,7,9,2,42,1,1,4,1,1,50.0
360149,1,1,37,1,1,4,11,20,9,8,0,1,0,3,0,1,999,999,999,0,5,2,3,1,2,98,1,6,0,95,96,87,23,3,2020,2,13,2,42,1,1,3,1,98,100.0
360150,1,1,20,1,1,1,11,20,9,8,0,3,1,4,0,1,69,70,999,0,3,1,2,1,2,1,1,17,0,7,96,39,7,3,2020,7,12,2,12,2,2,1,1,1,25.0
360155,1,1,48,1,1,0,11,3,20,8,0,1,0,3,0,1,999,69,999,0,0,3,3,1,2,1,15,80,0,7,96,0,8,3,2020,1,1,2,8,1,1,1,2,1,33.33333333
360157,1,1,13,1,1,4,11,99,9,8,0,2,0,5,0,1,999,999,999,0,0,1,2,1,2,1,1,98,0,7,96,52,14,3,2020,7,18,2,14,1,1,1,1,1,33.33333333
360158,1,1,36,1,1,4,11,20,20,8,0,1,0,1,0,1,999,68,999,0,5,1,2,2,2,1,14,13,0,98,96,0,26,3,2020,5,13,2,30,1,1,4,1,1,100.0
360160,1,1,28,1,1,2,11,20,20,8,0,1,0,1,0,1,999,68,999,1,5,1,2,1,2,1,6,80,0,80,96,27,14,3,2020,7,18,2,8,1,1,1,1,10,33.33333333
360161,1,1,21,1,1,4,11,2,9,8,0,1,0,3,0,1,999,67,999,0,0,1,4,1,2,1,1,13,0,7,0,0,27,3,2020,6,5,2,42,1,1,4,1,10,100.0
360163,1,1,54,1,1,4,11,20,20,8,0,1,0,1,0,1,999,68,135,0,5,1,2,2,9,98,14,13,0,98,96,87,28,3,2020,7,14,2,42,1,1,4,1,10,100.0
360165,1,1,57,1,1,0,11,99,20,8,0,1,0,1,0,1,999,70,999,0,0,2,2,1,2,1,10,83,0,7,96,38,14,3,2020,7,15,2,15,3,3,1,1,1,50.0
360167,1,1,84,1,1,4,11,3,9,8,0,1,0,1,0,1,999,69,999,0,0,1,2,1,2,2,1,13,0,13,17,87,17,3,2020,3,4,2,39,3,3,4,2,2,100.0
360168,1,1,20,1,1,4,11,20,20,8,0,1,0,2,0,1,87,73,999,0,3,1,5,1,2,1,98,6,0,80,99,8,20,3,2020,6,15,2,1,2,2,1,1,10,50.0
360169,1,1,60,1,1,4,11,99,20,8,0,1,0,1,0,1,999,70,999,1,0,1,2,1,2,1,1,14,0,15,96,39,4,4,2020,7,17,2,42,3,3,4,1,1,100.0
360170,1,1,49,1,1,4,11,3,9,8,0,1,0,1,0,1,999,66,999,0,5,1,2,1,2,1,14,13,1,13,96,0,4,4,2020,7,18,2,19,1,1,4,1,1,100.0
360171,1,1,42,1,1,4,11,3,9,8,0,1,0,1,0,1,999,74,999,0,0,3,3,2,2,1,1,54,1,13,96,51,5,4,2020,1,23,2,12,1,1,1,2,1,33.33333333
360172,1,1,27,1,1,4,11,20,20,1,0,1,0,1,0,1,34,69,999,0,0,1,2,1,2,1,14,87,0,80,96,0,5,4,2020,1,17,2,11,1,1,1,1,1,100.0
360173,1,1,36,1,1,4,11,20,20,8,0,2,0,1,0,1,999,71,999,1,5,3,3,1,2,1,1,51,0,85,96,26,5,4,2020,1,20,2,12,1,1,1,3,1,7.692307692
360175,1,1,27,1,1,0,11,3,20,8,0,1,0,3,1,1,999,73,999,0,0,1,2,2,2,1,11,15,0,63,96,38,6,4,2020,2,17,2,12,2,3,1,1,1,50.0
360179,1,1,30,1,1,0,11,3,9,8,0,1,0,1,0,1,999,67,999,0,0,1,2,1,2,1,1,66,0,8,96,0,12,4,2020,1,21,2,12,2,2,1,3,1,50.0
360183,1,1,78,1,1,4,11,3,9,8,0,1,0,1,0,1,999,68,999,0,0,2,2,1,2,1,1,17,0,13,96,39,14,4,2020,3,15,2,12,2,2,1,1,1,50.0
360184,1,1,28,1,1,4,11,20,20,8,0,1,0,1,0,1,999,77,999,0,5,1,2,2,2,1,14,13,1,80,96,0,14,4,2020,3,18,2,24,1,1,4,1,10,100.0
360185,1,1,99,1,1,4,11,3,9,8,0,1,0,1,0,1,998,70,999,0,0,1,2,1,2,1,2,14,0,13,96,55,23,1,2020,5,11,2,38,3,3,4,1,1,100.0
360186,1,1,41,1,1,0,11,99,20,8,0,1,0,3,0,1,5,69,999,0,0,1,2,1,2,1,11,80,0,60,17,0,14,1,2020,3,10,2,8,3,2,1,1,1,50.0
360189,1,1,45,1,1,4,11,3,9,8,0,1,0,1,0,1,999,64,999,0,3,1,2,1,2,1,1,17,0,13,96,39,2,4,2020,5,5,2,12,2,2,1,1,1,33.33333333
360190,1,1,32,1,1,0,11,99,20,8,0,1,1,2,0,1,23,999,999,0,0,1,2,1,2,2,1,83,0,7,17,0,7,4,2020,3,21,2,9,2,2,1,3,2,33.33333333
360192,1,1,54,1,1,0,11,20,20,8,0,1,0,3,6,1,65,71,999,0,0,2,3,1,2,1,1,64,0,66,96,0,17,4,2020,6,4,2,12,1,1,1,2,10,50.0
360193,1,1,20,1,1,1,11,3,9,8,0,1,0,2,0,1,999,69,999,1,3,1,2,1,2,1,1,17,0,13,96,39,19,4,2020,1,1,2,12,2,2,1,3,1,33.33333333
360194,1,1,58,1,1,4,11,20,20,8,0,1,0,1,0,1,998,72,999,1,3,3,3,1,2,1,1,51,0,80,96,6,19,4,2020,1,8,2,12,1,1,1,1,1,50.0
360195,1,1,31,1,1,4,11,20,20,8,0,1,0,0,0,1,998,67,999,0,5,3,3,1,2,1,14,13,1,80,96,0,20,4,2020,2,2,2,24,1,1,4,3,1,100.0
360197,1,1,62,1,1,4,11,20,9,8,0,2,0,1,0,1,999,67,999,0,0,1,2,1,2,1,1,10,0,5,96,28,5,5,2020,3,11,2,12,1,1,1,1,1,66.66666667
360198,1,1,30,1,1,4,11,20,9,8,0,1,0,1,0,1,999,71,999,0,5,2,3,1,2,1,15,12,1,13,96,27,22,4,2020,4,18,2,1,1,1,3,1,1,100.0
360200,1,1,18,2,1,3,11,20,20,1,0,3,0,2,0,1,60,69,999,0,5,4,2,1,2,1,15,12,0,13,96,8,22,4,2020,4,0,2,19,1,1,5,3,1,33.33333333
360201,1,1,18,1,1,4,11,1,1,1,0,2,0,1,0,1,999,75,999,0,4,2,4,1,2,98,1,6,0,2,96,87,22,4,2020,4,1,2,31,1,1,4,2,4,50.0
360203,1,1,39,1,1,1,11,3,9,8,0,1,0,1,0,1,999,71,999,1,4,3,3,1,2,1,14,51,0,10,96,6,25,4,2020,7,17,2,12,1,1,1,1,1,33.33333333
360205,1,1,21,1,1,4,11,3,9,1,0,1,0,2,0,1,999,60,999,0,0,1,2,1,2,1,1,17,1,13,96,39,25,4,2020,7,17,2,12,2,2,1,1,1,33.33333333
360206,1,1,27,1,1,4,11,20,20,8,0,1,0,1,0,1,999,71,999,0,0,1,2,1,2,1,14,83,0,80,96,0,25,4,2020,7,18,2,9,2,3,1,1,1,50.0