ST_CASE,VEH_NO,PER_NO,AGE,SEX,PER_TYP,INJ_SEV,SEAT_POS,REST_USE,AIR_BAG,DRUGS,LOCATION,NUMOCCS,HIT_RUN,OWNER,V_CONFIG,HAZ_INV,TRAV_SP,DR_HGT,DR_WGT,PREV_SPD,SPEEDREL,VTRAFWAY,VNUM_LAN,VPROFILE,VPAVETYP,VSURCOND,P_CRASH1,P_CRASH2,DR_DRINK,VPICBODYCLASS,DRDISTRACT,DRIVERRF,DAY,MONTH,YEAR,DAY_WEEK,HOUR,RUR_URB,HARM_EV,RELJCT2,TYP_INT,REL_ROAD,LGT_COND,WEATHER,Fatality Rate (%)
360997,1,1,33,1,1,1,11,99,20,1,0,1,0,3,1,1,999,67,999,0,0,1,4,1,9,1,1,83,0,11,96,8,14,8,2020,6,16,2,9,1,1,1,1,1,50.0
360998,1,1,31,1,1,4,11,20,20,8,0,2,0,1,0,1,998,67,999,2,5,1,4,1,9,1,1,62,0,84,96,36,11,9,2020,6,23,2,12,2,2,1,3,10,50.0
360999,1,1,20,2,1,1,11,3,9,1,0,3,0,2,0,1,999,63,999,0,5,5,5,1,2,2,1,71,0,13,96,6,17,7,2020,6,0,2,12,8,1,1,3,2,40.0
361000,1,1,29,1,1,0,11,3,20,8,0,1,0,1,0,1,999,69,999,0,0,1,2,1,2,2,1,80,1,60,96,6,23,11,2020,2,1,2,8,3,2,1,3,2,50.0
361001,1,1,21,1,1,2,11,20,20,8,0,1,0,0,0,1,0,71,999,0,0,1,2,1,2,1,5,62,1,84,96,0,5,9,2020,7,0,2,12,1,1,1,2,1,50.0
361002,1,1,29,2,1,0,11,3,20,8,0,1,0,2,0,1,999,65,999,1,0,6,3,2,2,1,14,80,0,13,96,0,31,10,2020,7,19,2,8,5,1,1,2,1,33.33333333
361003,1,1,998,8,1,0,11,98,98,8,0,99,1,9,99,1,998,999,999,99,9,3,3,8,8,98,1,80,0,998,96,999,27,12,2020,1,23,2,8,1,1,1,6,98,50.0
370001,1,1,23,1,1,0,11,3,20,0,0,1,0,1,0,1,65,68,999,0,0,6,1,1,2,2,16,80,0,13,96,0,12,1,2020,1,2,2,8,20,1,1,2,2,50.0
370002,1,1,25,1,1,0,11,99,20,9,0,1,0,2,0,1,998,999,999,0,0,1,2,1,2,6,1,81,0,13,96,0,31,1,2020,6,6,2,8,1,1,1,3,2,50.0
370009,1,1,84,1,1,4,11,3,8,0,0,1,0,1,0,1,10,72,999,0,9,1,2,8,8,98,1,99,0,13,96,999,2,1,2020,5,19,2,12,2,2,1,2,2,33.33333333
370010,1,1,43,2,1,0,11,3,20,0,0,1,0,1,0,1,45,66,999,0,0,5,5,1,2,2,1,80,0,7,96,0,14,1,2020,3,5,2,8,1,1,1,3,1,50.0
370011,1,1,28,2,1,0,11,20,8,0,0,1,0,1,0,1,61,69,999,3,0,5,5,1,2,1,1,17,0,7,96,0,14,1,2020,3,17,2,12,2,3,1,5,1,50.0
370012,1,1,65,1,1,0,11,3,20,0,0,1,0,2,0,1,39,999,999,0,0,1,5,1,2,1,1,80,0,13,96,0,17,1,2020,6,6,2,8,1,1,1,2,1,50.0
370013,1,1,38,1,1,2,11,3,20,0,0,1,0,1,0,1,26,999,999,0,0,1,2,1,2,4,14,6,0,60,96,87,20,1,2020,2,17,2,12,1,1,1,1,1,33.33333333
370014,1,1,65,2,1,4,11,20,9,0,0,1,0,1,0,1,80,64,999,0,0,3,2,1,2,1,14,12,0,7,96,58,22,1,2020,4,7,2,35,1,1,4,1,1,50.0
370015,1,1,28,2,1,0,11,3,20,0,0,1,0,1,0,1,45,60,999,0,0,5,5,1,2,1,1,80,0,5,96,0,22,1,2020,4,19,2,8,1,1,1,2,1,16.66666667
370016,1,1,84,1,1,2,11,3,9,0,0,2,0,1,0,1,55,65,999,0,0,3,2,1,2,1,1,13,0,13,96,41,30,1,2020,5,9,2,58,1,1,4,1,1,50.0
370017,1,1,32,1,1,1,11,3,1,1,0,1,0,2,0,1,55,66,999,0,0,5,5,1,2,2,1,10,0,7,96,91,27,1,2020,2,12,2,12,1,1,1,1,2,16.66666667
370024,1,1,33,1,1,3,11,3,9,0,0,2,0,2,0,1,45,67,999,2,4,1,2,1,2,10,6,6,0,5,96,0,31,1,2020,6,12,2,12,1,1,1,1,4,33.33333333
370025,1,1,29,2,1,2,11,20,9,9,0,1,0,2,0,1,45,65,999,1,0,1,2,1,2,1,1,13,0,13,96,91,25,1,2020,7,16,2,24,1,1,4,1,1,50.0
370026,1,1,58,1,1,0,11,3,20,0,0,1,0,3,1,1,33,65,999,1,0,1,4,1,2,1,1,80,0,62,96,0,6,1,2020,2,6,2,8,1,1,1,3,1,50.0
370028,1,1,61,1,1,0,11,3,20,0,0,1,0,1,0,1,45,68,999,0,0,3,4,1,2,1,1,80,0,13,96,0,2,1,2020,5,5,2,8,1,1,1,2,1,50.0
370029,1,1,47,1,1,0,11,99,20,9,0,99,1,1,0,1,45,69,999,0,0,5,5,1,2,2,1,80,0,13,96,0,2,1,2020,5,19,2,8,1,1,1,3,2,33.33333333
370031,1,1,19,1,1,0,11,3,20,0,0,1,0,2,0,1,12,999,999,99,0,1,5,1,2,1,11,15,0,13,96,91,15,1,2020,4,19,2,12,2,2,1,3,10,50.0
370032,1,1,52,2,1,4,11,20,20,0,0,1,0,1,0,1,50,65,999,0,4,5,5,1,2,2,14,6,0,13,96,58,13,1,2020,2,16,2,12,1,1,1,1,10,16.66666667
370033,1,1,39,1,1,0,11,3,20,0,0,1,0,1,0,1,35,74,999,0,0,1,2,1,2,1,1,81,0,13,96,0,15,1,2020,4,18,2,8,1,1,1,3,10,50.0
370035,1,1,54,1,1,0,11,3,20,0,0,1,0,4,0,1,70,999,999,0,0,2,2,1,2,2,1,80,0,60,96,0,27,1,2020,2,21,2,8,18,1,1,2,10,14.28571429
370036,1,1,55,1,1,4,11,3,8,0,0,1,0,1,0,1,80,72,999,0,0,2,2,2,2,1,14,10,0,13,96,58,18,1,2020,7,4,2,38,1,1,5,2,1,100.0
370039,1,1,34,1,1,0,11,3,20,0,0,1,0,3,6,1,65,69,215,0,0,3,3,1,2,1,1,54,0,66,96,0,20,1,2020,2,4,2,12,1,1,1,3,1,50.0
370041,1,1,51,1,1,4,11,20,20,0,0,1,0,1,0,1,45,68,999,0,0,1,2,1,2,1,1,12,0,13,96,0,5,1,2020,1,7,2,42,1,1,4,1,1,100.0
370042,1,1,30,2,1,4,11,3,20,0,0,2,0,1,0,1,50,65,999,0,0,1,2,1,2,1,14,13,0,13,96,58,7,1,2020,3,7,2,34,1,1,4,4,10,16.66666667
370043,1,1,26,1,1,4,11,20,9,8,0,1,0,1,0,1,80,69,999,0,0,1,2,1,2,1,14,13,1,13,96,36,2,1,2020,5,2,2,59,1,1,4,1,1,100.0
370047,1,1,76,2,1,0,11,99,20,0,0,99,1,1,0,1,40,62,999,0,0,1,4,2,2,2,1,80,0,7,96,0,4,1,2020,7,6,2,8,1,1,1,2,2,50.0
370049,1,1,998,8,1,9,11,98,98,8,0,1,0,9,0,1,45,999,999,99,0,5,5,1,2,1,1,81,0,13,96,0,15,1,2020,4,21,2,8,2,3,1,2,1,50.0
370050,1,1,64,1,1,4,11,20,9,9,0,1,0,1,0,1,60,72,999,0,0,1,2,1,2,1,1,10,0,13,96,36,16,1,2020,5,15,2,12,1,1,1,1,1,33.33333333
370051,1,1,24,1,1,0,11,99,20,0,0,1,0,2,0,1,40,999,999,99,4,1,5,1,2,1,1,80,0,7,96,0,29,1,2020,4,6,2,8,1,1,1,3,1,50.0
370052,1,1,18,1,1,1,11,3,8,0,0,3,0,2,0,1,70,72,999,0,0,3,4,1,2,2,1,13,0,7,0,36,25,1,2020,7,5,2,42,1,1,4,2,10,66.66666667
370053,1,1,35,1,1,0,11,3,20,0,0,1,0,2,0,1,35,73,999,0,0,1,2,2,2,1,1,81,0,13,96,0,19,1,2020,1,7,2,8,1,1,1,2,1,50.0
370054,1,1,20,1,1,0,11,3,20,0,0,1,1,2,0,1,20,65,999,1,0,1,2,8,8,98,11,15,0,7,96,91,23,1,2020,5,0,2,12,2,3,1,2,1,50.0
370055,1,1,27,1,1,4,11,3,9,1,0,1,0,2,0,1,45,66,999,0,0,5,5,1,2,1,1,10,1,7,96,28,1,1,2020,4,9,2,12,1,1,1,1,1,50.0
370057,1,1,71,1,1,0,11,99,20,0,0,99,1,1,0,1,60,72,999,0,4,3,2,2,2,1,1,9,0,60,96,6,7,1,2020,3,17,2,25,1,1,4,1,1,25.0
370059,1,1,56,2,1,4,11,3,9,0,0,1,0,1,0,1,60,68,999,0,0,1,2,1,2,1,1,8,0,7,96,0,16,1,2020,5,13,2,31,1,1,5,1,1,100.0
370062,1,1,40,1,1,4,11,20,20,8,0,1,0,1,0,1,70,72,999,1,0,2,1,1,2,1,1,12,1,13,96,0,21,1,2020,3,20,2,35,1,1,4,2,1,100.0
370065,1,1,22,1,1,0,11,3,20,0,0,1,0,2,0,1,35,72,999,0,0,5,3,1,2,2,1,80,0,7,96,0,14,1,2020,3,17,2,8,1,1,1,2,10,50.0
370066,1,1,53,1,1,3,11,20,9,1,0,1,0,2,0,1,70,73,999,0,0,1,3,2,2,2,6,10,1,60,96,33,18,1,2020,7,18,2,12,2,3,1,2,2,50.0
370068,1,1,49,1,1,0,11,3,20,0,0,1,0,3,7,1,40,73,999,0,4,1,2,1,2,10,14,6,0,66,96,28,31,1,2020,6,12,2,12,1,1,1,1,4,50.0
370070,1,1,56,1,1,0,11,3,20,0,0,2,0,1,0,1,45,999,999,99,0,1,3,1,2,1,1,80,0,60,96,0,1,1,2020,4,22,2,8,3,2,1,3,1,33.33333333
370071,1,1,39,1,1,2,11,3,20,0,0,1,0,1,0,1,35,72,999,0,0,1,5,1,2,1,1,80,0,13,96,0,22,1,2020,4,20,2,8,2,3,1,1,1,50.0
370075,1,1,29,1,1,4,11,20,20,8,0,1,0,1,0,1,45,72,999,0,0,5,5,1,2,1,1,13,1,81,96,58,25,1,2020,7,16,2,33,1,1,4,1,1,100.0
370081,1,1,30,1,1,3,11,3,20,0,0,1,0,1,0,1,70,67,999,0,3,1,2,2,2,2,1,9,0,13,96,91,31,1,2020,6,16,2,12,1,1,1,1,2,33.33333333
370085,1,1,34,1,1,1,11,3,20,0,0,1,0,1,6,1,998,999,999,0,0,2,2,1,2,1,1,80,0,66,96,0,8,1,2020,4,11,2,8,1,1,1,1,1,50.0
370089,1,1,59,1,1,4,11,20,20,0,0,1,0,1,0,1,60,68,999,0,3,5,5,1,2,1,1,10,0,94,96,58,31,1,2020,6,10,2,12,1,1,1,1,10,33.33333333
370090,1,1,30,1,1,4,11,3,8,0,0,4,0,2,0,1,55,70,999,0,0,1,2,1,2,1,1,13,0,7,96,58,11,1,2020,7,16,2,53,1,1,4,1,10,25.0
370091,1,1,28,1,1,4,11,3,20,0,0,1,0,1,0,1,60,73,999,1,3,1,2,3,2,1,1,13,0,13,96,58,21,1,2020,3,6,2,12,1,1,1,2,1,50.0
370093,1,1,24,2,1,4,11,20,8,9,0,3,0,1,0,1,70,60,999,0,0,3,2,1,2,1,1,13,0,7,93,6,1,1,2020,4,5,2,32,1,1,4,2,1,33.33333333
370094,1,1,18,2,1,1,11,3,9,0,0,1,0,2,0,1,15,70,999,0,0,2,3,2,2,1,11,15,0,60,96,38,27,1,2020,2,15,2,12,2,3,1,1,10,50.0
370099,1,1,24,1,1,0,11,20,20,0,0,1,0,1,0,1,45,999,999,99,0,4,3,1,2,1,1,83,0,13,96,0,7,1,2020,3,21,2,9,3,2,1,3,10,50.0
370101,1,1,23,1,1,0,11,3,20,0,0,1,0,3,0,1,40,73,999,1,0,5,7,1,2,1,1,80,0,13,96,0,14,1,2020,3,20,2,8,1,1,1,3,1,50.0
370105,1,1,75,2,1,4,11,3,9,0,0,1,0,1,0,1,35,63,999,0,0,1,2,2,2,2,11,15,0,1,96,38,24,1,2020,6,15,2,12,2,2,1,1,2,50.0
370108,1,1,56,1,1,0,11,3,20,0,0,1,0,1,0,1,35,69,999,0,0,1,2,1,2,1,1,81,0,119,96,0,24,1,2020,6,20,2,8,1,1,1,3,1,50.0
370112,1,1,89,1,1,4,11,3,20,0,0,2,0,1,0,1,10,68,999,0,0,2,1,1,2,1,11,15,0,13,96,38,17,2,2020,2,7,2,12,2,3,1,1,5,25.0
370121,1,1,24,1,1,4,11,20,9,0,0,1,0,2,0,1,45,72,999,1,0,1,2,1,2,2,14,12,1,7,96,0,1,2,2020,7,2,2,42,1,1,4,2,4,100.0
370126,1,1,37,1,1,0,11,3,20,0,0,2,0,2,4,1,5,73,999,0,0,2,3,1,2,1,13,20,0,11,96,91,26,2,2020,4,10,2,12,1,1,1,1,10,33.33333333
370127,1,1,61,1,1,0,11,3,20,0,0,2,0,1,0,1,30,71,999,0,0,2,3,1,2,1,1,80,0,60,96,0,14,2,2020,6,19,2,8,1,1,1,3,1,33.33333333
370128,1,1,26,1,1,4,11,20,20,0,0,2,0,1,0,1,75,69,999,0,3,1,2,1,2,1,1,62,0,80,96,36,23,2,2020,1,17,2,12,2,2,1,1,1,66.66666667
370129,1,1,63,2,1,0,11,3,20,0,0,1,0,1,0,1,45,64,999,0,0,1,5,1,2,1,1,80,0,13,96,0,18,2,2020,3,19,2,8,1,1,1,3,10,50.0
370131,1,1,38,1,1,3,11,20,20,0,0,3,0,1,0,1,85,71,999,1,0,1,2,1,2,2,6,12,0,13,96,91,4,2,2020,3,18,2,42,1,1,4,2,10,33.33333333
370134,1,1,22,1,1,2,11,3,9,0,0,1,0,1,0,1,55,70,999,0,0,1,2,2,2,6,1,62,0,13,96,0,6,2,2020,5,20,2,12,1,1,1,2,2,33.33333333
370135,1,1,65,1,1,4,11,3,9,0,0,1,0,2,0,1,45,68,999,0,0,2,4,1,2,1,1,54,0,13,96,50,15,2,2020,7,20,2,12,1,1,1,1,1,50.0
370137,1,1,19,2,1,0,11,3,9,0,0,1,0,1,0,1,20,64,999,0,0,1,5,2,2,2,1,50,0,7,93,6,11,2,2020,3,14,2,12,3,2,1,1,2,25.0
370139,1,1,24,2,1,0,11,99,20,1,0,1,1,1,0,1,45,62,999,0,0,5,5,1,2,1,1,13,1,13,93,91,2,2,2020,1,2,2,43,1,1,4,3,1,66.66666667
370143,1,1,32,1,1,4,11,20,8,0,0,1,0,1,0,1,55,69,999,0,0,3,3,1,2,2,1,9,0,13,93,36,1,2,2020,7,4,2,38,1,1,5,2,10,100.0
370144,1,1,20,1,1,4,11,3,20,9,0,1,0,1,0,1,75,64,999,1,4,3,4,1,1,6,1,6,0,3,96,58,6,2,2020,5,9,2,57,19,1,3,1,2,50.0
370147,1,1,58,1,1,4,11,20,9,0,0,1,0,1,0,1,70,72,999,0,0,1,2,1,2,1,14,12,1,60,96,58,27,2,2020,5,11,2,30,1,1,4,1,1,100.0
370149,1,1,46,1,1,0,11,3,20,0,0,27,0,3,21,1,45,66,999,0,0,1,2,2,2,1,14,62,0,71,96,0,14,2,2020,6,15,2,12,1,1,1,1,1,3.571428571
370151,1,1,999,9,1,9,11,98,98,8,0,99,1,9,0,1,998,999,999,99,9,1,2,1,2,2,1,81,0,7,96,999,6,2,2020,5,18,2,8,1,1,1,3,2,50.0
370154,1,1,30,1,1,0,11,3,20,0,0,3,0,3,1,1,5,68,999,0,0,1,2,1,2,1,13,98,0,11,96,0,14,2,2020,6,8,2,5,2,3,1,1,1,33.33333333
370158,1,1,56,1,1,4,11,20,20,0,0,1,0,1,0,1,35,72,999,1,0,1,2,1,2,1,14,10,1,94,96,28,29,2,2020,7,23,2,12,1,1,1,2,1,33.33333333
370162,1,1,57,1,1,2,11,3,8,9,0,2,0,1,0,1,65,74,999,0,3,2,4,1,2,1,1,12,0,13,96,36,4,2,2020,3,13,2,30,1,1,4,1,1,20.0
370163,1,1,998,8,1,9,11,99,99,8,0,99,1,9,99,1,998,999,999,99,0,1,4,1,2,1,99,83,0,998,96,0,8,2,2020,7,21,2,9,1,1,1,3,1,50.0
370164,1,1,52,1,1,1,11,3,20,8,0,1,0,1,0,1,35,68,999,0,0,2,4,3,2,2,14,8,1,15,96,91,5,2,2020,4,8,2,8,1,1,4,1,2,33.33333333
370165,1,1,48,1,1,1,11,3,9,8,0,1,1,1,0,1,76,68,999,0,3,2,1,1,2,1,1,67,1,60,96,36,17,2,2020,2,10,2,12,2,3,1,1,1,50.0
370166,1,1,44,1,1,0,11,3,20,0,0,2,0,3,6,1,60,66,999,0,0,3,3,1,2,1,1,53,0,66,96,0,22,2,2020,7,1,2,12,18,1,1,3,1,25.0
370167,1,1,37,1,1,0,11,99,20,0,0,1,1,1,0,1,45,68,999,0,0,1,2,1,2,1,1,83,0,13,96,0,17,2,2020,2,23,2,9,1,1,1,2,1,50.0
370168,1,1,27,1,1,4,11,20,9,8,0,1,0,1,0,1,117,71,999,4,0,3,3,1,1,1,15,51,1,60,96,36,28,2,2020,6,23,2,12,1,1,1,2,1,50.0
370170,1,1,22,1,1,0,11,3,20,0,0,1,0,2,0,1,45,69,135,0,0,2,5,1,2,2,1,80,0,13,96,0,10,2,2020,2,22,2,8,1,1,1,2,2,50.0
370171,1,1,58,1,1,0,11,3,20,0,0,1,0,3,6,1,55,66,999,0,0,1,2,1,2,2,1,62,0,66,96,0,13,2,2020,5,12,2,12,1,1,1,1,2,33.33333333
370172,1,1,40,1,1,4,11,20,8,0,0,1,0,2,0,1,75,71,999,0,5,1,2,8,8,98,1,14,0,60,96,39,8,2,2020,7,8,2,42,3,3,4,1,1,100.0
370173,1,1,75,2,1,4,11,20,9,9,0,1,0,1,0,1,26,64,999,0,0,3,1,1,1,2,11,15,0,3,96,38,26,2,2020,4,14,2,12,8,1,1,1,10,50.0
370175,1,1,32,1,1,0,11,3,20,0,0,1,0,1,0,1,40,71,999,0,0,3,2,1,2,2,1,80,0,13,96,0,26,2,2020,4,22,2,8,1,1,1,3,2,33.33333333
370177,1,1,39,1,1,4,11,20,20,9,0,1,0,1,0,1,55,69,999,0,0,1,5,1,2,1,1,62,0,80,96,36,11,2,2020,3,18,2,12,2,3,1,3,10,50.0
370180,1,1,25,1,1,4,11,20,20,9,0,1,0,1,0,1,65,69,999,0,3,1,5,1,2,1,14,6,1,94,96,0,22,2,2020,7,20,2,33,1,1,4,3,1,100.0
370189,1,1,18,1,1,4,11,20,20,0,0,1,0,2,0,1,55,72,999,0,4,1,2,2,2,2,14,6,0,60,96,0,13,2,2020,5,14,2,35,1,1,4,1,2,100.0
370190,1,1,24,1,1,4,11,20,20,9,0,1,0,2,0,1,75,74,999,0,3,1,3,1,2,1,1,9,0,80,96,58,1,2,2020,7,14,2,32,1,1,4,1,10,100.0
370191,1,1,63,2,1,5,11,3,20,0,0,1,0,1,0,1,35,64,999,0,0,2,6,1,2,1,1,80,0,5,96,91,2,2,2020,1,20,2,8,3,2,1,3,10,50.0
370192,2,1,56,1,1,4,11,20,20,0,0,1,0,1,0,1,45,69,999,0,3,1,2,2,2,10,1,11,1,13,96,36,21,2,2020,6,8,2,14,1,1,2,1,1,100.0
370193,1,1,22,2,1,4,11,20,9,9,0,1,0,1,0,1,67,63,999,0,0,1,3,1,8,1,14,12,0,3,96,0,22,2,2020,7,21,2,12,1,1,3,3,1,33.33333333
370194,1,1,27,2,1,4,11,20,8,1,0,1,0,2,0,1,45,66,999,0,0,1,2,1,2,1,14,10,0,13,96,28,22,2,2020,7,21,2,12,1,1,1,2,1,50.0
370197,1,1,45,1,1,0,11,3,20,0,0,1,0,1,0,1,35,74,999,0,0,1,3,1,2,2,1,80,0,13,96,0,21,2,2020,6,20,2,8,1,1,1,2,1,50.0
370198,1,1,24,1,1,4,11,20,20,1,0,1,0,2,0,1,55,68,999,0,3,5,4,2,2,1,1,6,0,7,96,58,30,3,2020,2,9,2,34,1,1,4,1,1,100.0
370202,1,1,24,1,1,0,11,3,20,0,0,1,0,1,0,1,15,74,157,0,0,1,5,1,2,2,11,15,0,7,96,38,3,3,2020,3,13,2,1,2,2,1,1,10,50.0
370209,1,1,22,1,1,4,11,20,9,1,0,2,1,2,0,1,82,63,999,0,3,2,3,1,2,1,1,62,1,13,96,36,8,3,2020,1,3,2,12,2,3,1,3,1,33.33333333
370215,1,1,26,1,1,0,11,3,20,0,0,1,0,3,6,1,55,69,999,0,4,1,2,1,2,2,1,52,0,66,93,91,5,3,2020,5,22,2,12,1,1,1,2,2,50.0
370217,1,1,75,2,1,4,11,3,8,0,0,1,0,1,0,1,51,64,999,0,0,3,2,1,2,2,1,54,0,13,96,51,17,3,2020,3,9,2,12,18,1,1,1,1,25.0
370221,1,1,999,9,1,9,11,98,98,8,0,99,1,9,99,1,53,999,999,99,0,3,3,1,2,1,1,80,0,999,96,0,1,3,2020,1,6,2,8,1,1,1,2,1,50.0
370223,1,1,46,2,1,1,11,3,8,0,0,2,0,2,0,1,50,68,999,0,0,2,3,1,2,1,11,15,1,7,96,0,15,3,2020,1,1,2,12,2,3,1,3,1,33.33333333
370224,1,1,25,2,1,4,11,3,99,9,0,2,0,1,0,1,110,67,999,0,3,3,2,2,2,1,1,13,0,7,96,36,9,3,2020,2,20,2,1,1,1,4,2,1,100.0
370225,1,1,75,1,1,4,11,20,20,0,0,1,0,1,0,1,25,73,999,0,0,2,3,4,2,1,1,17,0,60,96,39,1,3,2020,1,13,2,12,2,2,1,1,1,33.33333333
370226,1,1,52,1,1,4,11,20,20,9,0,1,0,1,0,1,55,70,999,0,0,1,2,1,2,1,1,12,0,94,96,36,8,3,2020,1,17,2,33,3,6,3,1,1,33.33333333
370229,1,1,45,1,1,4,11,3,8,9,0,1,0,1,0,1,15,68,190,0,0,1,2,8,8,98,11,15,0,13,96,39,24,3,2020,3,16,2,12,2,3,1,1,2,50.0
370232,1,1,34,2,1,0,11,3,20,0,0,1,0,2,0,1,60,68,999,1,0,3,5,1,2,1,1,80,0,13,96,0,7,3,2020,7,23,2,8,1,1,1,2,1,50.0
370236,1,1,69,2,1,1,11,3,9,0,0,1,0,2,0,1,48,63,999,0,0,2,2,2,2,1,1,17,0,7,96,39,20,3,2020,6,15,2,12,2,2,1,1,10,50.0
370238,1,1,35,1,1,4,11,20,20,0,0,1,0,1,0,1,94,75,999,1,3,2,2,2,2,1,1,67,0,80,96,36,8,3,2020,1,16,2,1,2,3,1,1,1,14.28571429
370242,1,1,33,1,1,4,11,20,9,0,0,1,0,3,0,1,80,75,999,0,3,3,2,1,2,1,1,11,0,13,96,58,16,3,2020,2,0,2,24,1,1,3,2,1,100.0
370248,1,1,24,1,1,2,11,3,8,0,0,1,0,1,0,1,0,999,999,99,0,3,2,1,1,2,5,53,0,13,96,91,13,3,2020,6,5,2,12,1,1,1,2,2,16.66666667
370249,1,1,58,2,1,4,11,3,8,0,0,1,0,1,0,1,3,58,999,2,0,1,2,8,8,98,4,17,0,13,96,38,10,3,2020,3,8,2,12,2,2,1,1,1,50.0
370250,1,1,54,2,1,4,11,20,9,9,0,1,0,2,0,1,5,66,999,0,0,1,2,8,8,98,4,17,0,7,96,38,4,3,2020,4,16,2,12,2,2,1,1,10,100.0
370251,1,1,22,1,1,0,11,3,20,0,0,1,0,2,1,1,55,70,999,0,0,5,5,1,2,1,1,83,0,60,96,0,20,3,2020,6,20,2,9,1,1,1,2,1,50.0
370252,1,1,44,1,1,0,11,3,20,0,0,2,0,1,0,1,35,63,999,0,0,5,5,1,2,2,1,80,0,7,96,0,5,3,2020,5,22,2,8,1,1,1,2,2,25.0
370254,1,1,50,1,1,0,11,3,20,0,0,1,0,3,7,1,35,66,999,0,0,1,2,1,2,1,14,62,0,66,96,0,4,3,2020,4,10,2,12,1,1,1,1,1,50.0
370255,1,1,46,1,1,4,11,20,8,8,0,1,0,2,0,1,998,70,230,4,3,1,2,1,2,2,1,12,1,13,96,36,22,3,2020,1,20,2,38,1,1,4,3,2,100.0
370256,1,1,43,1,1,4,11,20,20,1,0,1,0,0,0,1,25,68,999,0,0,1,3,8,8,98,11,15,0,12,96,39,12,3,2020,5,12,2,12,2,3,1,1,1,50.0
370258,1,1,998,8,1,9,11,99,99,8,0,99,1,9,99,1,998,999,999,99,9,1,2,1,2,2,14,13,0,998,96,999,5,3,2020,5,21,2,8,1,1,4,2,2,50.0
370260,1,1,21,1,1,2,11,20,9,8,0,4,0,1,0,1,65,67,999,0,0,1,2,1,2,1,1,13,1,13,96,91,28,3,2020,7,23,2,42,1,1,5,2,1,25.0
370261,1,1,45,2,1,2,11,3,8,0,0,1,0,1,0,1,52,65,999,0,0,2,3,2,2,1,1,65,0,7,92,0,20,3,2020,6,7,2,12,2,3,1,1,1,33.33333333
370263,1,1,43,1,1,4,11,20,20,9,0,1,0,1,0,1,118,72,999,0,3,4,2,1,2,1,1,70,0,80,0,36,18,3,2020,4,17,2,30,8,1,4,1,1,100.0
370265,1,1,51,1,1,4,11,20,20,8,0,1,0,1,0,1,35,68,999,1,0,1,3,1,2,1,1,13,1,12,96,0,19,3,2020,5,23,2,1,1,1,1,2,1,100.0
370266,1,1,32,1,1,0,11,3,20,0,0,1,0,3,6,1,45,72,999,0,0,5,5,1,2,1,1,62,0,66,96,0,25,3,2020,4,12,2,12,1,1,1,1,1,50.0
370270,1,1,29,2,1,4,11,20,8,0,0,1,0,1,0,1,100,69,999,1,3,5,3,1,2,1,14,10,0,7,96,36,24,3,2020,3,17,2,12,1,1,1,1,10,33.33333333
370272,1,1,20,1,1,4,11,20,8,1,0,1,0,2,0,1,92,69,999,0,5,5,3,1,2,1,14,6,0,13,96,36,25,3,2020,4,1,2,1,1,1,4,3,1,100.0
370274,1,1,56,1,1,1,11,20,9,1,0,1,0,0,0,1,54,71,999,0,0,5,3,2,2,1,1,10,1,60,96,91,18,3,2020,4,16,2,12,1,1,1,1,1,50.0
370275,1,1,54,1,1,0,11,3,20,0,0,1,0,2,0,1,35,70,240,0,0,1,2,1,2,1,1,80,0,60,96,0,10,3,2020,3,20,2,8,1,1,1,2,1,50.0
370278,1,1,21,2,1,1,11,3,8,0,0,2,0,2,0,1,15,67,999,0,9,1,2,8,8,1,1,17,0,7,96,0,16,3,2020,2,18,2,12,2,2,1,1,1,33.33333333
370280,1,1,23,1,1,4,11,20,20,9,0,1,0,1,0,1,45,68,999,0,0,1,2,1,2,1,1,12,0,80,96,36,28,3,2020,7,21,2,33,3,5,3,2,1,100.0
370281,1,1,66,2,1,4,11,3,9,0,0,1,0,1,0,1,45,66,999,0,0,0,0,0,0,0,11,15,0,3,96,38,10,3,2020,3,13,2,12,8,1,1,1,10,50.0
370286,1,1,26,2,1,4,11,3,9,0,0,2,0,1,0,1,65,999,999,0,0,2,3,1,2,1,1,54,1,13,96,50,28,3,2020,7,2,2,12,1,1,1,2,1,25.0
370288,1,1,39,1,1,4,11,20,9,9,0,1,0,1,0,1,55,71,999,0,0,1,2,1,2,1,1,13,0,13,96,36,1,3,2020,1,4,2,32,1,1,4,3,1,100.0
370292,1,1,21,2,1,4,11,3,9,9,0,1,0,1,0,1,90,60,999,0,5,3,2,1,2,1,6,6,0,7,96,58,22,3,2020,1,9,2,21,19,1,4,2,1,100.0
370300,1,1,82,1,1,0,11,3,20,0,0,2,0,1,0,1,10,69,999,0,0,5,3,1,2,1,11,15,0,13,96,38,10,3,2020,3,20,2,12,8,1,1,3,1,33.33333333
370301,1,1,27,1,1,1,11,3,9,1,0,1,0,1,0,1,80,68,999,0,0,5,5,1,2,2,14,51,1,13,96,91,5,3,2020,5,19,2,12,1,1,1,3,2,33.33333333
370306,1,1,55,1,1,4,11,20,9,0,0,1,0,1,0,1,43,70,999,0,4,1,2,2,2,6,1,12,0,60,96,999,29,4,2020,4,21,2,42,1,1,4,2,2,100.0