ST_CASE,VEH_NO,PER_NO,AGE,SEX,PER_TYP,INJ_SEV,SEAT_POS,REST_USE,AIR_BAG,DRUGS,LOCATION,NUMOCCS,HIT_RUN,OWNER,V_CONFIG,HAZ_INV,TRAV_SP,DR_HGT,DR_WGT,PREV_SPD,SPEEDREL,VTRAFWAY,VNUM_LAN,VPROFILE,VPAVETYP,VSURCOND,P_CRASH1,P_CRASH2,DR_DRINK,VPICBODYCLASS,DRDISTRACT,DRIVERRF,DAY,MONTH,YEAR,DAY_WEEK,HOUR,RUR_URB,HARM_EV,RELJCT2,TYP_INT,REL_ROAD,LGT_COND,WEATHER,Fatality Rate (%)
390241,1,1,66,1,1,0,11,3,20,0,0,1,0,1,0,1,35,66,200,0,0,1,4,1,2,2,1,80,0,60,0,0,5,5,2020,3,22,2,8,1,1,1,2,2,50.0
390242,1,1,78,2,1,0,11,3,20,8,0,2,1,1,0,1,5,68,150,0,0,1,2,1,2,1,11,15,0,13,0,38,3,5,2020,1,14,2,12,3,3,1,1,1,16.66666667
390244,1,1,44,2,1,4,11,3,9,8,0,1,0,2,0,1,999,61,98,0,5,2,3,1,2,1,1,13,1,13,96,0,28,4,2020,3,21,2,39,1,1,4,2,10,100.0
390246,1,1,18,2,1,0,11,3,20,8,0,1,0,2,0,1,30,62,124,0,0,2,4,2,2,1,1,80,0,13,0,0,7,5,2020,5,13,2,8,3,2,1,1,1,50.0
390247,1,1,54,2,1,0,11,3,20,8,0,1,0,2,0,1,40,65,135,0,0,1,2,1,2,1,1,13,0,13,96,6,23,4,2020,5,0,2,8,1,1,2,2,1,50.0
390249,1,1,48,1,1,4,11,20,20,1,0,2,0,2,0,1,998,999,999,99,0,3,4,1,2,1,1,13,0,60,0,6,8,5,2020,6,19,2,42,1,1,4,5,1,50.0
390250,1,1,26,1,1,2,11,3,9,8,0,2,1,3,0,1,43,74,162,3,0,1,4,2,2,1,6,61,0,7,0,34,24,4,2020,6,18,2,12,2,7,1,1,1,16.66666667
390251,1,1,57,1,1,4,11,20,9,8,0,1,0,1,0,1,999,72,210,0,0,1,2,1,2,1,1,13,1,7,96,39,3,5,2020,1,22,2,30,3,3,4,2,10,100.0
390252,1,1,60,1,1,4,11,20,20,8,0,1,0,1,99,1,998,68,164,1,0,3,2,1,2,1,1,51,1,999,0,26,7,5,2020,5,19,2,12,1,1,1,1,1,33.33333333
390253,1,1,64,2,1,4,11,3,8,8,0,2,0,1,0,1,0,62,188,0,0,1,4,2,2,1,5,68,0,13,0,0,9,5,2020,7,9,2,12,2,3,1,1,1,33.33333333
390256,1,1,24,1,1,4,11,20,20,1,0,1,0,2,0,1,102,72,168,0,5,3,2,1,2,1,1,6,0,13,96,0,4,5,2020,2,5,2,42,1,1,4,2,1,100.0
390258,1,1,63,1,1,4,11,3,9,8,0,1,0,1,0,1,38,72,190,0,0,1,5,1,1,1,1,13,0,60,96,999,10,5,2020,1,14,2,40,1,1,4,1,10,100.0
390259,1,1,41,1,1,4,11,20,20,8,0,1,0,1,0,1,998,72,220,2,4,1,2,1,2,1,6,50,0,98,0,35,16,5,2020,7,18,2,12,2,2,1,1,1,33.33333333
390262,1,1,36,1,1,3,11,3,8,8,0,1,0,1,0,1,998,73,190,1,0,1,4,1,2,1,1,10,1,13,96,28,18,1,2020,7,17,2,12,1,1,1,1,1,20.0
390264,1,1,42,1,1,4,11,20,9,8,0,1,0,2,0,1,60,73,200,1,4,1,2,1,2,1,14,13,1,13,0,999,15,5,2020,6,6,2,42,1,1,5,1,1,100.0
390266,1,1,57,1,1,3,11,3,20,8,0,1,0,1,0,1,65,68,220,0,0,3,3,1,2,1,1,80,0,13,0,0,15,5,2020,6,5,2,8,1,1,1,2,1,25.0
390267,1,1,65,1,1,4,11,3,9,8,0,1,0,1,0,1,998,76,220,0,0,6,1,8,8,2,11,15,0,7,96,39,2,3,2020,2,17,2,12,5,1,1,1,2,50.0
390269,1,1,34,1,1,2,11,20,8,1,0,1,0,1,0,1,30,69,189,0,0,1,4,1,2,1,15,80,0,7,0,27,9,5,2020,7,12,2,8,3,3,1,1,1,50.0
390270,1,1,46,2,1,4,11,99,99,8,0,1,0,1,0,1,999,70,190,0,9,1,2,1,2,6,1,12,1,13,96,87,19,5,2020,3,14,2,32,1,1,4,7,2,100.0
390271,1,1,49,1,1,4,11,99,8,8,0,1,0,1,0,1,999,66,145,1,9,6,3,1,2,1,14,13,0,7,96,0,18,5,2020,2,16,2,42,5,1,4,1,10,100.0
390272,1,1,39,1,1,0,11,3,20,8,0,1,0,1,0,1,40,76,280,0,0,5,5,2,2,2,1,80,0,7,96,6,18,5,2020,2,23,2,8,3,2,1,3,2,50.0
390276,1,1,36,1,1,0,11,3,20,8,0,1,0,1,0,1,998,75,295,2,0,5,5,1,2,1,1,80,0,13,0,0,21,5,2020,5,22,2,8,1,1,1,2,10,33.33333333
390277,1,1,41,2,1,4,11,20,8,8,0,1,0,2,0,1,998,61,120,0,0,1,4,1,2,1,1,10,0,5,0,27,14,5,2020,5,21,2,12,1,1,1,3,1,33.33333333
390278,1,1,23,1,1,4,11,98,20,1,0,1,0,1,0,1,999,72,320,2,0,3,2,2,2,1,14,13,1,3,96,30,25,5,2020,2,2,2,32,1,1,4,8,10,100.0
390279,1,1,17,2,1,3,11,3,9,8,0,2,0,2,0,1,998,70,240,0,0,1,2,1,2,1,1,13,0,60,96,30,23,5,2020,7,21,2,30,1,1,4,2,1,50.0
390280,1,1,26,2,1,3,11,20,9,8,0,1,0,1,0,1,998,65,140,1,0,3,4,2,2,2,1,54,1,7,0,51,19,5,2020,3,20,2,12,18,1,1,3,2,50.0
390281,1,1,43,1,1,4,11,20,20,1,0,1,0,1,0,1,60,69,200,0,4,3,2,2,2,1,14,6,1,6,96,0,23,5,2020,7,0,2,52,19,1,4,3,1,100.0
390282,1,1,998,8,1,9,11,99,99,8,0,1,1,9,99,1,60,999,999,99,9,3,5,1,2,1,99,80,0,999,96,86,23,5,2020,7,4,2,8,1,1,1,3,1,50.0
390283,1,1,998,8,1,9,11,99,99,8,0,99,1,9,99,1,60,999,999,99,9,3,5,1,2,1,99,99,0,999,96,0,23,5,2020,7,4,2,8,1,1,1,3,1,50.0
390284,1,1,60,1,1,2,11,3,8,1,0,3,0,1,0,1,25,69,190,0,0,1,2,1,2,1,1,9,1,13,12,36,17,5,2020,1,1,2,42,1,1,4,3,1,33.33333333
390289,1,1,61,1,1,0,11,3,8,8,0,1,0,1,0,1,999,79,245,0,0,1,2,2,2,2,1,62,0,7,0,0,19,5,2020,3,11,2,12,1,1,1,1,2,50.0
390291,1,1,38,1,1,4,11,3,9,8,0,2,0,2,0,1,60,74,185,1,4,1,2,2,2,1,1,6,1,7,96,58,22,5,2020,6,17,2,38,1,1,4,1,1,50.0
390292,1,1,23,1,1,4,11,99,20,8,0,1,0,2,0,1,999,67,156,0,4,6,1,1,2,1,14,6,0,3,96,0,2,5,2020,7,3,2,42,5,1,4,2,1,100.0
390294,1,1,47,2,1,4,11,20,20,1,0,1,0,1,0,1,999,60,135,1,0,3,4,2,2,1,1,13,0,7,96,999,24,4,2020,6,17,2,33,1,1,4,1,1,100.0
390301,1,1,35,1,1,4,11,20,20,8,0,1,0,3,0,1,999,72,175,0,5,3,2,2,1,1,1,6,0,80,0,0,31,5,2020,1,0,2,1,1,1,1,3,1,100.0
390303,1,1,54,1,1,0,11,20,20,8,0,1,0,3,0,1,998,72,210,0,0,1,3,1,2,1,1,80,0,13,0,0,10,3,2020,3,22,2,8,1,1,1,2,1,50.0
390304,1,1,41,1,1,4,11,20,9,8,0,1,0,2,0,1,61,75,255,0,4,1,7,1,2,1,1,50,0,7,96,26,21,2,2020,6,10,2,12,3,2,1,1,1,50.0
390305,1,1,63,1,1,3,11,20,9,8,0,1,0,1,0,1,999,76,233,0,0,2,3,1,2,1,1,17,0,9,96,39,31,3,2020,3,15,2,12,2,2,1,1,10,50.0
390307,1,1,37,2,1,0,11,3,20,8,0,1,0,2,0,1,5,73,258,0,0,1,2,1,2,1,11,15,0,60,0,38,24,4,2020,6,18,2,12,2,2,1,1,1,33.33333333
390308,1,1,40,1,1,0,11,3,20,8,0,1,0,1,0,1,65,72,310,1,0,3,3,2,2,1,1,80,0,7,0,0,4,6,2020,5,4,2,8,1,1,1,2,1,50.0
390309,1,1,49,1,1,0,11,3,20,8,0,1,0,3,0,1,998,73,210,0,0,1,2,1,2,1,1,50,0,60,92,26,26,5,2020,3,10,2,12,1,1,1,1,1,50.0
390317,1,1,22,1,1,2,11,3,20,8,0,1,0,2,0,1,40,72,157,1,0,1,2,2,2,1,1,62,0,13,0,0,25,5,2020,2,19,2,12,2,3,1,1,1,50.0
390318,1,1,38,2,1,1,11,3,20,8,0,2,0,1,0,1,42,64,130,2,0,5,5,1,2,1,1,98,0,13,0,85,6,6,2020,7,14,2,8,1,1,1,1,1,33.33333333
390319,1,1,76,1,1,0,11,3,20,8,0,2,0,1,0,1,20,74,250,0,0,5,3,1,2,1,1,17,0,60,0,0,7,6,2020,1,18,2,12,2,2,1,1,1,25.0
390320,1,1,55,2,1,0,11,3,8,8,0,1,0,1,0,1,10,68,235,0,0,1,5,1,2,1,11,15,0,7,0,38,11,6,2020,5,15,2,12,2,3,1,1,1,50.0
390323,1,1,37,1,1,3,11,20,20,1,0,2,0,1,0,1,999,76,250,0,0,3,2,1,2,1,1,12,0,7,0,0,30,5,2020,7,23,2,1,1,1,1,3,1,50.0
390326,1,1,76,1,1,0,11,3,8,8,0,1,0,1,0,1,25,65,155,1,0,6,1,2,2,1,11,15,0,7,0,35,30,5,2020,7,15,2,12,5,1,1,1,1,50.0
390328,1,1,68,1,1,4,11,20,20,8,0,1,0,1,0,1,15,70,200,0,4,1,2,1,2,1,10,10,0,81,0,48,7,6,2020,1,15,2,12,3,4,1,1,1,33.33333333
390331,1,1,998,2,9,3,99,99,98,0,0,3,0,9,0,1,999,999,999,99,4,1,4,1,2,2,6,6,0,13,96,6,7,4,2020,3,7,2,30,1,1,4,1,2,66.66666667
390333,1,1,20,1,1,0,11,20,9,8,0,4,1,1,0,1,999,73,145,0,0,1,4,1,1,1,1,62,0,13,96,39,2,5,2020,7,17,2,12,2,2,1,1,1,10.0
390334,1,1,35,1,1,4,11,20,20,8,0,1,0,1,0,1,70,74,240,0,5,1,4,1,1,1,14,6,0,81,96,0,16,5,2020,7,16,2,33,1,1,4,1,1,100.0
390337,1,1,42,1,1,0,11,3,20,8,0,1,0,2,0,1,55,76,200,0,0,1,2,1,2,1,1,83,1,13,0,26,2,6,2020,3,20,2,9,1,1,1,1,1,50.0
390338,1,1,25,1,1,4,11,20,20,8,0,1,0,2,0,1,999,999,999,0,4,3,3,1,1,1,1,12,0,80,0,0,4,6,2020,5,21,2,25,1,1,3,3,1,100.0
390339,1,1,34,1,1,4,11,20,20,8,0,1,0,1,0,1,999,72,186,3,0,1,4,2,2,1,1,13,1,81,96,30,12,6,2020,6,3,2,30,1,1,4,3,1,100.0
390340,1,1,86,2,1,0,11,3,20,8,0,1,0,2,0,1,5,60,102,0,0,1,2,8,2,1,11,15,0,13,0,38,24,5,2020,1,14,2,12,2,2,1,1,1,50.0
390341,1,1,55,2,1,0,11,3,20,1,0,2,0,1,0,1,35,65,135,1,0,1,5,1,2,1,1,80,1,2,0,0,5,6,2020,6,22,2,8,1,1,1,2,1,33.33333333
390342,1,1,51,1,1,0,11,98,9,8,0,3,0,2,0,1,35,71,217,1,0,1,4,1,2,1,14,10,0,7,0,85,1,5,2020,6,19,2,12,2,2,1,3,1,25.0
390344,1,1,42,1,1,4,11,20,9,8,0,1,0,1,0,1,60,69,159,0,0,1,4,1,2,1,10,13,1,7,96,48,14,6,2020,1,19,2,33,3,3,4,1,1,100.0
390345,1,1,37,1,1,4,11,20,20,8,0,1,0,1,0,1,70,68,165,0,3,1,2,1,1,1,1,6,1,94,0,0,3,6,2020,4,12,2,12,2,3,1,1,1,50.0
390346,1,1,21,1,1,4,11,20,20,8,0,1,0,1,0,1,999,73,165,3,5,5,5,1,2,1,1,62,0,80,96,0,13,6,2020,7,20,2,12,2,3,1,5,1,25.0
390347,1,1,22,2,1,2,11,20,9,0,0,5,0,2,0,1,999,61,148,0,4,1,4,9,2,1,14,6,1,13,0,0,13,6,2020,7,22,2,33,1,1,4,3,1,14.28571429
390349,1,1,50,1,1,4,11,98,20,8,0,1,0,1,0,1,35,69,200,0,0,1,2,1,2,1,1,10,0,7,96,28,17,6,2020,4,11,2,12,3,3,1,1,10,50.0
390350,1,1,46,1,1,4,11,99,8,8,0,1,0,2,0,1,998,68,160,0,0,1,5,1,2,1,6,51,1,13,96,35,19,6,2020,6,2,2,12,1,1,1,2,1,16.66666667
390354,1,1,24,1,1,2,11,3,20,8,0,2,0,1,0,1,55,63,125,1,0,1,2,1,2,1,1,13,1,7,0,0,11,6,2020,5,17,2,34,1,1,4,1,1,50.0
390355,1,1,34,1,1,3,11,20,8,8,0,4,0,2,0,1,999,72,185,0,0,1,4,2,2,1,14,10,0,7,96,28,7,6,2020,1,16,2,12,1,1,1,1,1,20.0
390358,1,1,19,1,1,2,11,20,9,1,0,4,0,1,0,1,999,73,170,0,4,1,2,1,2,1,11,6,1,13,92,39,19,4,2020,1,23,2,24,3,3,4,2,1,25.0
390365,1,1,70,2,1,1,11,3,9,8,0,2,0,1,0,1,10,63,115,0,0,1,5,1,2,1,11,15,0,3,0,38,27,4,2020,2,11,2,12,2,2,1,1,10,25.0
390366,1,1,35,2,1,4,11,3,8,8,0,1,0,1,0,1,999,60,115,0,0,2,2,1,2,1,1,19,1,13,96,51,3,5,2020,1,1,2,12,1,1,1,2,10,50.0
390371,1,1,38,1,1,4,11,20,20,8,0,1,0,2,0,1,999,70,170,1,4,1,2,1,2,1,14,6,0,94,96,0,24,5,2020,1,16,2,41,1,1,4,1,1,100.0
390372,1,1,35,1,1,1,11,3,20,8,0,1,0,3,0,1,35,68,220,1,0,1,2,1,2,1,1,53,0,60,0,0,13,5,2020,4,12,2,12,1,1,1,1,1,33.33333333
390374,1,1,43,2,1,1,11,3,9,8,0,4,0,1,0,1,10,62,180,0,0,1,5,1,2,1,11,15,0,13,0,38,6,6,2020,7,19,2,12,2,2,1,1,1,20.0
390375,1,1,49,1,1,4,11,20,20,8,0,1,0,1,0,1,999,69,190,0,0,1,2,2,2,1,2,53,0,81,96,0,27,5,2020,4,12,2,12,1,1,1,1,10,50.0
390377,1,1,29,1,1,4,11,20,20,8,0,1,0,1,0,1,100,72,185,1,5,1,4,2,2,1,1,6,1,80,0,0,22,5,2020,6,19,2,40,1,1,4,1,10,100.0
390379,1,1,87,1,1,4,11,3,9,8,0,1,0,3,0,1,999,69,150,0,0,1,2,1,2,1,1,12,0,60,96,30,9,6,2020,3,18,2,34,1,1,4,1,10,100.0
390380,1,1,54,1,1,4,11,3,9,8,0,1,0,3,6,1,999,71,999,1,0,2,2,2,2,1,1,50,0,66,96,26,13,6,2020,7,17,2,12,1,1,1,1,1,50.0
390382,1,1,55,2,1,0,11,3,8,0,0,1,0,1,0,1,10,65,130,1,0,1,2,1,2,1,11,15,1,7,0,38,17,6,2020,4,22,2,12,2,3,1,2,1,40.0
390383,1,1,59,1,1,3,11,20,9,8,0,2,0,1,0,1,35,68,202,0,0,1,4,1,2,1,1,12,0,7,0,30,31,5,2020,1,11,2,30,1,1,4,1,1,50.0
390384,1,1,36,2,1,1,11,3,20,8,0,1,0,2,0,1,35,66,160,0,0,1,2,1,2,1,1,80,0,13,0,0,19,6,2020,6,16,2,8,1,1,1,1,1,50.0
390385,1,1,19,1,1,0,11,3,20,8,0,2,0,2,1,1,50,76,280,3,0,2,2,1,2,1,1,80,0,74,0,0,17,6,2020,4,15,2,8,3,2,1,1,1,33.33333333
390388,1,1,34,2,1,4,11,1,20,8,0,1,0,1,0,1,999,64,180,0,0,5,7,1,2,1,1,12,0,13,96,30,20,6,2020,7,5,2,31,1,1,4,4,1,100.0
390389,1,1,26,1,1,4,11,98,8,1,0,1,0,3,0,1,60,71,150,4,5,5,5,1,2,1,1,6,0,13,96,0,20,6,2020,7,0,2,31,1,1,4,3,1,100.0
390390,1,1,56,1,1,4,11,20,9,8,0,1,0,1,0,1,80,69,145,0,0,2,2,2,2,1,1,12,0,7,0,30,13,6,2020,7,20,2,43,1,1,3,1,10,100.0
390393,1,1,63,1,1,4,11,20,9,1,0,1,0,1,0,1,44,70,280,2,0,1,4,1,2,1,1,10,0,13,96,28,18,6,2020,5,6,2,12,3,4,1,1,10,50.0
390395,1,1,29,1,1,4,11,20,9,8,0,1,0,1,0,1,999,67,260,0,3,1,4,2,2,1,1,17,0,7,96,39,6,5,2020,4,1,2,12,2,2,1,3,10,25.0
390396,1,1,998,8,1,0,11,98,99,8,0,1,1,9,99,1,998,999,999,99,0,3,4,1,2,1,1,80,0,999,96,0,27,6,2020,7,3,2,8,1,1,1,3,10,50.0
390397,1,1,24,1,1,0,11,3,20,8,0,1,0,1,0,1,40,69,165,1,0,5,5,1,2,1,1,83,0,13,0,0,9,6,2020,3,20,2,9,1,1,1,1,10,50.0
390402,1,1,43,1,1,4,11,20,9,8,0,1,0,2,0,1,40,73,280,1,0,2,2,1,2,1,1,17,0,7,96,0,17,6,2020,4,13,2,42,3,2,4,1,10,100.0
390403,1,1,25,2,1,3,11,98,20,8,0,2,0,1,0,1,998,62,161,1,0,3,4,1,2,1,1,12,0,7,96,30,16,5,2020,7,7,2,25,1,1,3,1,1,33.33333333
390404,1,1,35,1,1,2,11,20,20,8,0,2,0,1,0,1,15,69,230,0,0,1,2,1,2,1,10,19,1,81,0,0,17,6,2020,4,23,2,12,3,3,1,2,1,25.0
390405,1,1,51,2,1,0,11,3,20,8,0,2,0,1,0,1,35,63,145,0,0,1,2,1,2,1,1,83,0,7,0,0,11,6,2020,5,18,2,9,1,1,1,1,1,33.33333333
390407,1,1,73,2,1,4,11,3,8,8,0,1,0,1,0,1,999,61,150,0,0,2,3,1,2,1,1,19,0,7,96,51,29,5,2020,6,23,2,12,1,1,1,2,1,33.33333333
390408,1,1,40,1,1,4,11,20,20,8,0,1,0,2,0,1,70,66,135,2,3,1,2,2,2,1,1,62,1,80,96,36,23,5,2020,7,21,2,12,2,4,1,3,1,50.0
390410,1,1,62,1,1,4,11,20,9,8,0,1,0,1,0,1,35,999,999,1,0,1,4,1,2,1,1,12,0,2,0,0,22,5,2020,6,16,2,19,1,1,4,1,1,100.0
390411,1,1,998,8,1,9,11,98,8,8,0,1,1,9,0,1,999,999,999,99,0,5,5,1,2,1,11,15,0,13,96,38,4,7,2020,7,23,2,12,2,3,1,2,1,14.28571429
390412,1,1,32,1,1,2,11,3,20,8,0,6,0,2,0,1,5,73,185,0,0,1,4,1,1,1,11,15,0,60,0,0,5,7,2020,1,14,2,12,2,3,1,1,1,14.28571429
390413,1,1,41,2,1,0,11,3,20,8,0,1,0,1,0,1,998,63,200,1,0,1,5,2,2,1,1,80,0,13,0,0,3,7,2020,6,22,2,8,1,1,1,2,1,50.0
390414,1,1,45,1,1,4,11,3,9,8,0,1,0,3,0,1,999,72,223,0,0,5,5,2,2,1,1,12,0,7,96,30,4,7,2020,7,18,2,30,1,1,4,1,1,100.0
390415,1,1,37,1,1,4,11,20,20,8,0,1,0,1,0,1,999,72,210,0,4,1,2,1,2,1,6,51,1,80,0,34,5,7,2020,1,19,2,35,1,1,4,1,1,100.0
390419,1,1,33,1,1,4,11,20,20,8,0,2,0,1,0,1,999,67,180,0,0,1,2,1,2,1,1,90,1,69,0,39,4,7,2020,7,22,2,26,1,1,4,2,1,50.0
390420,1,1,44,1,1,4,11,3,20,0,0,1,0,1,0,1,999,73,200,1,0,2,2,1,2,1,1,12,0,60,96,30,7,7,2020,3,12,2,31,1,1,3,1,10,100.0
390421,1,1,48,1,1,4,11,20,20,1,0,1,0,1,0,1,999,72,190,0,0,2,2,1,2,1,1,12,1,81,96,0,5,7,2020,1,20,2,1,1,1,3,1,1,100.0
390422,1,1,67,1,1,2,11,3,20,8,0,1,0,3,6,1,55,74,999,1,0,2,3,1,2,2,1,50,0,66,0,26,8,7,2020,4,17,2,12,2,2,1,1,2,66.66666667
390426,1,1,27,1,1,4,11,20,20,8,0,1,0,2,0,1,40,71,157,0,0,1,2,1,2,1,6,12,0,98,96,35,11,7,2020,7,22,2,1,1,1,1,2,10,100.0
390428,1,1,60,1,1,0,11,3,20,8,0,1,0,3,1,1,10,73,210,0,0,1,1,2,2,1,13,82,0,11,0,10,15,7,2020,4,6,2,8,1,1,1,4,1,50.0
390429,1,1,28,1,1,0,11,3,20,8,0,1,0,1,0,1,40,70,190,2,0,5,5,1,2,1,1,80,0,13,0,0,18,7,2020,7,22,2,8,1,1,1,2,10,50.0
390430,1,1,62,1,1,0,11,3,20,1,0,1,0,1,0,1,998,72,200,0,0,1,5,1,2,1,1,80,1,7,0,0,17,7,2020,6,21,2,8,3,2,1,3,1,50.0
390431,1,1,33,2,1,4,11,3,8,8,0,1,0,1,0,1,80,63,150,0,5,3,3,1,1,1,1,13,1,13,96,0,19,7,2020,1,17,2,42,1,1,4,1,10,100.0
390434,1,1,38,1,1,4,11,20,20,1,0,1,0,1,0,1,999,72,220,0,2,1,4,1,2,1,15,6,1,80,96,0,9,7,2020,5,13,2,12,1,1,1,1,1,50.0
390436,1,1,73,2,1,1,11,3,9,8,0,2,0,1,0,1,999,62,150,0,0,1,4,1,2,1,11,15,0,13,0,38,13,7,2020,2,15,2,12,2,3,1,1,1,25.0
390441,1,1,19,1,1,3,11,3,8,8,0,3,0,2,0,1,999,65,129,0,0,1,3,1,2,1,1,17,0,13,96,39,15,7,2020,4,21,2,12,2,2,1,3,1,60.0
390442,1,1,45,1,1,4,11,3,20,8,0,1,0,1,1,1,999,69,175,0,0,1,2,1,2,98,1,50,0,11,96,26,14,7,2020,3,12,2,12,8,1,1,1,1,50.0
390443,1,1,28,1,1,2,11,20,20,1,0,3,0,2,0,1,60,67,140,0,5,2,2,1,2,1,1,13,0,3,0,0,16,7,2020,5,16,2,42,1,1,4,1,10,66.66666667
390450,1,1,998,9,1,0,11,98,99,8,0,99,1,9,99,1,35,999,999,99,0,5,5,1,2,1,1,80,0,999,96,38,25,7,2020,7,23,2,8,1,1,1,3,10,50.0
390451,1,1,27,1,1,2,11,3,20,8,0,2,0,2,0,1,60,71,190,0,0,3,4,1,2,1,15,11,0,7,0,26,24,7,2020,6,13,2,12,1,1,1,1,1,33.33333333
390452,1,1,48,1,1,1,11,3,20,8,0,1,0,2,2,1,40,73,170,0,0,1,4,1,2,1,1,67,0,11,0,0,22,7,2020,4,14,2,12,2,3,1,1,1,33.33333333
390455,1,1,65,2,1,4,11,20,9,8,0,1,0,2,0,1,40,67,180,0,0,1,2,1,2,1,1,13,0,13,96,0,27,5,2020,4,17,2,59,1,1,4,1,10,100.0
390456,1,1,71,1,1,0,11,3,9,8,0,1,0,1,0,1,35,70,202,0,0,1,2,2,2,1,14,62,0,2,0,0,21,6,2020,1,21,2,12,1,1,1,3,10,50.0
390457,1,1,24,1,1,4,11,20,8,1,0,1,0,1,0,1,998,70,180,3,0,1,2,1,1,2,1,14,1,7,96,30,28,6,2020,1,4,2,43,1,1,4,4,1,100.0
390461,1,1,51,2,1,4,11,20,8,8,0,1,0,1,0,1,999,62,190,0,0,1,2,2,2,1,1,62,0,13,0,0,18,6,2020,5,19,2,12,1,1,1,1,1,50.0
390462,1,1,53,1,1,4,11,20,9,1,0,2,0,2,0,1,999,72,175,0,5,1,2,2,2,2,6,6,0,3,96,0,23,6,2020,3,10,2,38,1,1,4,1,10,50.0
390463,1,1,21,2,1,4,11,20,9,8,0,1,0,1,0,1,999,63,100,3,5,2,2,1,2,1,1,12,0,3,96,35,30,6,2020,3,15,2,12,1,1,1,1,1,40.0
390465,1,1,60,1,1,4,11,20,9,8,0,1,0,1,0,1,40,66,140,0,0,1,2,2,2,1,1,62,0,13,0,0,17,5,2020,1,14,2,12,1,1,1,1,10,25.0
390466,1,1,26,1,1,4,11,20,20,1,0,1,0,1,0,1,65,77,185,2,0,3,2,1,2,1,14,12,1,81,0,30,7,6,2020,1,22,2,1,5,1,8,3,1,100.0
390467,1,1,24,2,1,0,11,3,20,8,0,1,0,2,0,1,40,60,150,0,0,1,4,1,2,1,1,80,0,5,0,0,14,7,2020,3,15,2,8,1,1,1,1,1,50.0
390469,1,1,30,1,1,2,11,20,9,8,0,1,0,2,0,1,45,72,170,0,0,1,2,1,2,1,1,10,0,60,10,28,5,7,2020,1,15,2,12,1,1,1,1,1,33.33333333
390472,1,1,26,1,1,2,11,3,20,8,0,1,0,3,1,1,0,999,999,99,0,5,5,1,2,1,5,53,0,111,0,0,12,7,2020,1,12,2,12,1,1,1,1,1,50.0
390473,1,1,26,2,1,4,11,20,9,8,0,1,0,1,0,1,60,61,160,0,0,1,2,1,2,1,14,13,1,13,96,30,11,7,2020,7,0,2,35,1,1,4,2,1,100.0
390475,1,1,50,2,1,0,11,3,20,8,0,1,0,3,6,1,65,999,999,99,0,3,3,1,2,1,1,50,0,66,0,0,16,6,2020,3,4,2,12,18,1,1,2,1,33.33333333
390476,1,1,42,1,1,0,11,3,9,8,0,1,0,1,0,1,6,74,300,3,0,6,3,2,2,1,11,15,0,13,0,38,30,5,2020,7,16,2,12,5,1,1,1,10,50.0
390477,1,1,41,1,1,3,11,3,9,8,0,1,0,1,0,1,40,71,300,4,0,1,2,1,1,1,1,60,0,13,6,0,23,5,2020,7,21,2,12,3,2,1,3,1,50.0
390479,1,1,15,1,1,3,11,3,9,8,0,5,0,2,0,1,999,70,155,0,0,2,2,1,2,1,1,62,0,13,0,73,26,5,2020,3,14,2,12,2,3,1,1,1,16.66666667
390485,1,1,46,1,1,0,11,3,20,8,0,1,0,2,0,1,35,68,220,0,0,1,2,2,2,1,1,80,1,7,0,0,19,7,2020,1,1,2,8,1,1,1,2,1,50.0
390493,1,1,998,8,1,0,11,99,99,8,0,99,1,9,99,1,25,999,999,99,4,2,3,2,2,2,1,51,0,999,96,26,4,6,2020,5,16,2,12,1,1,1,1,2,20.0
390495,1,1,27,1,1,4,11,20,20,8,0,1,0,2,0,1,998,70,230,0,0,1,4,1,3,1,1,62,0,80,0,0,20,6,2020,7,18,2,12,2,7,1,1,10,50.0
390500,1,1,86,1,1,4,11,3,20,8,0,2,0,1,0,1,999,71,185,0,0,1,2,1,2,2,11,53,0,60,0,38,18,6,2020,5,13,2,12,2,3,1,1,2,33.33333333
390503,1,1,32,1,1,4,11,20,20,8,0,1,0,2,0,1,75,69,239,0,4,2,2,1,1,1,1,51,0,82,0,26,16,6,2020,3,16,2,1,1,1,4,1,1,100.0
390506,1,1,18,1,1,4,11,20,20,8,0,1,0,1,0,1,998,70,155,0,4,1,2,1,2,1,1,9,0,60,96,0,30,6,2020,3,5,2,30,3,3,4,4,1,100.0
390508,1,1,71,1,1,4,11,20,20,8,0,2,0,1,0,1,999,70,999,0,0,3,3,1,2,1,15,90,0,81,0,27,16,6,2020,3,12,2,18,1,1,1,1,1,66.66666667
390509,1,1,39,1,1,4,11,99,20,8,0,2,0,1,0,1,999,71,215,3,0,1,2,1,2,1,1,91,0,60,96,39,7,6,2020,1,13,2,18,6,1,1,1,10,100.0
390511,1,1,69,1,1,3,11,20,20,8,0,2,0,2,0,1,75,75,230,1,4,3,3,1,2,1,1,13,0,81,0,0,23,6,2020,3,20,2,34,1,1,4,1,1,50.0
390512,1,1,20,1,1,1,11,20,20,1,0,4,0,2,0,1,100,69,140,0,4,1,5,1,2,1,1,10,1,13,0,999,25,6,2020,5,15,2,33,1,1,4,1,10,25.0
390513,2,1,65,1,1,4,11,3,20,8,0,1,0,1,0,1,60,70,250,0,0,2,3,1,2,2,1,50,0,60,0,38,27,6,2020,7,5,2,14,18,1,1,3,2,50.0