ST_CASE,VEH_NO,PER_NO,AGE,SEX,PER_TYP,INJ_SEV,SEAT_POS,REST_USE,AIR_BAG,DRUGS,LOCATION,NUMOCCS,HIT_RUN,OWNER,V_CONFIG,HAZ_INV,TRAV_SP,DR_HGT,DR_WGT,PREV_SPD,SPEEDREL,VTRAFWAY,VNUM_LAN,VPROFILE,VPAVETYP,VSURCOND,P_CRASH1,P_CRASH2,DR_DRINK,VPICBODYCLASS,DRDISTRACT,DRIVERRF,DAY,MONTH,YEAR,DAY_WEEK,HOUR,RUR_URB,HARM_EV,RELJCT2,TYP_INT,REL_ROAD,LGT_COND,WEATHER,Fatality Rate (%)
390759,1,1,51,2,1,4,11,3,9,8,0,2,0,1,0,1,999,68,150,0,0,5,5,1,2,1,1,13,0,7,0,36,8,6,2020,2,13,2,31,1,1,4,1,10,50.0
390760,1,1,38,1,1,4,11,99,20,1,0,1,0,2,0,1,999,69,170,1,4,1,4,1,2,1,1,51,1,7,96,36,23,9,2020,4,19,2,12,3,3,1,3,1,50.0
390761,1,1,60,1,1,4,11,20,20,8,0,1,0,1,0,1,35,78,280,1,0,2,2,1,2,1,1,12,1,81,0,30,24,9,2020,5,23,2,33,3,6,4,3,1,100.0
390762,1,1,39,1,1,0,11,3,20,8,0,1,0,1,0,1,50,69,172,0,0,3,2,2,2,1,1,83,0,2,0,0,14,9,2020,2,16,2,9,2,2,1,1,1,50.0
390767,1,1,65,1,1,4,11,3,9,8,0,1,0,1,0,1,999,70,180,1,0,1,2,1,2,1,12,21,0,7,0,38,21,6,2020,1,9,2,12,3,3,1,1,1,33.33333333
390768,1,1,24,1,1,4,11,20,20,8,0,1,0,2,0,1,999,74,210,1,0,1,2,1,2,1,1,62,0,94,96,999,9,8,2020,1,19,2,12,2,3,1,1,10,33.33333333
390770,1,1,42,1,1,4,11,20,9,8,0,1,0,2,0,1,999,77,300,0,0,2,2,1,2,1,98,12,0,7,96,30,28,8,2020,6,22,2,59,1,1,3,3,10,100.0
390772,1,1,998,8,1,9,11,99,98,8,0,99,1,9,99,1,999,999,999,99,0,1,2,1,2,1,99,80,0,999,96,999,27,9,2020,1,20,2,8,1,1,1,2,1,50.0
390773,1,1,53,1,1,0,11,99,20,8,0,99,1,2,0,1,25,76,185,0,0,1,2,1,2,1,1,84,1,60,0,0,29,8,2020,7,20,2,9,2,2,1,3,1,50.0
390775,1,1,59,1,1,4,11,20,8,8,0,1,0,1,0,1,998,66,180,0,0,1,2,1,2,1,1,53,0,60,0,0,16,9,2020,4,9,2,12,3,3,1,1,1,50.0
390776,1,1,76,2,1,4,11,3,8,8,0,2,0,1,0,1,999,58,215,0,0,3,2,2,2,1,1,12,0,7,96,30,16,9,2020,4,15,2,14,1,1,3,1,10,50.0
390780,1,1,34,1,1,4,11,20,20,8,0,2,0,1,0,1,999,69,200,0,4,1,2,1,2,1,14,13,1,94,0,0,26,9,2020,7,23,2,42,1,1,4,2,1,50.0
390781,1,1,31,2,1,0,11,3,9,8,0,1,0,2,0,1,29,71,185,1,0,1,2,1,2,1,6,10,0,2,0,27,18,9,2020,6,12,2,12,1,1,1,1,1,50.0
390782,1,1,46,1,1,4,11,98,99,8,0,1,0,1,0,1,65,74,260,0,0,3,4,1,2,1,1,98,0,60,0,0,14,9,2020,2,8,2,12,1,1,1,1,1,50.0
390783,1,1,59,1,1,4,11,20,9,1,0,1,0,1,0,1,25,69,283,0,0,5,6,1,2,1,1,70,0,7,0,39,29,8,2020,7,12,2,30,8,1,4,1,10,100.0
390784,1,1,57,1,1,0,11,3,20,8,0,1,0,1,0,1,45,67,172,0,0,1,7,1,2,1,1,80,0,60,0,0,5,10,2020,2,20,2,8,1,1,1,2,1,50.0
390785,1,1,40,1,1,0,11,20,20,8,0,1,0,3,6,1,45,999,999,1,0,1,2,2,2,1,1,10,0,66,0,28,29,9,2020,3,11,2,12,1,1,1,1,10,25.0
390786,1,1,51,1,1,4,11,20,20,8,0,1,0,1,0,1,998,70,190,0,4,1,4,2,2,1,14,10,0,94,0,0,3,10,2020,7,17,2,12,1,1,1,1,1,33.33333333
390788,1,1,38,1,1,0,11,3,20,8,0,1,0,3,1,1,5,71,200,0,0,6,1,1,2,1,4,19,0,11,0,6,24,9,2020,5,8,2,59,5,1,4,1,10,50.0
390791,1,1,56,2,1,4,11,3,8,8,0,1,0,1,0,1,5,72,235,0,0,1,2,1,2,1,11,15,0,13,0,38,6,9,2020,1,19,2,12,2,3,1,2,10,50.0
390792,1,1,26,2,1,4,11,20,8,8,0,3,0,1,0,1,90,63,139,0,3,1,4,1,2,1,1,6,1,13,96,0,2,9,2020,4,3,2,33,1,1,4,2,1,33.33333333
390793,2,1,57,1,1,4,11,20,8,8,0,1,0,3,0,1,54,69,270,0,0,3,3,2,2,1,14,13,0,7,96,0,9,9,2020,4,16,2,26,1,1,4,1,1,50.0
390794,1,1,31,1,1,4,11,20,20,8,0,2,0,2,0,1,100,66,150,0,0,5,6,1,2,1,1,13,1,1,0,0,24,7,2020,6,2,2,30,3,2,4,3,1,50.0
390795,1,1,51,1,1,4,11,20,20,8,0,1,0,1,0,1,999,71,195,0,0,6,1,2,2,1,14,12,1,94,96,30,26,9,2020,7,18,2,1,5,1,8,1,1,100.0
390798,1,1,26,1,1,4,11,20,20,8,0,1,0,1,0,1,999,68,152,1,0,1,2,1,2,1,14,13,1,82,96,0,24,9,2020,5,5,2,32,1,1,4,2,1,100.0
390800,1,1,58,1,1,4,11,20,20,8,0,1,0,1,0,1,998,67,130,1,4,1,2,1,2,2,14,13,1,81,96,6,30,8,2020,1,22,2,1,3,3,4,6,1,100.0
390801,1,1,85,1,1,4,11,3,9,8,0,1,0,1,0,1,40,74,170,0,0,1,4,1,2,2,1,10,0,13,0,28,1,8,2020,7,15,2,12,1,1,1,1,2,50.0
390803,1,1,35,2,1,4,13,20,20,8,0,1,0,3,1,1,60,67,195,1,0,3,5,1,2,1,15,11,0,11,96,27,26,9,2020,7,7,2,12,18,1,1,4,1,50.0
390804,1,1,49,2,1,4,11,20,8,8,0,1,0,1,0,1,998,66,130,0,0,1,2,2,2,1,1,10,1,13,96,27,21,9,2020,2,18,2,12,1,1,1,1,1,50.0
390805,1,1,50,1,1,3,11,20,9,8,0,1,0,1,0,1,999,70,230,0,0,5,3,1,2,1,1,17,1,60,96,39,27,9,2020,1,9,2,12,2,2,1,1,1,50.0
390808,1,1,51,1,1,2,11,3,20,8,0,1,0,3,1,1,55,73,200,4,0,2,2,1,2,1,1,1,0,11,0,80,25,9,2020,6,13,2,12,1,1,1,1,1,11.11111111
390809,1,1,39,1,1,4,11,20,20,8,0,1,0,2,0,1,998,73,180,2,0,1,2,1,2,1,6,13,1,60,96,30,25,9,2020,6,18,2,1,1,1,4,5,10,100.0
390810,1,1,32,1,1,4,11,20,8,1,0,1,0,1,0,1,999,68,165,0,0,1,2,1,2,1,1,10,1,3,0,27,27,9,2020,1,17,2,12,1,1,1,1,1,50.0
390813,1,1,63,1,1,0,11,3,20,8,0,1,0,1,0,1,40,71,200,0,0,5,5,1,2,1,1,80,0,13,0,0,26,9,2020,7,6,2,8,1,1,1,2,10,50.0
390814,1,1,24,1,1,3,11,20,8,1,0,1,0,1,0,1,999,73,220,0,4,1,2,1,2,1,1,12,1,13,0,58,23,9,2020,4,21,2,19,1,1,5,2,1,50.0
390815,1,1,57,1,1,0,11,99,9,8,0,2,0,1,0,1,998,66,170,1,0,1,5,1,2,1,11,17,0,7,0,38,31,8,2020,2,20,2,12,2,2,1,3,1,33.33333333
390818,1,1,25,1,1,3,11,20,9,8,0,1,0,1,0,1,999,72,220,2,0,1,2,1,2,2,1,10,1,60,96,28,29,9,2020,3,1,2,12,1,1,1,2,10,50.0
390819,1,1,35,1,1,4,11,20,20,8,0,1,0,1,0,1,998,66,140,0,4,1,2,1,1,1,11,6,0,80,96,6,7,10,2020,4,14,2,33,3,3,4,1,1,100.0
390821,2,1,999,9,1,0,11,99,99,8,0,1,1,9,99,1,55,999,999,99,0,6,1,1,2,1,1,98,0,999,0,999,12,9,2020,7,22,2,14,20,1,1,3,1,50.0
390822,1,1,28,2,1,4,11,99,20,8,0,1,0,1,0,1,999,61,135,0,4,1,2,2,2,1,1,12,1,13,96,0,27,9,2020,1,22,2,42,1,1,4,2,1,100.0
390823,1,1,46,1,1,0,11,3,9,8,0,1,0,1,0,1,65,68,170,0,0,2,2,2,1,1,1,8,0,60,0,80,24,9,2020,5,20,2,24,1,1,4,2,1,33.33333333
390824,1,1,29,1,1,0,11,98,20,8,0,3,0,1,0,1,999,70,250,2,0,1,2,1,2,1,1,13,0,13,0,30,14,10,2020,4,1,2,33,1,1,4,3,1,33.33333333
390825,1,1,36,1,1,4,11,20,20,1,0,1,0,1,0,1,998,68,185,1,0,1,2,1,2,98,1,14,0,81,96,39,29,7,2020,4,19,2,35,3,3,4,8,98,100.0
390826,1,1,28,2,1,3,11,20,8,8,0,1,0,1,0,1,998,68,135,1,0,1,4,1,2,1,1,10,0,13,96,27,16,10,2020,6,23,2,12,1,1,1,3,1,50.0
390827,1,1,43,1,1,0,11,98,20,8,0,1,0,1,0,1,15,68,230,1,0,1,2,1,2,1,11,15,0,13,0,48,2,10,2020,6,14,2,12,2,3,1,1,10,50.0
390828,1,1,29,1,1,4,11,3,20,8,0,1,0,2,0,1,55,75,155,1,0,3,4,1,2,1,15,11,1,3,96,27,4,10,2020,1,6,2,12,1,1,1,3,10,25.0
390833,1,1,24,2,1,0,11,3,8,8,0,4,0,2,0,1,25,61,140,0,0,2,3,1,2,1,11,15,0,13,96,38,8,10,2020,5,20,2,12,2,2,1,3,1,12.5
390834,1,1,35,1,1,4,11,20,8,8,0,1,0,1,0,1,60,69,196,2,0,3,3,1,2,1,14,13,0,13,96,0,12,10,2020,2,0,2,1,1,1,4,3,1,100.0
390835,1,1,38,1,1,0,11,98,20,8,0,1,1,2,0,1,998,74,195,0,0,2,3,1,2,1,1,80,1,13,0,60,15,10,2020,5,14,2,8,1,1,1,1,10,50.0
390836,1,1,27,1,1,4,11,20,9,1,0,1,0,1,0,1,998,75,175,0,0,1,3,1,2,2,14,10,0,13,0,28,15,10,2020,5,18,2,12,1,1,1,3,2,33.33333333
390837,1,1,28,1,1,0,11,3,8,8,0,1,0,1,0,1,998,71,225,3,0,1,4,1,2,1,1,17,0,13,12,0,15,10,2020,5,10,2,12,2,3,1,1,10,33.33333333
390838,1,1,61,1,1,0,11,3,20,8,0,1,0,1,0,1,35,70,200,0,0,5,5,1,2,2,1,80,0,60,96,0,15,10,2020,5,20,2,8,1,1,1,2,10,50.0
390839,1,1,55,1,1,4,11,20,8,8,0,1,0,1,0,1,999,71,200,2,0,1,2,1,2,1,1,13,1,13,96,39,2,10,2020,6,20,2,33,3,3,4,2,10,100.0
390848,1,1,998,8,1,0,11,98,99,8,0,1,1,9,99,1,998,999,999,99,0,1,4,1,2,1,1,80,0,999,96,38,26,9,2020,7,0,2,8,3,2,1,6,1,50.0
390850,1,1,32,1,1,4,11,20,20,8,0,1,0,1,0,1,999,71,165,0,0,1,2,2,2,1,6,11,1,81,0,34,26,9,2020,7,18,2,12,2,3,1,1,1,20.0
390853,1,1,29,1,1,0,11,3,20,0,0,2,0,1,0,1,15,67,210,0,0,5,5,1,2,1,11,15,0,60,96,38,9,10,2020,6,4,2,12,8,1,1,3,10,33.33333333
390855,1,1,998,8,1,0,11,99,99,8,0,99,1,9,99,1,999,999,999,99,9,1,2,1,4,1,99,82,0,999,96,999,12,10,2020,2,0,2,8,1,1,1,2,1,50.0
390860,1,1,51,1,1,4,11,20,9,8,0,1,0,3,0,1,80,74,232,0,0,1,2,1,2,1,1,12,0,5,0,0,15,10,2020,5,6,2,42,1,1,4,3,1,100.0
390862,1,1,85,1,1,4,11,20,9,8,0,1,0,1,0,1,25,72,135,0,0,1,2,1,1,2,1,13,0,13,96,0,19,10,2020,2,8,2,42,3,3,4,1,2,100.0
390864,1,1,89,1,1,4,11,20,99,8,0,1,0,1,0,1,998,72,200,0,4,6,2,2,2,1,14,13,0,13,0,0,18,10,2020,1,18,2,24,19,1,8,3,10,100.0
390865,1,1,61,1,1,4,11,98,9,8,0,1,0,1,0,1,55,71,200,0,5,1,4,2,2,1,1,6,1,7,96,0,21,10,2020,4,20,2,21,1,1,4,3,10,100.0
390871,1,1,33,1,1,4,11,20,20,8,0,1,0,2,0,1,998,69,235,0,0,3,3,1,2,1,1,98,0,2,0,51,6,10,2020,3,4,2,25,1,1,3,3,1,33.33333333
390872,1,1,53,1,1,0,11,3,20,8,0,1,0,3,2,1,0,73,210,0,0,1,4,1,2,1,5,53,0,11,0,0,9,10,2020,6,10,2,12,1,1,1,1,1,33.33333333
390876,1,1,46,1,1,2,11,3,8,8,0,2,0,1,0,1,19,76,225,0,0,1,2,1,2,1,11,15,0,13,0,38,3,10,2020,7,14,2,12,2,3,1,1,10,33.33333333
390878,1,1,78,1,1,0,11,3,20,8,0,1,0,1,0,1,60,68,200,1,0,3,5,1,1,1,1,80,0,13,0,0,11,9,2020,6,14,2,8,1,1,1,1,1,50.0
390879,1,1,51,1,1,4,11,20,20,8,0,1,0,1,0,1,71,73,225,0,3,5,5,1,2,1,1,17,0,94,96,27,12,9,2020,7,14,2,12,2,3,1,1,1,50.0
390880,1,1,24,1,1,4,11,20,20,8,0,1,0,1,0,1,35,72,160,3,0,1,3,2,2,1,1,5,1,81,0,82,19,9,2020,7,6,2,59,1,1,4,3,1,100.0
390881,1,1,18,1,1,1,11,3,20,8,0,1,0,1,0,1,998,71,167,0,0,1,4,2,2,1,1,13,0,60,0,30,30,8,2020,1,22,2,8,1,1,4,3,1,25.0
390883,1,1,998,8,1,9,11,98,98,8,0,99,1,9,99,1,999,999,999,99,0,5,7,1,2,2,1,80,0,999,96,0,20,10,2020,3,20,2,8,3,2,1,2,10,20.0
390884,1,1,79,2,1,1,11,3,20,8,0,1,0,1,0,1,35,64,115,0,0,5,5,1,2,1,1,60,0,13,0,0,13,10,2020,3,10,2,12,1,1,1,1,1,33.33333333
390885,1,1,49,2,1,4,11,3,9,8,0,2,0,1,0,1,30,63,347,0,0,5,5,1,2,1,1,60,0,7,0,0,22,10,2020,5,14,2,12,2,2,1,1,1,25.0
390886,1,1,34,1,1,4,11,20,20,8,0,1,0,9,0,1,998,65,140,0,4,6,2,2,2,1,14,13,1,80,0,0,22,10,2020,5,22,2,23,5,1,4,3,1,100.0
390887,1,1,998,9,1,0,11,98,99,8,0,1,1,9,99,1,998,999,999,99,0,1,4,2,2,2,1,80,0,999,0,0,23,10,2020,6,20,2,8,1,1,1,3,10,50.0
390894,1,1,28,1,1,1,11,20,8,1,0,2,0,2,0,1,999,70,180,0,0,5,5,1,2,1,6,51,1,13,0,35,7,7,2020,3,19,2,12,1,1,1,1,1,20.0
390895,1,1,63,2,1,0,11,3,20,8,0,2,0,1,0,1,32,65,109,0,0,1,2,1,2,2,11,10,0,2,0,0,26,10,2020,2,17,2,7,8,1,4,1,2,33.33333333
390896,1,1,22,1,1,4,11,98,8,8,0,4,0,1,0,1,65,74,182,0,0,1,4,1,1,2,1,13,0,13,96,30,27,10,2020,3,20,2,30,1,1,4,3,2,25.0
390897,1,1,74,2,1,4,11,20,8,9,0,1,0,1,0,1,16,66,276,0,0,3,2,1,2,1,11,15,0,7,0,38,5,10,2020,2,15,2,12,2,2,1,1,1,33.33333333
390901,1,1,36,2,1,1,11,3,9,8,0,1,0,1,0,1,15,61,170,0,0,1,2,2,2,1,11,15,0,2,0,48,23,10,2020,6,9,2,12,2,7,1,1,1,50.0
390902,1,1,25,1,1,0,11,99,20,8,0,99,1,3,5,1,38,71,160,3,0,1,2,2,2,1,11,17,0,66,96,38,24,10,2020,7,19,2,12,2,3,1,2,1,50.0
390903,1,1,55,1,1,0,11,3,20,8,0,1,0,1,0,1,40,73,175,1,0,5,5,1,2,1,1,80,0,7,0,0,30,10,2020,6,18,2,8,1,1,1,5,10,50.0
390905,1,1,42,1,1,0,11,3,9,8,0,1,0,1,1,1,998,73,180,1,0,3,3,1,2,1,1,80,0,74,0,0,25,10,2020,1,0,2,8,18,1,1,3,1,33.33333333
390906,1,1,30,1,1,4,11,99,9,1,0,2,0,2,0,1,998,72,160,2,4,1,2,2,2,1,1,12,0,60,96,6,1,11,2020,1,14,2,31,1,1,4,1,1,50.0
390907,1,1,26,1,1,4,11,99,20,8,0,1,0,2,0,1,999,73,190,0,0,1,2,1,2,2,1,91,1,60,0,0,1,11,2020,1,11,2,43,1,1,1,1,10,33.33333333
390909,1,1,22,1,1,0,11,99,20,8,0,99,1,9,0,1,998,999,999,99,9,1,2,1,2,1,1,99,1,13,96,26,1,11,2020,1,6,2,9,1,1,1,3,1,50.0
390910,1,1,24,1,1,0,11,99,20,8,0,1,0,1,0,1,999,72,210,0,0,2,3,1,2,1,1,80,0,60,96,0,3,11,2020,3,6,2,8,1,1,1,2,1,50.0
390912,1,1,78,2,1,4,11,3,9,8,0,2,0,1,0,1,999,63,152,0,0,1,2,8,2,1,14,17,0,13,96,38,22,10,2020,5,14,2,12,2,2,1,1,1,50.0
390916,1,1,998,8,1,9,11,98,98,8,0,1,1,9,99,1,998,999,999,99,0,1,2,1,2,1,1,80,0,999,96,0,31,10,2020,7,20,2,8,3,2,1,3,1,50.0
390918,1,1,20,1,1,4,11,20,20,8,0,1,0,1,0,1,999,75,200,1,0,1,2,1,2,1,6,10,0,13,96,35,31,10,2020,7,16,2,12,1,1,1,1,1,16.66666667
390921,1,1,35,1,1,4,11,20,20,8,0,2,0,1,0,1,65,73,215,0,5,2,2,1,2,1,6,6,1,94,0,0,23,9,2020,4,23,2,26,3,2,3,2,1,100.0
390922,1,1,78,1,1,0,11,20,20,8,0,1,0,1,0,1,5,68,270,0,0,1,2,1,2,2,1,80,0,7,0,0,28,10,2020,4,7,2,8,8,1,5,2,2,50.0
390924,1,1,42,1,1,4,11,3,8,8,0,1,0,3,0,1,42,72,200,0,5,1,3,1,2,1,1,17,0,13,0,39,8,10,2020,5,18,2,12,2,2,1,1,1,20.0
390925,1,1,28,1,1,4,11,20,9,8,0,1,0,2,0,1,60,72,275,0,0,2,2,2,2,1,14,6,0,13,0,6,10,11,2020,3,19,2,39,1,1,5,2,1,100.0
390926,1,1,24,1,1,0,11,3,20,8,0,99,1,1,0,1,45,68,150,5,0,1,6,2,2,1,1,80,0,13,0,0,11,11,2020,4,19,2,8,3,4,1,3,1,50.0
390928,1,1,59,1,1,2,11,3,20,8,0,2,0,1,19,1,60,70,160,0,0,2,2,1,2,1,1,13,0,78,0,6,3,11,2020,3,21,2,35,1,1,4,2,1,50.0
390932,1,1,53,1,1,4,11,20,20,8,0,1,0,2,0,1,999,70,225,0,0,4,2,1,2,1,15,12,0,13,0,30,13,11,2020,6,7,2,30,1,1,4,1,1,100.0
390935,1,1,54,2,1,2,11,3,8,8,0,2,0,2,0,1,35,69,234,0,0,1,2,1,2,1,1,62,0,7,0,0,9,10,2020,6,17,2,12,3,3,1,1,1,25.0
390936,1,1,45,2,1,4,11,20,9,8,0,2,0,1,0,1,998,67,135,0,0,2,1,2,2,2,1,12,1,13,96,0,21,6,2020,1,23,2,33,1,1,4,3,2,50.0
390937,1,1,60,1,1,0,11,99,20,8,0,1,1,3,6,1,31,70,999,0,0,1,5,1,2,1,1,19,0,66,96,0,28,7,2020,3,9,2,9,8,1,2,1,1,50.0
390940,1,1,50,1,1,4,11,3,9,8,0,2,0,1,0,1,15,999,999,0,0,1,5,1,2,1,11,15,1,13,0,0,15,11,2020,1,16,2,12,2,3,1,1,1,50.0
390941,1,1,59,1,1,0,11,3,20,8,0,1,0,1,0,1,998,73,245,0,0,1,2,1,2,1,13,20,1,7,0,31,14,11,2020,7,22,2,14,1,1,1,2,1,50.0
390942,1,1,998,8,1,9,11,99,98,8,0,99,1,9,99,1,999,999,999,99,9,1,5,1,2,1,1,83,0,999,96,39,17,11,2020,3,22,2,9,2,2,1,3,1,50.0
390943,1,1,81,2,1,1,11,3,9,8,0,1,0,1,0,1,999,61,153,1,0,1,4,8,1,1,11,15,0,7,0,38,10,11,2020,3,16,2,12,2,3,1,1,1,50.0
390945,1,1,17,1,1,3,11,3,20,8,0,2,0,2,0,1,999,48,70,2,5,1,2,1,2,1,6,6,1,3,0,0,16,11,2020,2,21,2,1,1,1,4,3,1,50.0
390949,1,1,21,2,1,4,11,20,9,8,0,1,0,2,0,1,999,63,120,2,4,3,3,1,2,1,1,13,0,13,96,27,5,11,2020,5,20,2,24,19,1,4,3,10,100.0
390953,1,1,14,1,1,2,11,98,20,8,0,1,0,2,0,1,998,999,999,99,0,1,2,1,2,1,13,80,0,1,12,31,18,11,2020,4,15,2,8,8,1,1,1,1,33.33333333
390954,1,1,18,1,1,0,11,20,20,8,0,4,0,2,0,1,55,74,160,0,0,1,2,6,2,1,1,80,0,13,12,6,16,7,2020,5,21,2,8,1,1,1,5,1,20.0
390955,1,1,54,2,1,4,11,20,9,8,0,1,0,1,0,1,998,61,135,0,4,1,2,2,2,2,14,6,0,7,0,27,19,10,2020,2,19,2,12,1,1,1,2,2,25.0
390956,1,1,32,1,1,4,11,98,99,8,0,2,0,2,0,1,999,67,170,0,5,1,2,2,2,1,14,6,1,7,96,0,23,9,2020,4,0,2,39,5,1,4,3,1,100.0
390957,1,1,24,2,1,1,11,3,9,8,0,3,0,1,0,1,50,69,150,3,0,1,2,1,2,1,1,10,0,13,0,27,8,11,2020,1,18,2,12,1,1,1,2,1,20.0
390959,1,1,40,1,1,4,11,20,20,1,0,1,0,1,0,1,35,73,200,0,0,3,2,1,1,1,1,12,1,60,96,30,18,7,2020,7,5,2,25,3,2,3,3,1,100.0
390960,1,1,40,2,1,0,11,3,20,8,0,1,0,1,0,1,50,63,200,1,0,1,2,1,2,1,1,83,0,7,12,26,29,8,2020,7,19,2,9,1,1,1,1,1,50.0
390962,1,1,22,2,1,3,11,3,8,8,0,2,0,2,0,1,998,69,170,1,9,3,2,1,2,1,14,6,1,7,0,60,1,7,2020,4,2,2,25,1,1,3,3,1,50.0
390963,1,1,90,2,1,4,11,3,8,8,0,1,0,1,0,1,998,62,120,0,0,1,3,2,2,1,11,15,0,13,0,38,7,9,2020,2,19,2,12,2,2,1,5,1,50.0
390964,1,1,89,1,1,4,11,20,9,8,0,1,0,1,0,1,30,68,230,0,0,1,2,1,1,1,1,12,0,13,0,999,14,9,2020,2,16,2,42,1,1,4,1,1,100.0
390965,1,1,33,1,1,4,11,20,20,8,0,1,0,1,0,1,100,71,170,5,3,3,4,1,2,2,1,51,1,98,96,26,13,9,2020,1,1,2,12,1,1,1,3,2,50.0
390966,1,1,20,2,1,4,11,20,9,8,0,2,0,1,0,1,999,63,156,0,4,1,5,1,2,1,1,6,1,13,96,58,8,10,2020,5,23,2,33,3,3,4,3,1,50.0
390967,1,1,22,1,1,2,11,20,20,1,0,2,0,1,0,1,30,72,270,2,0,1,5,1,2,1,1,13,0,1,96,0,10,11,2020,3,20,2,33,1,1,4,3,1,50.0
390968,1,1,95,1,1,4,11,20,9,8,0,1,0,1,0,1,999,73,195,0,0,1,6,2,2,1,1,50,0,13,0,26,7,11,2020,7,9,2,12,8,1,1,1,10,50.0
390969,1,1,24,1,1,0,11,3,20,8,0,1,0,1,1,1,45,69,168,2,0,1,5,2,2,1,1,80,0,60,0,0,9,11,2020,2,21,2,8,1,1,1,2,1,50.0
390970,1,1,56,1,1,0,11,3,20,8,0,1,0,1,0,1,15,69,178,0,0,1,3,1,2,2,11,80,0,13,0,38,14,11,2020,7,22,2,8,2,2,1,3,2,33.33333333
390974,1,1,39,1,1,2,11,2,9,8,0,1,0,1,0,1,998,67,170,1,0,3,3,1,1,1,1,50,0,60,0,26,21,11,2020,7,19,2,12,1,1,1,3,10,20.0
390976,1,1,75,1,1,4,11,3,8,8,0,2,0,1,0,1,30,70,200,0,0,3,3,1,2,2,1,17,0,7,0,39,22,11,2020,1,10,2,12,2,2,1,1,2,66.66666667
390977,1,1,27,1,1,4,11,20,8,8,0,1,0,2,0,1,998,73,320,0,9,5,5,2,2,1,1,9,0,13,96,27,23,11,2020,2,14,2,12,1,1,1,1,1,50.0
390978,1,1,30,1,1,4,11,20,20,8,0,1,0,1,0,1,55,68,133,1,0,1,2,1,2,1,1,8,1,60,96,58,22,11,2020,1,20,2,43,1,1,4,3,1,100.0
390979,1,1,27,1,1,4,11,20,20,8,0,1,0,1,0,1,999,69,145,1,4,1,2,2,2,3,14,6,1,13,96,0,30,11,2020,2,20,2,34,1,1,4,2,4,100.0
390981,1,1,31,1,1,3,11,20,9,8,0,2,0,2,0,1,998,64,130,0,4,1,3,1,2,2,14,6,0,13,0,0,22,11,2020,1,18,2,12,1,1,1,5,10,25.0
390990,1,1,32,1,1,2,11,3,20,8,0,1,0,1,0,1,35,70,180,0,0,1,4,1,2,1,1,62,0,60,0,0,3,12,2020,5,8,2,12,1,1,1,1,10,50.0
390993,1,1,23,1,1,0,11,3,8,8,0,1,0,1,0,1,50,68,131,1,0,1,3,2,2,1,1,66,0,13,0,0,2,12,2020,4,14,2,12,2,2,1,1,1,20.0
390994,1,1,35,2,1,4,11,20,9,8,0,1,0,2,0,1,998,64,180,1,4,1,2,2,2,1,1,6,0,5,96,0,11,10,2020,1,6,2,59,3,3,4,3,5,100.0
390995,1,1,998,8,1,0,11,98,9,8,0,1,1,9,0,1,998,999,999,99,0,1,4,2,2,1,1,51,0,7,96,26,23,8,2020,1,2,2,12,1,1,1,3,1,33.33333333
390996,1,1,24,1,1,0,11,3,9,8,0,1,0,1,0,1,998,69,165,0,0,1,2,1,8,1,11,15,0,13,0,0,29,7,2020,4,22,2,12,2,3,1,3,1,50.0
390999,1,1,55,1,1,4,11,20,20,1,0,1,0,1,0,1,998,72,185,2,0,1,2,2,2,1,14,13,1,81,96,30,29,11,2020,1,17,2,33,1,1,4,2,10,100.0
391000,1,1,26,1,1,2,11,3,9,8,0,2,0,2,0,1,55,71,175,0,0,1,4,1,2,1,1,62,0,13,0,39,19,11,2020,5,19,2,12,2,2,1,3,1,33.33333333
391001,1,1,35,1,1,4,11,3,20,8,0,2,0,1,0,1,90,71,140,0,5,1,2,1,2,1,1,13,1,3,0,0,4,12,2020,6,21,2,42,1,1,4,3,10,50.0
391003,1,1,18,1,1,0,11,3,20,8,0,1,1,2,0,1,65,74,165,0,0,3,3,2,2,1,15,80,0,7,0,0,9,11,2020,2,23,2,8,1,1,1,2,1,50.0
391004,1,1,70,1,1,4,11,20,8,8,0,1,0,1,0,1,45,68,165,0,4,1,3,1,2,1,1,12,0,3,96,0,8,12,2020,3,13,2,42,1,1,4,1,1,100.0
391005,1,1,53,1,1,3,11,98,20,1,0,1,0,1,0,1,60,73,220,0,0,2,2,2,2,1,1,12,1,60,0,30,18,11,2020,4,11,2,38,1,1,4,1,1,50.0
391006,1,1,72,1,1,4,11,99,9,8,0,1,0,1,0,1,35,70,300,0,0,5,3,2,2,2,1,13,0,5,0,999,3,12,2020,5,15,2,59,1,1,4,1,10,100.0
391008,1,1,35,2,1,0,11,3,9,8,0,5,0,1,0,1,45,63,140,1,0,1,4,1,2,1,1,80,0,13,0,0,8,12,2020,3,18,2,8,1,1,1,2,1,16.66666667
391010,1,1,52,2,1,4,11,20,20,8,0,1,0,2,0,1,999,64,240,0,0,1,2,1,2,1,1,13,0,7,96,30,5,11,2020,5,9,2,42,1,1,4,1,1,100.0
391012,1,1,53,2,1,4,11,3,8,8,0,1,0,1,0,1,999,64,200,0,0,1,2,2,2,1,1,62,0,7,96,0,2,12,2020,4,14,2,12,1,1,1,1,1,100.0