ST_CASE,VEH_NO,PER_NO,AGE,SEX,PER_TYP,INJ_SEV,SEAT_POS,REST_USE,AIR_BAG,DRUGS,LOCATION,NUMOCCS,HIT_RUN,OWNER,V_CONFIG,HAZ_INV,TRAV_SP,DR_HGT,DR_WGT,PREV_SPD,SPEEDREL,VTRAFWAY,VNUM_LAN,VPROFILE,VPAVETYP,VSURCOND,P_CRASH1,P_CRASH2,DR_DRINK,VPICBODYCLASS,DRDISTRACT,DRIVERRF,DAY,MONTH,YEAR,DAY_WEEK,HOUR,RUR_URB,HARM_EV,RELJCT2,TYP_INT,REL_ROAD,LGT_COND,WEATHER,Fatality Rate (%)
400083,1,1,51,1,1,4,11,20,20,8,0,1,0,1,0,1,998,71,195,0,0,3,3,1,1,1,1,13,1,98,0,0,6,3,2020,6,19,2,59,1,1,8,3,1,100.0
400084,1,1,38,2,1,1,11,3,20,0,0,8,0,1,0,1,998,64,160,0,0,3,3,1,2,1,15,11,0,7,0,0,7,3,2020,7,18,2,12,1,1,1,1,1,11.11111111
400085,1,1,51,2,1,4,11,3,8,0,0,3,0,2,0,1,998,63,145,0,3,3,5,1,2,2,14,6,0,13,99,0,8,3,2020,1,21,2,25,1,1,3,2,2,20.0
400088,1,1,52,1,1,4,11,20,20,1,0,1,0,1,0,1,998,999,999,0,4,1,2,1,2,1,14,6,1,94,99,0,12,3,2020,5,13,2,1,1,1,1,1,5,100.0
400089,1,1,36,1,1,0,11,3,20,0,0,3,0,1,0,1,998,65,167,0,0,1,4,1,2,1,11,15,0,7,0,48,14,3,2020,7,15,2,12,2,2,1,1,10,25.0
400092,1,1,19,2,1,4,11,3,8,8,0,2,0,1,0,1,998,67,110,0,0,1,4,6,2,1,1,13,0,7,99,0,1,1,2020,4,22,2,32,1,1,4,2,1,50.0
400096,1,1,49,1,1,0,11,3,20,0,0,3,0,1,0,1,998,68,140,1,0,1,2,1,1,2,10,16,0,60,0,0,27,1,2020,2,17,2,5,3,3,1,3,1,33.33333333
400101,1,1,72,1,1,4,11,3,1,0,0,1,0,1,0,1,998,71,140,0,0,3,2,1,1,1,1,54,0,60,99,51,17,3,2020,3,11,2,12,1,1,1,1,10,25.0
400104,1,1,16,1,1,4,11,20,20,0,0,1,0,2,0,1,998,70,130,2,4,1,4,1,1,1,1,17,0,80,99,0,24,3,2020,3,16,2,12,2,3,1,1,1,25.0
400105,1,1,49,2,1,4,11,20,1,8,0,1,0,2,0,1,998,64,135,0,0,1,2,1,1,1,1,13,1,7,99,999,4,3,2020,4,18,2,33,1,1,4,1,10,100.0
400108,1,1,20,1,1,4,11,20,20,8,0,1,0,1,0,1,998,68,155,0,3,2,2,1,2,1,14,98,0,80,99,0,27,3,2020,6,21,2,1,1,1,1,3,10,50.0
400109,1,1,33,2,1,4,11,20,20,1,0,1,0,2,0,1,998,63,115,1,5,3,3,4,2,1,14,12,0,80,99,0,3,4,2020,6,15,2,25,1,1,3,1,10,100.0
400112,1,1,18,2,1,0,11,3,20,0,0,1,0,2,0,1,998,67,140,0,0,2,2,1,2,1,1,80,0,8,0,0,25,3,2020,4,6,2,8,1,1,1,4,1,50.0
400119,1,1,51,1,1,4,11,20,20,8,0,1,0,2,0,1,998,70,175,0,0,2,2,1,2,1,1,12,1,60,0,0,7,4,2020,3,18,2,1,1,1,3,1,1,100.0
400121,1,1,19,1,1,0,11,3,8,0,0,2,0,1,0,1,998,70,150,2,3,3,2,1,1,1,1,66,0,60,99,0,28,3,2020,7,12,2,12,2,2,1,1,1,33.33333333
400127,1,1,50,1,1,0,11,3,20,0,0,1,0,1,0,1,998,65,180,1,0,1,4,1,2,2,1,80,0,60,0,0,31,3,2020,3,5,2,8,1,1,1,2,1,50.0
400128,1,1,62,1,1,1,11,3,20,0,0,2,0,3,6,1,998,73,400,0,0,2,2,1,2,1,1,66,0,66,0,0,31,3,2020,3,13,2,12,2,2,1,1,1,33.33333333
400130,1,1,47,1,1,4,11,20,20,8,0,1,0,1,0,1,998,72,180,0,0,2,2,3,1,99,14,12,1,81,99,999,20,2,2020,5,6,2,52,1,1,4,2,99,100.0
400133,1,1,33,1,1,3,11,20,1,1,0,1,0,2,0,1,998,74,190,0,0,1,2,1,2,1,1,10,1,7,99,28,8,4,2020,4,3,2,12,1,1,1,2,10,25.0
400137,1,1,59,1,1,4,11,20,1,0,0,1,0,1,0,1,998,68,180,0,4,3,3,1,2,1,1,13,0,60,99,0,20,4,2020,2,3,2,23,1,1,4,3,1,100.0
400138,1,1,57,1,1,4,11,3,1,0,0,1,0,1,0,1,998,72,235,0,0,1,2,1,2,1,1,13,0,2,12,0,20,4,2020,2,22,2,59,3,3,4,3,1,100.0
400142,1,1,64,2,1,4,11,20,8,8,0,1,0,1,0,1,998,64,140,1,0,3,2,1,1,1,14,13,1,7,99,0,27,4,2020,2,17,2,25,1,1,4,1,1,100.0
400143,1,1,22,1,1,0,11,3,20,0,0,2,0,1,0,1,998,74,160,1,0,2,2,1,2,1,11,15,0,60,3,6,28,4,2020,3,10,2,1,3,2,1,1,1,33.33333333
400151,1,1,45,1,1,4,11,99,20,8,0,1,0,3,0,1,998,72,270,0,0,1,4,1,1,1,11,15,1,60,0,38,8,4,2020,4,13,2,12,2,3,1,1,1,50.0
400157,1,1,72,2,1,4,11,20,8,8,0,1,0,1,0,1,998,62,275,0,0,1,4,1,2,1,14,10,0,7,99,28,30,4,2020,5,11,2,12,1,1,1,1,1,33.33333333
400164,1,1,33,1,1,3,11,3,1,1,0,3,0,1,0,1,998,64,145,0,5,1,4,1,1,1,1,17,0,13,99,39,11,5,2020,2,16,2,12,2,7,1,1,10,40.0
400166,1,1,43,1,1,4,11,20,20,8,0,1,0,3,0,1,998,69,185,1,0,3,2,1,2,1,1,1,0,60,0,80,22,5,2020,6,18,2,59,1,1,3,1,1,100.0
400167,1,1,20,1,1,0,11,3,20,8,0,2,0,3,0,1,998,73,171,0,5,1,2,1,2,1,11,15,0,3,99,38,22,5,2020,6,21,2,12,2,3,1,3,1,33.33333333
400175,1,1,53,1,1,3,11,3,20,8,0,1,0,1,0,1,998,68,200,0,0,1,4,1,2,2,15,9,1,60,0,28,25,5,2020,2,19,2,12,1,1,1,1,2,20.0
400177,1,1,43,2,1,4,11,20,8,1,0,2,0,2,0,1,998,60,135,0,0,3,3,1,1,2,1,13,0,13,0,0,24,4,2020,6,17,2,59,1,1,4,1,2,100.0
400178,1,1,40,1,1,2,11,20,1,1,0,1,0,3,0,1,998,69,180,0,0,6,1,1,2,1,1,12,0,60,0,0,29,4,2020,4,6,2,12,20,1,1,4,1,50.0
400179,1,1,45,2,1,4,11,20,1,0,0,1,0,2,0,1,998,66,160,0,0,2,2,1,2,1,11,15,0,3,99,38,4,5,2020,2,15,2,12,2,3,1,1,10,50.0
400187,1,1,20,1,1,2,11,3,1,8,0,4,0,2,0,1,998,68,150,0,0,1,4,1,2,1,1,12,0,13,0,0,18,1,2020,7,21,2,33,1,1,4,3,1,25.0
400188,1,1,57,1,1,0,11,3,20,8,0,1,0,1,0,1,998,68,175,0,0,1,4,6,1,1,1,10,1,60,99,28,3,2,2020,2,15,2,12,1,1,1,1,1,33.33333333
400189,1,1,21,1,1,9,11,99,20,8,0,1,1,2,0,1,998,74,190,1,0,2,4,1,2,1,1,80,0,13,99,0,9,3,2020,2,20,2,8,1,1,1,2,1,50.0
400190,1,1,47,1,1,0,11,3,20,8,0,1,1,1,0,1,998,72,165,0,0,3,2,6,2,2,1,80,1,60,92,0,21,3,2020,7,22,2,8,3,2,1,3,2,50.0
400192,1,1,22,1,1,2,11,20,9,8,0,3,0,1,0,1,998,66,148,2,0,1,4,6,2,2,1,9,1,60,99,0,24,5,2020,1,2,2,33,1,1,4,3,2,33.33333333
400193,1,1,17,1,1,4,11,3,8,0,0,4,0,2,0,1,0,65,120,0,0,2,2,1,2,1,5,53,0,7,0,0,24,5,2020,1,23,2,12,2,4,1,3,10,80.0
400198,1,1,41,1,1,1,11,20,20,8,0,2,0,2,0,1,998,79,270,0,0,1,4,1,1,1,1,53,0,7,0,0,2,2,2020,1,13,2,12,1,1,1,1,1,16.66666667
400200,1,1,66,2,1,4,11,99,99,8,0,1,0,1,0,1,998,62,110,0,0,1,2,1,1,1,1,12,0,60,0,0,11,3,2020,4,21,2,30,1,1,4,2,1,100.0
400201,1,1,19,1,1,2,11,3,20,8,0,1,0,1,0,1,998,64,150,0,0,1,4,1,2,1,1,51,1,13,99,0,28,3,2020,7,23,2,12,1,1,1,3,10,20.0
400203,1,1,32,1,1,4,11,20,8,8,0,2,0,1,0,1,998,68,145,0,4,1,2,1,5,1,1,6,0,13,99,0,20,4,2020,2,21,2,34,1,1,4,2,10,50.0
400206,1,1,80,1,1,0,11,3,20,0,0,1,0,1,0,1,0,66,185,0,0,1,4,1,1,1,5,53,0,60,0,0,20,5,2020,4,15,2,12,2,2,1,1,1,50.0
400207,1,1,48,1,1,4,11,20,1,8,0,1,0,1,0,1,78,70,210,0,3,1,2,1,2,1,14,13,1,60,99,0,22,5,2020,6,1,2,42,1,1,6,2,10,100.0
400212,1,1,46,1,1,9,11,99,9,8,0,2,1,2,0,1,998,72,215,0,5,1,3,1,2,1,1,9,0,7,99,0,7,6,2020,1,2,2,42,1,1,4,2,1,50.0
400214,1,1,31,2,1,9,11,99,20,8,0,1,1,2,0,1,998,60,160,0,0,1,2,1,2,1,1,80,0,8,99,999,11,6,2020,5,99,2,8,1,1,1,2,10,50.0
400216,1,1,42,1,1,4,11,20,20,8,0,1,0,0,0,1,998,72,210,2,4,1,2,6,2,1,10,16,0,69,0,0,11,6,2020,5,20,2,1,2,2,1,1,1,100.0
400217,1,1,27,2,1,4,11,99,1,8,0,2,0,1,0,1,998,999,999,0,4,1,4,1,2,1,1,6,0,13,99,28,14,6,2020,1,17,2,12,1,1,1,1,10,66.66666667
400218,1,1,19,1,1,0,11,99,20,0,0,99,1,1,0,1,998,999,999,0,0,1,4,1,2,1,1,80,0,7,0,0,15,6,2020,2,4,2,8,1,1,1,3,1,50.0
400224,1,1,31,1,1,4,11,20,20,1,0,1,0,3,0,1,998,69,185,0,0,2,2,1,2,1,14,12,1,3,99,0,26,6,2020,6,17,2,34,1,1,8,1,1,100.0
400225,1,1,57,1,1,3,11,99,20,8,0,2,0,1,0,1,998,65,170,1,0,3,2,1,2,1,1,1,1,60,0,80,19,5,2020,3,16,2,1,1,1,4,1,1,50.0
400227,1,1,37,1,1,4,11,3,8,8,0,1,0,3,0,1,998,74,210,0,0,3,3,1,2,1,1,54,1,7,0,50,11,6,2020,5,0,2,12,1,1,1,3,1,25.0
400230,1,1,22,1,1,4,11,20,1,0,0,1,0,1,0,1,998,69,180,5,0,1,2,1,2,1,11,15,1,3,99,38,25,6,2020,5,18,2,12,8,1,1,1,1,50.0
400233,1,1,26,1,1,4,11,20,20,8,0,1,0,2,0,1,998,70,160,0,0,2,2,6,1,1,1,13,1,7,99,0,28,6,2020,1,23,2,33,1,1,4,2,1,100.0
400237,1,1,69,1,1,4,11,3,1,8,0,2,0,1,0,1,998,71,210,0,0,6,1,1,1,1,11,15,0,60,99,38,28,6,2020,1,12,2,12,2,3,1,1,1,14.28571429
400238,1,1,57,1,1,4,11,3,20,0,0,1,0,1,0,1,998,68,200,0,3,3,3,1,2,1,14,9,0,3,99,0,2,7,2020,5,5,2,25,1,1,3,2,1,50.0
400239,1,1,51,1,1,4,11,3,1,8,0,1,0,2,0,1,998,72,200,1,3,4,1,1,1,1,1,12,1,7,99,0,20,5,2020,4,1,2,59,1,1,4,3,1,100.0
400244,1,1,36,2,1,4,11,20,1,8,0,1,0,2,0,1,998,999,999,0,5,1,4,1,2,1,1,50,1,13,99,6,14,6,2020,1,8,2,12,3,3,1,1,10,33.33333333
400245,1,1,41,1,1,0,11,20,20,0,0,1,0,3,1,1,998,72,185,1,0,1,8,8,2,1,99,99,0,63,99,0,18,6,2020,5,8,2,8,1,1,98,1,10,50.0
400246,1,1,59,1,1,0,11,3,20,0,0,1,0,1,0,1,998,999,999,0,0,3,2,1,2,1,1,80,0,60,0,0,20,6,2020,7,21,2,8,3,3,1,3,1,50.0
400247,1,1,22,1,1,0,11,3,20,1,0,3,0,2,0,1,998,71,120,0,0,1,2,1,2,1,1,17,0,7,99,38,21,6,2020,1,13,2,1,2,2,1,1,1,25.0
400251,1,1,72,1,1,0,11,3,9,0,0,1,0,1,0,1,998,73,205,0,0,1,4,5,2,1,12,21,0,13,0,48,30,6,2020,3,17,2,12,1,1,1,1,10,50.0
400252,1,1,55,2,1,4,11,3,1,8,0,1,0,1,0,1,998,64,135,0,0,1,2,1,2,1,1,10,0,3,0,28,27,5,2020,4,18,2,12,1,1,1,1,1,33.33333333
400253,1,1,22,2,1,4,11,99,20,8,0,2,0,3,0,1,998,64,140,0,4,1,2,6,2,2,1,13,0,3,99,0,31,3,2020,3,8,2,1,3,2,4,1,2,50.0
400256,1,1,17,1,1,3,11,3,8,8,0,2,0,2,0,1,998,66,174,0,3,1,2,6,2,1,1,6,0,13,99,28,7,7,2020,3,4,2,12,1,1,1,2,1,33.33333333
400260,1,1,45,1,1,3,11,20,20,0,0,2,0,1,0,1,998,72,200,0,0,1,4,1,1,1,1,52,0,81,0,26,18,7,2020,7,13,2,1,1,1,1,1,1,50.0
400263,1,1,26,1,1,4,11,20,20,1,0,1,0,2,0,1,998,999,999,0,4,3,3,5,2,1,14,12,0,98,0,0,30,6,2020,3,19,2,1,1,1,3,1,1,100.0
400266,1,1,29,1,1,4,11,20,20,8,0,1,0,1,0,1,998,71,180,3,3,2,3,1,1,1,6,62,0,80,99,23,8,7,2020,4,21,2,12,8,1,1,2,1,33.33333333
400268,1,1,24,1,1,4,11,20,20,8,0,1,0,2,0,1,93,999,999,99,3,3,3,1,1,1,14,13,0,7,99,0,9,7,2020,5,11,2,21,1,1,8,1,1,100.0
400276,1,1,34,2,1,0,11,3,20,8,0,1,0,3,0,1,998,999,999,0,0,1,4,5,2,1,1,83,1,13,0,0,22,7,2020,4,22,2,9,1,1,1,2,10,50.0
400279,1,1,26,1,1,4,11,20,1,8,0,1,0,1,0,1,998,71,350,0,4,3,2,1,1,1,15,51,1,5,0,0,25,7,2020,7,16,2,12,1,1,1,1,1,33.33333333
400285,1,1,22,1,1,9,11,99,20,8,0,99,1,1,0,1,998,999,999,0,0,1,4,1,2,1,1,80,0,13,99,0,21,7,2020,3,6,2,8,1,1,1,4,10,50.0
400286,1,1,35,2,1,0,11,20,20,8,0,2,0,1,0,1,998,62,130,1,0,1,5,1,2,1,11,15,1,7,10,38,23,7,2020,5,21,2,12,2,3,1,3,1,33.33333333
400288,1,1,22,1,1,4,11,99,8,8,0,1,0,1,0,1,998,68,150,2,0,2,2,6,2,1,1,10,0,13,99,28,31,7,2020,6,9,2,12,2,3,1,1,1,50.0
400289,1,1,999,9,1,9,11,99,20,8,0,99,1,9,99,1,998,999,999,99,0,3,2,1,2,99,1,80,0,999,99,999,9,7,2020,5,99,2,8,1,1,1,9,99,50.0
400291,1,1,999,9,1,9,11,99,20,8,0,99,1,9,99,1,998,999,999,99,0,6,1,1,1,1,1,80,0,999,99,999,18,7,2020,7,0,2,8,20,1,1,2,1,50.0
400297,1,1,36,2,1,0,11,3,20,0,0,1,0,1,0,1,998,63,136,0,0,1,4,1,2,1,1,80,0,60,0,0,5,8,2020,4,0,2,8,1,1,1,2,1,50.0
400301,1,1,75,1,1,4,11,20,20,0,0,1,0,1,0,1,998,73,207,0,0,3,3,1,2,1,1,51,0,60,93,0,5,6,2020,6,15,2,12,1,1,1,1,1,50.0
400302,1,1,19,2,1,1,11,3,8,0,0,2,0,1,0,1,998,64,120,0,0,1,2,1,2,1,17,50,0,13,99,0,5,6,2020,6,19,2,12,8,1,1,1,1,33.33333333
400303,1,1,61,1,1,4,11,20,8,8,0,1,0,2,0,1,998,73,240,0,0,2,2,1,2,1,1,13,0,7,99,999,8,6,2020,2,11,2,12,2,2,1,1,1,50.0
400307,1,1,43,1,1,4,11,20,20,8,0,2,0,2,0,1,998,68,190,0,0,6,2,6,1,1,14,13,1,60,99,0,3,7,2020,6,20,2,1,5,1,4,5,1,50.0
400309,1,1,45,1,1,0,11,3,20,0,0,2,0,3,6,1,998,71,999,0,0,3,2,1,1,1,1,80,0,66,6,0,23,7,2020,5,23,2,8,1,1,1,2,1,33.33333333
400310,1,1,33,1,1,0,11,3,20,0,0,2,0,3,6,1,998,73,235,1,0,3,3,1,1,2,1,51,0,66,93,0,29,7,2020,4,6,2,12,1,1,1,4,2,16.66666667
400315,1,1,28,2,1,4,11,20,1,1,0,2,0,2,0,1,998,63,125,0,0,3,2,1,1,1,14,13,1,7,0,0,3,8,2020,2,0,2,25,1,1,4,3,1,50.0
400318,1,1,32,2,1,4,11,20,20,8,0,1,0,1,0,1,998,65,154,0,3,3,3,1,1,1,1,12,0,80,0,0,7,8,2020,6,19,2,57,1,1,3,1,1,100.0
400321,1,1,21,1,1,0,11,3,20,0,0,1,0,1,0,1,998,71,210,0,0,3,4,6,1,1,1,80,0,7,0,0,7,8,2020,6,22,2,8,1,1,1,3,1,33.33333333
400323,1,1,65,1,1,0,11,3,20,0,0,1,0,1,0,1,998,999,999,0,0,1,4,6,2,1,1,80,0,2,0,0,16,8,2020,1,8,2,8,1,1,1,1,1,50.0
400324,1,1,48,1,1,4,11,3,8,0,0,1,0,2,0,1,998,71,170,0,4,1,2,1,2,2,1,6,0,1,99,28,20,6,2020,7,14,2,12,1,1,1,1,2,33.33333333
400328,1,1,40,2,1,0,11,3,1,0,0,2,0,1,0,1,998,62,110,0,0,3,3,1,1,1,1,80,0,13,0,0,10,8,2020,2,21,2,8,1,1,1,3,1,33.33333333
400331,1,1,66,1,1,3,11,3,1,0,0,1,0,1,0,1,998,68,170,0,0,1,4,1,1,1,1,10,0,60,99,28,4,8,2020,3,15,2,12,1,1,1,1,1,50.0
400339,1,1,34,2,1,4,11,3,1,8,0,1,0,2,0,1,998,70,159,0,0,1,4,1,2,1,1,10,1,13,99,28,17,8,2020,2,99,2,12,1,1,1,3,1,20.0
400343,1,1,54,1,1,4,11,3,20,0,0,1,0,1,0,1,998,71,165,1,0,6,1,1,2,1,14,12,0,7,99,0,7,6,2020,1,9,2,42,5,1,8,1,1,100.0
400345,1,1,25,1,1,4,11,99,8,8,0,1,0,1,0,1,998,72,140,0,3,1,2,1,1,1,1,12,1,60,99,0,12,8,2020,4,1,2,25,1,1,4,3,1,100.0
400346,1,1,52,1,1,3,11,20,20,0,0,1,0,1,0,1,998,74,210,1,0,3,4,1,2,1,1,80,0,81,0,0,20,8,2020,5,5,2,8,1,1,1,2,1,50.0
400347,1,1,22,1,1,4,11,20,20,0,0,1,0,1,0,1,105,69,175,0,3,1,2,1,2,1,14,6,0,80,0,0,23,8,2020,1,9,2,42,1,1,4,1,1,100.0
400348,1,1,24,1,1,0,11,3,20,0,0,1,0,1,0,1,998,73,230,0,0,2,2,1,2,1,1,80,0,7,0,0,14,7,2020,3,23,2,8,1,1,1,3,1,50.0
400352,1,1,24,1,1,4,11,20,20,0,0,1,0,1,0,1,998,70,148,0,0,3,2,1,1,1,1,9,0,80,0,999,30,8,2020,1,11,2,1,1,1,1,1,1,100.0
400353,1,1,999,9,1,9,11,99,20,8,0,99,1,9,99,1,999,999,999,99,0,1,2,1,2,1,99,80,0,999,99,999,1,9,2020,3,21,2,8,1,1,1,2,10,50.0
400357,1,1,41,1,1,4,11,20,1,8,0,2,0,2,0,1,998,72,175,0,0,1,2,1,2,1,1,17,0,3,12,39,30,8,2020,1,0,2,12,2,2,1,3,10,25.0
400359,1,1,20,1,1,4,11,20,1,8,0,3,0,1,0,1,998,70,140,0,0,1,4,1,2,1,1,10,0,13,0,28,22,8,2020,7,15,2,12,1,1,1,1,1,40.0
400362,1,1,32,1,1,1,11,3,1,8,0,1,0,2,0,1,998,68,135,0,0,1,2,1,1,1,1,52,0,13,93,0,26,8,2020,4,17,2,12,1,1,1,1,10,50.0
400368,1,1,41,1,1,4,11,20,1,8,0,1,0,3,1,1,998,67,165,1,0,1,4,1,1,1,1,17,0,63,0,39,8,9,2020,3,13,2,12,2,2,1,1,10,33.33333333
400369,1,1,36,1,1,4,11,99,8,8,0,1,0,2,0,1,998,999,999,0,0,2,2,1,2,1,1,14,0,13,99,39,10,9,2020,5,6,2,33,3,3,4,3,10,100.0
400370,1,1,42,2,1,4,11,3,8,8,0,1,0,1,0,1,998,64,140,0,0,6,3,1,1,1,1,14,1,5,93,39,2,9,2020,4,1,2,39,3,3,4,3,10,100.0
400372,1,1,16,1,1,0,11,3,20,0,0,1,0,2,0,1,998,69,143,1,0,2,3,1,2,1,1,80,0,7,0,0,11,9,2020,6,22,2,8,1,1,1,3,10,50.0
400378,1,1,36,1,1,4,11,20,20,8,0,1,0,1,0,1,998,71,250,0,2,4,2,1,1,1,1,6,1,3,99,0,17,9,2020,5,21,2,12,1,1,1,2,10,50.0
400382,1,1,37,2,1,0,11,3,1,9,0,1,0,1,0,1,998,64,170,0,0,5,5,1,2,1,1,13,0,60,92,0,27,7,2020,2,1,2,14,1,1,2,2,1,50.0
400383,1,1,59,2,1,0,11,3,20,0,0,1,0,1,0,1,998,63,210,0,0,2,2,1,2,1,1,80,0,7,0,38,17,8,2020,2,3,2,8,1,1,1,2,10,50.0
400384,1,1,44,1,1,0,11,20,8,8,0,1,0,2,0,1,998,66,130,0,0,1,4,5,1,1,14,10,0,60,99,28,11,9,2020,6,19,2,12,2,3,1,3,10,33.33333333
400386,1,1,25,2,1,0,11,3,1,0,0,2,0,1,0,1,998,67,125,1,0,2,2,1,2,1,1,80,0,60,0,0,19,9,2020,7,20,2,8,1,1,1,2,1,33.33333333
400387,1,1,40,2,1,0,11,3,20,0,0,1,0,1,0,1,998,71,180,1,0,5,5,1,2,1,1,80,0,13,0,0,21,9,2020,2,20,2,8,1,1,1,3,10,50.0
400389,1,1,42,1,1,4,11,3,8,8,0,1,0,1,0,1,998,67,180,0,0,2,4,1,2,1,1,12,0,60,99,0,7,7,2020,3,9,2,42,1,1,4,1,1,100.0
400391,1,1,23,1,1,0,11,3,20,0,0,1,1,2,0,1,998,68,200,0,0,1,4,5,2,1,11,83,0,13,0,38,21,9,2020,2,22,2,9,3,3,1,2,10,50.0
400392,1,1,38,2,1,4,11,20,9,8,0,1,0,2,0,1,998,64,175,0,0,1,2,6,2,1,1,17,0,7,99,39,27,9,2020,1,12,2,12,2,2,1,1,10,33.33333333
400393,1,1,54,2,1,4,11,20,1,8,0,1,0,2,0,1,998,63,135,1,0,5,5,1,1,1,14,13,1,7,99,58,6,7,2020,2,14,2,12,1,1,1,1,1,50.0
400394,1,1,30,2,1,0,11,3,20,0,0,1,0,1,0,1,998,70,145,0,0,1,4,1,1,1,1,80,0,13,7,0,17,9,2020,5,6,2,8,1,1,1,2,1,50.0
400397,1,1,28,1,1,4,11,20,1,8,0,1,0,3,0,1,998,70,180,1,3,1,2,1,2,1,1,13,1,13,99,0,30,9,2020,4,21,2,32,1,1,4,2,1,100.0
400399,1,1,21,1,1,0,11,3,20,0,0,1,0,1,0,1,998,73,250,1,0,3,3,1,1,1,1,80,0,7,0,0,2,10,2020,6,3,2,8,1,1,1,3,1,50.0
400404,1,1,58,1,1,0,11,98,20,8,0,1,1,3,0,1,998,72,220,1,3,2,4,6,2,1,1,83,1,60,99,0,20,9,2020,1,20,2,9,1,1,1,3,1,50.0
400409,1,1,999,9,1,0,11,99,20,9,0,99,1,9,99,1,998,999,999,99,0,1,4,1,2,1,1,80,0,999,99,999,7,10,2020,4,20,2,8,1,1,1,3,1,50.0
400415,1,1,50,1,1,2,11,3,8,0,0,4,0,3,0,1,998,73,295,2,0,1,4,1,1,1,11,15,0,3,99,38,4,10,2020,1,14,2,12,8,1,1,1,1,20.0
400416,1,1,34,1,1,4,11,20,20,8,0,1,0,1,0,1,998,74,280,1,3,2,2,1,2,1,1,12,1,81,99,36,11,10,2020,1,1,2,33,1,1,4,2,10,100.0
400424,1,1,21,2,1,4,11,20,20,8,0,1,0,0,0,1,998,66,130,1,0,3,2,1,1,1,1,13,0,7,99,999,13,9,2020,1,8,2,21,1,1,4,1,1,100.0
400425,1,1,36,1,1,0,11,3,20,0,0,1,0,1,0,1,998,69,210,0,0,1,4,1,2,1,1,12,0,60,93,0,28,9,2020,2,8,2,8,1,1,5,1,1,50.0
400426,1,1,39,1,1,0,11,3,20,0,0,1,0,3,2,1,998,67,139,1,0,1,2,1,2,1,1,13,0,11,92,58,30,9,2020,4,7,2,12,1,1,1,4,1,50.0
400431,1,1,62,1,1,2,11,20,8,8,0,4,0,1,0,1,998,999,999,0,3,4,3,1,1,1,14,14,1,7,99,39,21,10,2020,4,22,2,58,1,1,4,2,10,25.0
400435,1,1,23,2,1,0,11,3,20,0,0,1,0,1,0,1,998,65,120,0,0,1,4,1,2,1,1,80,0,13,92,0,15,10,2020,5,20,2,8,1,1,1,2,10,50.0
400436,1,1,47,1,1,0,11,3,20,0,0,1,0,3,6,1,998,999,999,0,0,3,2,6,2,1,1,51,0,66,98,0,2,10,2020,6,16,2,12,1,1,1,1,1,50.0
400437,1,1,39,1,1,0,11,3,8,8,0,1,0,2,0,1,998,69,250,1,0,3,3,1,2,1,1,54,1,7,0,51,3,10,2020,7,0,2,12,1,1,1,3,1,50.0
400439,1,1,20,1,1,0,11,3,8,8,0,1,0,1,0,1,998,65,210,0,3,1,2,1,1,1,1,51,1,7,0,73,22,10,2020,5,23,2,12,1,1,1,2,1,50.0
400442,1,1,19,2,1,2,11,3,1,0,0,2,0,2,0,1,998,62,101,0,4,3,3,3,2,2,1,6,0,60,0,0,26,10,2020,2,11,2,25,1,1,3,1,98,50.0
400443,1,1,20,2,1,3,11,99,20,8,0,2,0,2,0,1,998,67,135,0,0,0,0,0,0,0,11,15,0,13,92,38,23,7,2020,5,14,2,12,8,1,1,1,1,25.0
400446,1,1,61,1,1,0,11,3,20,0,0,1,0,2,0,1,998,69,185,0,0,1,2,6,2,1,1,80,0,7,0,0,30,10,2020,6,21,2,8,1,1,1,2,10,50.0
400447,1,1,63,1,1,4,11,3,8,8,0,1,0,2,0,1,998,68,175,0,5,1,2,1,2,1,1,13,1,3,99,0,9,10,2020,6,22,2,12,1,1,6,2,1,50.0
400448,1,1,35,1,1,4,11,20,20,0,0,1,0,1,0,1,998,74,240,0,0,3,3,1,1,1,14,12,0,81,98,0,12,10,2020,2,16,2,1,1,1,3,1,1,100.0
400449,1,1,26,1,1,0,11,3,20,0,0,1,0,1,0,1,998,70,155,0,0,1,4,1,2,1,1,80,0,13,0,0,22,10,2020,5,21,2,8,1,1,1,2,10,50.0
400452,1,1,17,2,1,0,11,99,20,8,0,1,1,2,0,1,998,999,999,0,5,1,2,5,2,1,1,10,0,13,99,0,6,5,2020,4,20,2,9,1,1,1,5,1,50.0
400456,1,1,27,1,1,4,11,20,20,8,0,1,0,1,0,1,998,69,230,1,0,1,2,6,2,1,14,12,1,84,99,0,11,4,2020,7,5,2,42,1,1,4,2,1,100.0
400458,1,1,23,1,1,4,11,99,99,0,0,1,0,3,0,1,998,71,155,0,0,3,3,1,1,1,14,13,1,13,99,0,4,10,2020,1,3,2,21,1,1,4,3,1,100.0
400462,1,1,40,1,1,4,11,20,20,8,0,1,0,9,0,1,998,75,235,2,3,3,3,1,2,1,1,62,0,80,0,0,1,11,2020,1,9,2,12,2,3,1,1,1,50.0
400463,1,1,21,1,1,4,11,20,20,8,0,1,0,2,0,1,998,66,140,0,4,3,3,1,1,1,1,6,1,60,99,0,1,11,2020,1,23,2,18,1,1,4,3,1,100.0