ST_CASE,VEH_NO,PER_NO,AGE,SEX,PER_TYP,INJ_SEV,SEAT_POS,REST_USE,AIR_BAG,DRUGS,LOCATION,NUMOCCS,HIT_RUN,OWNER,V_CONFIG,HAZ_INV,TRAV_SP,DR_HGT,DR_WGT,PREV_SPD,SPEEDREL,VTRAFWAY,VNUM_LAN,VPROFILE,VPAVETYP,VSURCOND,P_CRASH1,P_CRASH2,DR_DRINK,VPICBODYCLASS,DRDISTRACT,DRIVERRF,DAY,MONTH,YEAR,DAY_WEEK,HOUR,RUR_URB,HARM_EV,RELJCT2,TYP_INT,REL_ROAD,LGT_COND,WEATHER,Fatality Rate (%)
420282,1,1,56,2,1,2,11,3,8,0,0,1,0,1,0,1,55,65,999,0,9,6,1,1,1,1,14,50,0,13,96,999,2,7,2020,5,8,2,12,20,1,1,1,98,50.0
420284,1,1,54,1,1,0,11,3,20,0,0,2,0,1,0,1,999,69,999,0,0,0,0,0,0,0,11,15,0,60,0,38,27,6,2020,7,20,2,1,8,1,1,5,98,33.33333333
420285,1,1,35,1,1,0,11,99,99,0,0,1,1,1,0,1,999,66,999,1,0,1,3,6,2,1,10,80,0,60,96,48,22,7,2020,4,8,2,8,3,2,1,1,1,50.0
420287,1,1,54,1,1,2,11,3,1,1,0,1,0,1,0,1,999,70,999,0,4,3,4,1,1,2,1,50,0,60,96,0,22,5,2020,6,11,2,12,1,1,1,1,2,20.0
420288,1,1,29,1,1,4,11,20,8,0,0,1,0,1,0,1,999,67,999,0,5,6,1,6,1,1,14,12,1,60,96,999,2,8,2020,1,2,2,25,5,1,4,3,98,100.0
420290,1,1,25,1,1,4,11,20,20,0,0,1,0,2,0,1,999,65,999,0,0,4,2,3,2,1,1,17,0,113,96,39,27,8,2020,5,18,2,12,2,2,1,1,98,50.0
420291,1,1,56,1,1,0,11,3,20,0,0,1,0,1,0,1,50,71,999,0,0,1,5,6,2,1,1,80,0,1,96,0,12,8,2020,4,5,2,8,1,1,1,2,98,50.0
420293,1,1,62,1,1,0,11,3,8,0,0,1,0,1,0,1,999,69,999,0,0,1,3,3,2,1,11,15,0,60,92,39,13,8,2020,5,16,2,12,2,3,1,1,98,50.0
420296,1,1,42,2,1,3,11,99,99,0,0,1,0,2,0,1,40,66,999,2,9,4,9,1,2,1,1,80,0,13,96,999,9,3,2020,2,13,2,8,3,7,1,1,98,50.0
420297,1,1,14,2,2,0,13,3,20,8,0,2,0,1,0,1,35,60,999,0,0,5,3,5,2,1,1,80,0,13,96,0,17,7,2020,6,18,2,8,1,1,1,1,1,33.33333333
420300,1,1,20,1,9,5,19,99,1,9,0,2,0,9,0,1,999,999,999,99,9,1,3,5,2,1,1,99,0,13,96,999,13,6,2020,7,4,2,30,1,1,4,2,98,50.0
420302,1,1,37,1,1,0,11,3,20,0,0,1,1,1,0,1,999,70,999,0,0,1,2,5,2,1,1,51,1,1,96,999,18,7,2020,7,19,2,12,1,1,1,1,98,50.0
420305,1,1,60,1,1,4,11,20,1,0,0,1,0,1,0,1,40,54,999,0,0,1,2,1,2,1,1,10,1,60,96,36,16,6,2020,3,14,2,33,1,1,4,1,98,50.0
420306,1,1,19,1,1,5,11,1,8,0,0,1,0,1,0,1,35,66,999,0,0,1,5,1,2,1,1,62,0,3,96,0,14,6,2020,1,20,2,12,2,2,1,3,98,50.0
420308,1,1,30,1,1,5,11,99,1,0,0,2,0,2,0,1,25,67,999,0,9,1,2,5,2,1,1,62,0,7,96,999,8,7,2020,4,17,2,12,2,2,1,1,98,33.33333333
420310,1,1,21,1,1,4,11,20,20,9,0,1,0,2,0,1,999,68,999,0,4,1,3,1,2,1,1,17,0,114,96,23,27,6,2020,7,21,2,12,2,2,1,3,98,20.0
420312,2,1,24,1,1,2,11,1,1,0,0,1,0,1,0,1,59,69,999,0,0,3,2,1,1,1,1,50,0,13,96,0,10,7,2020,6,21,2,12,1,1,1,2,98,40.0
420315,1,1,16,1,1,4,11,3,1,0,0,1,0,2,0,1,90,71,999,0,3,1,2,1,2,1,1,17,0,13,96,52,3,7,2020,6,21,2,12,2,3,1,2,98,50.0
420316,1,1,25,1,1,4,11,99,8,9,0,2,0,2,0,1,1,74,999,1,9,1,2,1,2,1,1,99,0,13,96,999,21,7,2020,3,13,2,42,1,1,4,1,98,50.0
420317,1,1,20,1,1,4,11,20,20,0,0,1,0,1,0,1,999,72,999,0,5,1,2,1,2,1,6,17,0,80,96,35,26,7,2020,1,20,2,12,2,4,1,2,98,25.0
420318,1,1,61,1,1,4,11,3,3,1,0,1,0,2,0,1,80,68,999,0,4,3,3,1,1,2,14,6,0,13,96,0,10,7,2020,6,21,2,14,1,1,2,3,2,100.0
420321,1,1,57,1,1,4,11,20,20,9,0,1,0,2,0,1,999,73,999,0,0,1,2,1,2,1,11,15,0,13,96,48,13,6,2020,7,23,2,12,8,1,1,3,98,50.0
420323,1,1,77,1,1,4,11,3,8,9,0,1,0,2,0,1,999,67,999,0,0,3,3,5,2,1,1,54,0,13,96,51,24,6,2020,4,9,2,12,1,1,1,1,98,33.33333333
420325,1,1,66,1,1,4,11,20,20,0,0,2,0,2,0,1,5,73,999,0,0,3,2,1,2,1,12,21,0,81,96,48,22,8,2020,7,11,2,12,7,1,1,1,98,50.0
420326,1,1,59,1,1,4,11,20,20,9,0,1,0,1,0,1,999,72,999,0,4,6,3,6,2,1,1,17,0,7,96,39,5,8,2020,4,13,2,12,2,2,1,1,98,50.0
420328,1,1,38,1,1,0,11,3,8,0,0,1,0,1,0,1,36,70,999,0,3,1,2,1,2,1,1,13,0,7,0,6,14,5,2020,5,9,2,8,1,1,5,1,1,50.0
420331,1,1,39,1,1,4,11,20,20,0,0,1,0,1,0,1,80,72,999,0,5,1,2,5,2,1,14,13,0,80,96,52,7,8,2020,6,17,2,58,1,1,4,1,98,100.0
420335,1,1,34,1,1,4,11,20,8,1,0,1,0,1,0,1,45,69,999,0,0,1,2,6,2,1,14,10,0,13,96,28,2,9,2020,4,7,2,12,1,1,1,1,98,50.0
420337,1,1,34,1,1,4,11,20,8,9,0,1,0,2,0,1,999,73,999,0,9,1,2,1,2,2,14,99,0,13,96,999,7,9,2020,2,22,2,1,1,1,4,6,98,100.0
420338,1,1,33,1,1,3,11,20,1,1,0,3,0,2,0,1,999,68,999,0,5,1,2,1,2,1,14,13,1,13,96,60,30,8,2020,1,22,2,35,1,1,4,2,1,33.33333333
420339,1,1,22,1,1,4,11,20,20,9,0,1,0,2,0,1,999,70,999,0,4,1,2,1,2,1,14,13,0,94,92,52,4,9,2020,6,23,2,18,1,1,4,3,98,100.0
420340,1,1,55,1,1,4,11,20,20,0,0,1,0,1,0,1,70,69,999,0,3,1,4,1,2,1,1,13,1,94,96,0,30,8,2020,1,21,2,33,3,2,4,2,98,100.0
420342,1,1,35,2,1,0,11,3,1,1,0,1,0,1,0,1,999,68,999,0,0,5,5,1,2,1,11,15,0,9,96,60,27,3,2020,6,9,2,12,3,2,1,1,98,50.0
420344,1,1,35,2,1,0,11,3,20,0,0,1,0,3,20,1,999,67,999,0,0,1,3,1,2,1,10,80,0,62,96,38,2,9,2020,4,9,2,8,3,2,1,1,98,50.0
420345,1,1,41,2,1,4,11,3,8,9,0,1,0,1,0,1,88,65,999,0,3,1,4,1,2,2,1,10,1,13,96,28,3,9,2020,5,21,2,12,1,1,1,2,2,33.33333333
420346,1,1,44,1,1,4,11,20,8,9,0,1,0,1,0,1,999,67,999,0,0,2,2,1,2,1,1,10,0,13,96,28,8,7,2020,4,15,2,12,1,1,1,1,98,25.0
420348,1,1,41,1,1,4,11,20,20,9,0,1,0,1,0,1,25,71,999,0,4,1,2,6,2,1,1,99,0,125,96,0,29,4,2020,4,17,2,1,1,1,1,1,98,100.0
420349,1,1,22,1,1,4,11,20,20,9,0,1,0,1,0,1,999,68,999,2,4,1,2,1,2,2,14,6,0,11,96,87,3,9,2020,5,19,2,1,3,3,1,1,10,33.33333333
420350,1,1,29,1,1,4,11,20,20,0,0,1,0,1,0,1,999,70,999,0,4,1,2,1,2,1,2,6,1,94,96,39,20,9,2020,1,23,2,1,2,4,1,2,98,100.0
420351,1,1,27,1,1,3,11,20,20,0,0,1,0,1,0,1,999,71,999,1,0,1,5,1,2,1,1,80,0,80,96,73,30,6,2020,3,0,2,8,1,1,1,3,98,50.0
420352,1,1,67,1,1,9,11,99,99,0,0,99,1,1,0,1,999,66,999,0,0,1,4,1,2,1,1,80,0,7,96,999,26,6,2020,6,22,2,8,1,1,1,3,98,50.0
420355,1,1,24,1,1,9,11,99,8,0,0,1,0,1,0,1,999,71,999,1,9,1,4,1,2,1,1,99,0,13,96,39,10,7,2020,6,1,2,12,2,2,1,3,98,33.33333333
420356,1,1,30,1,1,4,11,99,99,1,0,1,0,2,0,1,80,72,999,0,3,2,4,1,2,1,1,17,0,13,96,39,23,7,2020,5,20,2,12,2,2,1,1,98,11.11111111
420357,1,1,18,1,1,2,11,99,20,9,0,3,0,2,0,1,60,72,999,0,4,3,2,1,2,1,1,12,0,13,96,0,5,7,2020,1,20,2,24,1,1,3,5,98,33.33333333
420363,1,1,60,1,1,4,11,20,20,0,0,1,0,1,0,1,55,68,999,0,0,3,3,1,2,1,15,10,0,125,96,27,31,8,2020,2,11,2,12,1,1,1,1,98,50.0
420365,1,1,999,9,1,9,11,99,99,9,0,99,1,9,99,1,999,999,999,99,0,1,2,1,2,1,99,99,0,999,99,0,12,7,2020,1,20,2,9,1,1,2,3,98,50.0
420366,1,1,42,1,1,4,11,20,8,1,0,1,0,1,0,1,999,74,999,0,9,1,2,6,2,2,1,99,1,13,96,999,2,8,2020,1,1,2,32,1,1,4,2,99,100.0
420369,1,1,34,2,1,0,11,3,20,0,0,1,0,3,21,1,999,64,999,0,9,1,2,1,2,1,1,80,0,16,96,999,13,7,2020,2,10,2,8,1,1,1,1,98,50.0
420370,1,1,22,1,1,2,11,99,99,9,0,1,0,1,0,1,50,66,999,0,0,1,5,1,2,1,1,80,0,13,96,0,6,9,2020,1,23,2,8,3,2,1,3,98,50.0
420371,1,1,43,1,1,0,11,1,20,0,0,1,0,1,0,1,25,68,999,0,0,1,3,1,2,1,1,80,0,7,96,0,28,7,2020,3,22,2,8,1,1,1,3,98,50.0
420372,1,1,26,1,1,0,11,20,20,9,0,1,0,1,0,1,999,75,999,3,0,1,2,1,2,1,1,17,0,13,96,6,30,8,2020,1,0,2,12,2,2,1,3,98,33.33333333
420373,1,1,28,1,1,4,11,20,20,9,0,1,0,1,0,1,35,69,999,0,0,1,4,1,2,1,1,8,0,98,96,77,4,8,2020,3,15,2,19,1,1,5,1,6,100.0
420376,1,1,31,1,1,4,11,20,1,0,0,1,0,1,0,1,60,68,999,0,4,3,2,1,2,1,1,52,0,7,96,0,13,7,2020,2,7,2,12,1,1,1,1,1,25.0
420378,1,1,55,1,1,4,11,20,20,8,0,1,0,2,0,1,50,999,999,0,5,1,5,1,2,1,1,17,0,82,96,0,26,7,2020,1,22,2,12,2,2,1,3,98,100.0
420379,1,1,44,1,2,2,13,20,20,8,0,2,0,1,0,1,25,61,999,0,0,1,5,1,2,1,11,15,0,13,96,48,26,7,2020,1,21,2,12,2,2,1,3,98,25.0
420382,1,1,35,1,1,4,11,20,20,9,0,1,0,1,0,1,999,69,999,0,4,1,2,6,2,2,14,6,1,85,96,0,12,9,2020,7,22,2,34,1,1,4,2,98,100.0
420384,1,1,55,1,1,0,11,99,20,0,0,1,0,1,0,1,35,65,999,0,9,2,3,1,2,1,1,80,0,13,96,999,27,7,2020,2,5,2,8,3,2,1,4,98,50.0
420385,1,1,45,1,1,0,11,3,20,8,0,1,0,1,0,1,70,70,999,0,0,3,3,1,2,1,14,11,1,60,96,6,25,8,2020,3,22,2,12,1,1,1,3,98,33.33333333
420386,1,1,38,1,1,4,11,20,1,1,0,1,0,1,0,1,999,67,999,0,4,3,3,1,2,1,1,13,0,13,96,6,7,8,2020,6,10,2,24,1,1,4,1,98,100.0
420387,1,1,51,1,1,4,11,20,20,9,0,1,0,2,0,1,60,71,999,0,9,1,2,1,2,1,1,99,0,98,96,999,19,8,2020,4,17,2,5,1,1,1,1,98,100.0
420388,1,1,39,1,1,4,11,20,20,9,0,1,0,2,0,1,30,70,999,0,9,5,5,1,2,1,1,60,0,80,96,85,20,8,2020,5,19,2,5,8,1,1,1,98,100.0
420391,1,1,29,2,1,0,11,99,1,0,0,4,0,1,0,1,999,65,999,0,9,1,6,5,2,1,11,15,0,15,96,999,21,8,2020,6,19,2,12,2,2,1,3,98,20.0
420392,1,1,999,1,1,0,11,99,99,9,0,2,1,2,0,1,1,999,999,99,9,1,3,1,2,1,14,80,0,13,96,999,22,8,2020,7,19,2,8,1,1,1,1,98,33.33333333
420394,1,1,40,2,1,0,11,20,20,0,0,1,0,1,0,1,35,66,999,0,5,1,2,1,2,1,1,17,1,13,96,39,26,8,2020,4,20,2,12,2,2,1,3,98,25.0
420396,1,1,30,1,1,4,11,20,20,0,0,1,0,1,0,1,999,70,999,0,9,1,2,1,2,1,1,99,0,125,96,999,16,9,2020,4,23,2,33,19,1,4,3,98,50.0
420397,1,1,21,1,1,4,11,20,1,0,0,2,0,2,0,1,999,64,999,1,0,1,3,1,2,1,1,11,1,13,92,999,6,9,2020,1,0,2,14,1,1,7,3,98,50.0
420399,1,1,69,1,1,4,11,1,8,0,0,2,0,1,0,1,50,68,999,0,5,1,2,6,2,1,1,99,0,7,96,999,21,5,2020,5,20,2,39,3,3,5,5,98,50.0
420400,1,1,76,1,1,4,11,20,1,0,0,1,0,1,0,1,70,75,999,0,5,2,2,1,2,1,1,99,0,13,96,999,11,9,2020,6,13,2,23,1,1,4,1,98,100.0
420401,1,1,20,1,1,4,11,20,20,0,0,1,0,1,0,1,60,72,999,0,3,1,5,1,2,1,1,17,0,80,96,0,3,10,2020,7,16,2,12,2,3,1,1,98,33.33333333
420402,1,1,17,1,1,9,11,98,98,0,0,4,1,9,0,1,999,69,999,0,2,1,2,1,2,1,1,60,0,13,96,0,1,9,2020,3,14,2,12,2,4,1,1,98,10.0
420403,1,1,60,1,1,3,11,20,20,0,0,2,0,2,0,1,999,64,999,0,5,1,2,6,2,1,1,10,0,9,96,28,12,10,2020,2,7,2,12,1,1,1,3,98,33.33333333
420405,1,1,79,1,1,4,11,3,1,9,0,1,0,1,0,1,65,64,999,1,9,3,2,1,1,1,14,99,0,13,96,999,22,1,2020,4,11,2,57,1,1,3,1,98,33.33333333
420406,1,1,43,1,1,4,11,3,8,0,0,1,0,1,0,1,55,74,999,0,5,3,2,1,2,1,1,54,1,5,96,51,26,1,2020,1,3,2,12,1,1,1,2,8,50.0
420407,1,1,74,1,1,4,11,3,1,0,0,1,0,1,0,1,999,67,999,0,0,4,1,1,2,1,1,17,0,13,96,39,1,9,2020,3,8,2,12,2,2,1,1,10,33.33333333
420409,1,1,19,1,1,4,11,20,20,9,0,1,0,1,0,1,100,72,999,0,3,3,3,1,2,1,6,10,0,82,96,73,14,8,2020,6,23,2,1,1,1,3,2,98,100.0
420410,1,1,37,1,1,4,11,20,8,0,0,1,0,2,0,1,46,76,999,0,3,1,2,6,2,1,14,13,1,13,96,0,13,6,2020,7,1,2,33,1,1,4,3,98,100.0
420412,1,1,77,1,1,4,11,3,1,0,0,1,0,1,0,1,999,71,999,0,5,1,2,1,2,1,11,6,0,60,96,48,15,10,2020,5,9,2,42,8,1,5,1,98,100.0
420414,1,1,25,1,1,0,11,99,99,9,0,99,1,4,0,1,35,66,999,0,9,1,6,1,2,1,1,80,0,7,96,999,27,9,2020,1,20,2,8,1,1,1,3,98,50.0
420416,1,1,38,2,1,2,11,20,20,0,0,99,1,1,0,1,40,62,999,0,0,1,2,6,2,1,1,83,0,13,92,6,10,10,2020,7,16,2,15,3,3,1,1,98,50.0
420419,1,1,19,1,1,4,11,3,8,1,0,1,0,2,0,1,120,999,999,0,3,3,2,1,2,1,14,12,1,13,96,6,11,10,2020,1,1,2,25,1,1,3,2,1,100.0
420421,1,1,57,1,1,0,11,20,20,0,0,1,0,3,6,1,999,67,155,0,0,3,2,1,2,1,15,11,0,66,96,27,7,10,2020,4,23,2,12,1,1,1,2,1,66.66666667
420427,1,1,26,1,1,0,11,3,20,0,0,3,0,2,0,1,25,70,999,0,9,1,2,6,2,1,1,80,0,13,96,999,2,10,2020,6,12,2,8,1,1,1,1,98,25.0
420428,1,1,47,1,1,2,11,3,8,0,0,1,0,1,0,1,999,70,999,1,9,1,5,1,2,2,1,17,0,7,96,999,28,8,2020,6,17,2,12,2,3,1,1,98,20.0
420430,1,1,64,1,1,4,11,20,20,0,0,1,0,1,0,1,25,74,999,0,4,2,2,1,2,2,11,6,1,60,96,87,24,7,2020,6,4,2,46,3,4,4,3,2,100.0
420431,1,1,30,1,1,4,11,99,99,1,0,1,0,4,0,1,999,73,999,0,9,1,3,1,1,1,14,99,1,7,96,999,28,8,2020,6,2,2,30,1,1,4,3,98,100.0
420432,1,1,59,1,1,4,11,20,20,0,0,1,0,1,0,1,999,69,999,0,0,1,2,6,2,1,1,52,0,81,96,52,20,8,2020,5,11,2,1,8,1,1,1,98,50.0
420433,1,1,54,1,1,4,11,20,8,1,0,1,0,1,0,1,55,67,999,0,3,2,1,1,2,1,14,12,1,7,96,39,7,8,2020,6,0,2,33,3,6,3,3,98,100.0
420434,1,1,49,2,1,4,11,3,8,0,0,1,0,1,0,1,999,63,999,0,0,1,3,5,2,2,1,98,0,7,96,0,3,6,2020,4,12,2,16,1,1,1,1,2,100.0
420436,1,1,58,1,1,4,11,20,20,9,0,1,0,2,0,1,999,70,999,0,0,0,0,0,0,0,99,19,1,94,92,38,30,6,2020,3,22,2,12,8,1,1,3,98,50.0
420438,1,1,19,1,1,3,11,3,1,1,0,1,0,2,0,1,999,64,999,0,0,0,0,0,0,0,11,15,0,7,96,48,18,7,2020,7,21,2,12,8,1,1,5,1,50.0
420440,1,1,999,9,1,9,11,99,99,9,0,99,1,9,0,1,999,999,999,99,9,1,2,4,2,1,99,80,0,999,96,38,31,3,2020,3,6,2,8,16,1,1,2,98,50.0
420442,1,1,71,2,1,4,11,3,8,0,0,1,0,1,0,1,999,68,999,0,5,2,2,6,2,1,1,8,0,13,96,55,17,7,2020,6,15,2,33,3,3,4,1,98,100.0
420444,1,1,42,1,1,4,11,20,20,1,0,1,0,1,0,1,80,72,999,0,3,1,4,1,2,1,1,17,0,80,96,0,13,5,2020,4,11,2,12,8,1,1,1,98,50.0
420446,1,1,31,1,1,9,11,99,1,9,0,3,1,2,0,1,999,69,999,0,0,5,3,1,2,1,1,10,0,13,96,28,22,4,2020,4,18,2,12,1,1,1,1,98,20.0
420447,1,1,22,1,1,4,11,20,20,9,0,1,0,2,0,1,999,68,999,1,4,3,2,1,1,2,14,6,1,3,96,87,11,7,2020,7,5,2,42,1,1,4,2,10,100.0
420449,1,1,22,1,1,0,11,99,20,0,0,1,0,2,0,1,999,74,999,0,0,2,2,1,2,1,2,80,0,13,0,0,20,2,2020,5,20,2,8,1,1,1,2,98,20.0
420450,1,1,28,1,1,4,11,99,1,1,0,1,0,1,0,1,60,77,999,0,9,1,2,1,2,1,99,99,0,13,96,51,8,7,2020,4,17,2,12,3,3,1,1,98,50.0
420451,1,1,26,1,1,4,11,20,1,9,0,1,0,2,0,1,999,71,999,0,5,1,2,1,2,1,14,10,1,5,92,28,13,9,2020,1,16,2,12,1,1,1,1,98,33.33333333
420452,1,1,33,1,1,4,11,20,20,0,0,1,0,1,0,1,999,64,999,0,4,3,2,1,2,1,1,99,1,13,96,0,28,8,2020,6,13,2,57,1,1,3,1,1,25.0
420454,1,1,37,1,1,4,11,20,20,9,0,1,0,1,0,1,100,63,999,0,3,2,2,1,2,1,1,17,1,80,96,36,13,9,2020,1,17,2,12,2,3,1,1,98,50.0
420456,1,1,40,1,1,0,11,20,20,1,0,1,0,2,0,1,10,72,999,0,0,4,1,1,1,1,8,80,0,13,96,36,10,9,2020,5,1,2,8,2,6,1,3,98,50.0
420457,1,1,32,1,1,4,11,20,20,9,0,1,0,1,0,1,999,72,999,0,0,6,1,1,1,1,14,12,0,80,96,999,20,9,2020,1,15,2,24,5,1,4,1,98,100.0
420459,1,1,34,1,1,0,11,3,20,0,0,1,0,1,0,1,45,64,999,0,0,2,2,1,2,1,15,80,0,7,96,0,22,2,2020,7,21,2,8,1,1,1,2,98,50.0
420463,1,1,34,1,1,0,11,3,3,0,0,2,0,1,0,1,35,68,999,0,0,1,3,1,2,1,11,66,0,60,96,0,13,1,2020,2,15,2,12,2,4,1,1,98,33.33333333
420466,1,1,30,1,1,4,11,20,8,1,0,1,0,2,0,1,55,69,999,0,4,1,2,1,2,2,6,13,0,13,96,34,8,1,2020,4,8,2,33,1,1,4,1,1,50.0
420467,1,1,53,1,1,0,11,3,20,0,0,1,0,1,0,1,25,70,999,0,0,1,2,1,2,1,11,80,0,60,12,48,8,6,2020,2,15,2,8,3,3,1,1,98,50.0
420468,1,1,23,1,1,5,11,3,8,0,0,1,0,1,0,1,999,65,999,1,0,1,2,1,2,1,1,10,1,60,96,28,20,6,2020,7,19,2,12,18,1,1,1,98,25.0
420469,1,1,33,2,1,5,11,3,8,1,0,1,0,1,0,1,55,63,999,0,0,3,3,1,2,1,1,54,1,2,96,51,1,4,2020,4,1,2,12,1,1,1,2,1,75.0
420470,1,1,40,1,1,4,11,3,8,1,0,1,0,1,0,1,999,70,999,2,0,5,3,1,2,1,1,10,0,7,96,28,5,5,2020,3,10,2,12,3,3,1,1,98,50.0
420474,1,1,36,2,1,5,11,3,20,1,0,1,0,1,0,1,25,67,999,0,0,1,4,1,2,1,14,83,0,13,96,0,14,7,2020,3,21,2,9,3,2,1,2,98,33.33333333
420475,1,1,26,2,1,3,11,3,1,0,0,3,0,1,0,1,70,64,999,0,4,2,2,1,2,1,14,6,0,13,96,36,14,7,2020,3,14,2,59,1,1,3,1,98,33.33333333
420476,1,1,27,1,1,2,11,99,20,1,0,1,0,9,0,1,35,76,999,0,9,2,3,1,2,1,1,17,1,7,96,999,4,7,2020,7,4,2,12,2,2,1,3,98,50.0
420477,1,1,45,2,1,4,11,1,1,9,0,1,0,1,0,1,80,67,999,0,3,1,2,1,2,1,1,12,0,13,96,999,21,4,2020,3,5,2,33,1,1,4,3,98,100.0
420478,1,1,24,1,1,4,11,20,20,0,0,1,0,0,0,1,30,999,999,0,0,1,4,1,2,1,11,15,0,84,96,48,17,7,2020,6,23,2,12,2,2,1,3,98,50.0
420479,1,1,32,1,1,4,11,99,99,1,0,1,0,1,0,1,999,73,999,0,0,1,2,1,2,1,1,13,0,15,96,999,14,7,2020,3,12,2,19,1,1,5,1,98,100.0
420480,1,1,43,1,1,4,11,1,20,9,0,2,0,1,0,1,100,73,999,0,3,2,3,1,2,1,1,6,1,13,96,0,19,7,2020,1,6,2,42,1,1,3,4,98,50.0
420482,1,1,44,1,1,3,11,99,99,0,0,2,0,1,0,1,55,68,999,1,0,3,3,1,2,1,15,13,0,2,96,27,21,7,2020,3,4,2,12,19,1,8,3,98,33.33333333
420483,1,1,37,1,1,4,11,20,1,1,0,1,0,2,0,1,100,70,999,1,3,1,2,1,2,1,14,6,0,13,96,37,4,8,2020,3,23,2,18,1,1,5,2,98,100.0
420485,1,1,50,1,1,4,11,20,20,9,0,1,0,1,0,1,25,68,999,0,0,1,4,1,2,1,6,17,0,12,96,39,28,7,2020,3,17,2,12,2,3,1,1,98,25.0
420490,1,1,43,2,1,4,11,20,20,9,0,2,0,0,0,1,25,65,999,0,9,1,5,1,2,1,1,9,0,69,96,18,30,8,2020,1,22,2,5,2,3,1,3,98,50.0
420493,1,1,56,1,1,4,11,20,20,8,0,1,0,1,0,1,999,67,999,0,3,3,2,2,1,1,14,9,1,94,96,0,21,11,2020,7,15,2,52,1,1,3,1,98,100.0
420494,1,1,55,1,1,4,11,20,20,8,0,1,0,0,0,1,25,72,999,0,0,1,2,6,2,1,10,9,1,69,96,0,20,11,2020,6,20,2,1,2,3,1,2,1,100.0
420496,1,1,24,1,1,4,11,20,20,0,0,3,0,1,0,1,999,70,999,0,3,4,2,1,2,1,14,6,0,13,96,0,13,6,2020,7,16,2,33,1,1,4,1,98,100.0
420498,1,1,79,2,1,4,11,99,1,0,0,1,0,1,0,1,999,62,999,0,5,1,2,6,2,1,6,10,0,13,96,28,18,11,2020,4,15,2,12,1,1,1,1,98,50.0
420499,1,1,63,1,1,4,11,20,1,0,0,1,0,1,0,1,35,73,999,0,0,1,2,1,2,2,1,9,0,13,96,0,12,11,2020,5,6,2,30,1,1,4,1,98,100.0
420503,1,1,55,1,1,4,11,20,20,1,0,1,0,1,0,1,999,75,999,0,0,1,2,5,2,1,14,11,1,85,96,73,29,7,2020,4,8,2,53,1,1,4,1,98,100.0
420504,1,1,46,1,1,0,11,20,1,9,0,1,0,1,0,1,30,71,999,0,0,1,4,1,2,2,98,99,0,7,96,999,9,9,2020,4,23,2,8,3,2,6,3,98,25.0
420505,1,1,68,1,1,4,11,20,8,0,0,2,0,1,0,1,45,74,999,0,0,6,1,6,2,2,1,8,0,60,96,0,25,8,2020,3,16,2,24,3,4,4,1,10,50.0
420509,1,1,999,9,1,9,11,99,99,9,0,99,1,9,0,1,999,999,999,99,9,1,3,1,2,1,1,80,0,999,96,999,21,8,2020,6,20,2,8,3,3,1,3,98,33.33333333
420511,1,1,23,1,1,5,11,99,1,9,0,1,0,2,0,1,999,69,999,0,0,1,3,1,1,1,1,10,0,13,6,28,7,11,2020,7,3,2,12,1,1,1,3,98,50.0
420512,1,1,69,1,1,0,11,3,20,0,0,1,0,1,0,1,25,72,999,0,9,1,3,1,2,1,11,15,0,7,96,48,12,9,2020,7,18,2,12,8,1,1,1,98,50.0
420515,1,1,41,1,1,4,11,20,20,0,0,1,0,1,0,1,65,66,999,0,5,1,2,1,2,2,14,6,1,80,96,999,10,9,2020,5,22,2,24,1,1,4,2,98,100.0
420516,1,1,51,2,1,4,11,3,8,0,0,2,0,2,0,1,40,59,999,0,0,1,2,6,2,1,98,98,0,5,0,0,25,11,2020,4,20,2,12,2,2,1,3,98,33.33333333
420518,1,1,49,1,1,0,11,99,99,0,0,1,0,1,0,1,999,71,999,1,0,3,2,1,2,1,1,80,0,7,0,0,23,11,2020,2,21,2,8,1,1,1,6,98,50.0
420519,1,1,54,1,1,0,11,3,20,0,0,1,0,3,21,1,999,67,999,0,0,1,2,1,2,1,11,80,0,63,96,38,17,9,2020,5,15,2,8,3,3,1,1,98,50.0
420520,1,1,31,1,1,0,11,3,1,0,0,1,0,1,0,1,999,72,999,0,0,1,2,5,2,1,11,15,0,13,0,38,4,11,2020,4,6,2,12,2,4,1,4,98,50.0
420521,1,1,38,2,1,0,11,99,20,9,0,99,1,2,0,1,999,62,999,0,0,3,2,1,1,1,1,83,0,13,96,999,17,9,2020,5,1,2,9,1,1,1,2,98,50.0
420522,1,1,20,1,1,4,11,20,20,0,0,1,0,1,0,1,73,68,999,0,5,1,2,5,2,1,1,13,0,80,96,37,15,9,2020,3,19,2,33,1,1,4,5,1,100.0
420524,1,1,27,1,1,4,11,20,8,1,0,1,0,1,0,1,999,69,999,0,4,3,2,6,2,1,1,9,1,13,96,0,1,11,2020,1,1,2,33,1,1,3,3,98,100.0
420526,1,1,54,2,1,4,11,20,8,9,0,1,0,1,0,1,999,67,999,0,0,2,4,1,2,1,1,13,0,7,96,0,30,10,2020,6,16,2,24,7,1,4,1,98,50.0