ST_CASE,VEH_NO,PER_NO,AGE,SEX,PER_TYP,INJ_SEV,SEAT_POS,REST_USE,AIR_BAG,DRUGS,LOCATION,NUMOCCS,HIT_RUN,OWNER,V_CONFIG,HAZ_INV,TRAV_SP,DR_HGT,DR_WGT,PREV_SPD,SPEEDREL,VTRAFWAY,VNUM_LAN,VPROFILE,VPAVETYP,VSURCOND,P_CRASH1,P_CRASH2,DR_DRINK,VPICBODYCLASS,DRDISTRACT,DRIVERRF,DAY,MONTH,YEAR,DAY_WEEK,HOUR,RUR_URB,HARM_EV,RELJCT2,TYP_INT,REL_ROAD,LGT_COND,WEATHER,Fatality Rate (%)
420529,1,1,999,9,1,0,11,99,99,9,0,99,1,9,0,1,50,999,999,99,9,1,5,1,2,1,1,80,0,999,96,999,20,9,2020,1,0,2,8,3,2,1,3,98,50.0
420530,1,1,999,9,1,0,11,99,99,9,0,99,1,9,0,1,40,999,999,99,0,1,2,1,2,1,1,80,0,60,96,999,18,9,2020,6,23,2,8,1,1,7,3,98,50.0
420534,1,1,57,1,1,4,11,20,20,0,0,1,0,1,0,1,65,76,285,0,4,3,4,1,1,1,14,6,0,81,96,82,18,9,2020,6,23,2,1,1,1,1,3,1,50.0
420536,1,1,30,1,1,4,11,20,20,1,0,1,0,1,0,1,50,68,999,2,5,1,2,1,2,1,6,17,0,98,96,33,22,9,2020,3,8,2,12,8,1,1,1,98,20.0
420539,1,1,29,1,1,0,11,99,20,0,0,1,0,2,0,1,55,69,999,0,9,3,2,5,2,1,14,80,0,13,96,999,23,9,2020,4,19,2,8,1,1,1,2,98,50.0
420541,1,1,67,1,1,0,11,3,1,0,0,1,0,1,0,1,35,68,999,0,0,5,5,1,2,1,1,80,0,7,0,0,26,9,2020,7,21,2,8,1,1,1,3,98,50.0
420542,1,1,20,1,1,0,11,3,1,0,0,1,0,1,0,1,999,67,999,0,0,1,5,1,2,2,1,17,0,60,96,39,26,9,2020,7,6,2,12,2,2,1,4,2,50.0
420544,1,1,37,1,1,4,11,20,2,1,0,1,0,1,0,1,999,70,999,0,4,3,2,5,2,2,14,6,1,3,96,87,27,9,2020,1,23,2,43,19,1,4,2,2,100.0
420546,1,1,70,1,1,4,11,3,1,0,0,1,0,1,0,1,999,71,999,0,0,2,2,1,2,1,14,10,0,7,96,28,24,10,2020,7,19,2,12,1,1,1,2,1,50.0
420549,1,1,58,1,1,4,11,99,99,9,0,1,0,1,6,1,65,68,999,0,0,3,2,1,2,1,1,60,0,66,96,0,11,8,2020,3,20,2,12,1,1,1,2,98,33.33333333
420551,1,1,42,1,1,4,11,20,20,1,0,1,0,1,0,1,55,70,999,0,5,1,2,1,2,1,14,13,1,94,96,0,17,9,2020,5,22,2,33,1,1,4,3,98,100.0
420553,1,1,18,1,1,0,11,3,8,0,0,1,0,4,0,1,95,68,999,1,3,2,3,1,1,1,15,11,0,13,96,52,2,10,2020,6,18,2,12,1,1,1,1,98,66.66666667
420556,1,1,999,9,1,9,11,99,99,9,0,99,1,9,99,1,60,999,999,99,9,1,5,1,2,1,99,80,0,999,99,999,4,10,2020,1,2,2,8,1,1,1,3,98,50.0
420557,1,1,47,1,1,4,11,20,20,1,0,1,0,1,0,1,80,67,999,0,0,2,2,1,2,1,14,6,0,60,96,51,5,10,2020,2,20,2,24,1,1,4,3,98,100.0
420558,1,1,26,1,1,4,11,20,20,0,0,1,0,0,0,1,45,67,999,0,0,1,5,1,2,1,1,62,0,84,96,52,5,10,2020,2,19,2,12,8,1,1,3,98,33.33333333
420559,1,1,18,1,1,2,11,20,8,0,0,1,0,2,0,1,10,68,999,0,0,1,2,1,2,1,11,15,0,13,96,48,7,10,2020,4,18,2,12,2,3,1,1,98,50.0
420560,1,1,21,2,1,4,11,3,8,0,0,2,0,1,0,1,999,65,999,0,5,1,2,1,2,1,1,10,0,13,96,0,7,10,2020,4,14,2,12,1,1,1,1,98,25.0
420561,1,1,50,1,1,4,11,20,20,9,0,1,0,1,0,1,999,68,999,0,5,1,4,1,2,1,1,62,0,80,96,0,9,10,2020,6,17,2,12,2,3,1,1,98,50.0
420562,1,1,31,2,1,5,11,3,8,0,0,1,0,1,0,1,999,66,999,0,0,1,5,5,2,1,11,15,0,7,0,48,4,9,2020,6,14,2,12,8,1,1,1,98,50.0
420563,1,1,70,2,1,4,11,20,1,0,0,2,0,1,0,1,999,69,999,0,0,1,2,1,2,2,14,10,0,13,96,999,21,12,2020,2,16,2,12,1,1,1,1,98,33.33333333
420564,1,1,57,1,1,5,11,99,20,0,0,1,0,1,6,1,50,69,999,0,0,2,4,1,2,1,1,17,0,66,96,39,2,10,2020,6,11,2,12,8,1,1,1,98,50.0
420566,1,1,44,1,1,5,11,3,1,0,0,1,0,2,0,1,60,999,999,0,0,3,2,1,2,1,1,80,0,95,96,0,24,11,2020,3,1,2,8,1,1,1,2,98,50.0
420567,1,1,23,1,1,4,11,20,20,9,0,1,0,9,0,1,90,70,999,1,4,3,3,1,2,1,1,51,0,80,96,0,6,10,2020,3,19,2,12,1,1,1,3,98,16.66666667
420568,1,1,54,1,1,4,11,3,3,1,0,1,0,1,0,1,999,72,999,0,0,2,5,1,2,1,1,17,0,7,96,0,19,1,2020,1,16,2,12,2,3,1,5,10,33.33333333
420569,1,1,43,1,1,4,11,20,20,0,0,1,0,1,0,1,50,72,999,0,0,3,2,1,2,1,14,12,1,80,96,52,9,10,2020,6,21,2,25,1,1,3,3,98,50.0
420575,1,1,25,1,1,4,11,3,1,9,0,1,0,1,0,1,999,73,999,0,2,1,4,1,1,1,3,13,1,3,96,0,7,9,2020,2,23,2,46,1,1,12,3,98,100.0
420576,1,1,38,1,1,4,11,20,8,9,0,1,0,2,0,1,82,69,999,0,5,1,4,3,2,2,6,10,0,13,96,51,22,7,2020,4,9,2,12,3,2,1,1,98,50.0
420577,1,1,34,2,1,4,11,3,1,9,0,1,0,1,0,1,999,66,999,0,0,1,2,5,2,2,14,62,0,13,96,0,30,11,2020,2,13,2,12,1,1,1,1,2,50.0
420579,1,1,28,1,1,4,11,99,1,9,0,1,0,1,0,1,50,68,999,0,9,2,2,1,2,1,14,99,1,13,96,999,16,10,2020,6,2,2,30,1,1,4,3,98,50.0
420583,1,1,80,1,1,4,11,3,7,0,0,1,0,1,0,1,40,67,999,0,0,2,4,1,2,1,1,50,0,13,96,0,23,12,2020,4,17,2,12,1,1,1,3,98,50.0
420585,1,1,46,1,1,0,11,3,20,0,0,1,0,3,5,1,999,71,999,0,0,1,6,1,2,1,1,80,0,66,96,0,21,10,2020,4,3,2,8,3,2,1,3,10,50.0
420586,1,1,81,1,1,0,11,20,20,0,0,1,0,1,0,1,35,68,999,0,0,2,2,1,2,1,1,80,0,13,96,0,23,11,2020,2,10,2,8,1,1,1,1,10,50.0
420589,1,1,50,1,1,4,11,3,8,0,0,1,0,1,0,1,65,72,999,1,4,3,2,6,2,2,98,13,0,60,96,30,21,10,2020,4,8,2,24,5,1,4,1,5,100.0
420590,1,1,33,1,1,4,11,3,8,0,0,1,0,2,0,1,25,71,999,0,0,3,2,1,2,2,14,54,1,13,96,51,19,10,2020,2,23,2,12,1,1,1,3,2,50.0
420591,1,1,46,1,1,4,11,99,8,9,0,1,0,2,0,1,999,66,999,0,9,1,4,1,2,1,14,6,0,7,96,999,19,12,2020,7,2,2,33,1,1,4,3,98,100.0
420593,1,1,47,1,1,0,11,3,20,9,0,1,0,1,0,1,999,69,999,0,0,2,2,1,2,1,1,80,0,13,96,0,2,11,2020,2,19,2,8,1,1,1,3,98,50.0
420594,1,1,999,9,1,9,11,99,99,9,0,99,1,9,0,1,999,999,999,99,9,2,2,1,2,1,99,80,0,999,99,999,7,11,2020,7,15,2,8,3,2,1,1,98,50.0
420595,1,1,48,1,1,0,11,99,20,0,0,1,0,1,0,1,50,68,999,0,0,2,4,5,2,1,1,80,0,60,96,0,13,11,2020,6,18,2,8,1,1,1,3,98,50.0
420596,1,1,51,1,1,4,11,99,20,0,0,1,0,1,0,1,999,68,999,0,0,4,2,1,2,1,1,8,1,13,96,0,24,10,2020,7,20,2,12,3,3,1,3,98,25.0
420597,1,1,999,9,1,9,11,99,99,9,0,99,1,9,99,1,999,999,999,99,0,1,3,1,2,1,1,80,0,998,96,0,10,11,2020,3,5,2,8,1,1,1,4,98,50.0
420599,1,1,38,1,1,4,11,20,20,1,0,2,0,2,0,1,999,71,999,0,0,1,2,6,2,1,1,10,0,13,96,0,26,11,2020,5,17,2,12,1,1,1,2,98,20.0
420605,1,1,60,1,1,4,11,20,20,0,0,1,0,2,0,1,40,69,999,0,0,1,2,4,2,1,14,14,1,13,96,39,2,11,2020,2,20,2,17,3,3,4,3,98,100.0
420607,1,1,35,1,1,2,11,20,1,1,0,3,0,2,0,1,999,74,999,0,0,1,4,1,2,1,1,13,1,13,96,91,8,11,2020,1,15,2,46,3,2,4,1,98,33.33333333
420608,1,1,40,1,1,4,11,99,1,9,0,1,0,1,0,1,999,72,999,0,4,1,2,1,2,1,14,12,1,13,96,0,12,12,2020,7,0,2,33,1,1,4,2,98,100.0
420610,1,1,43,1,1,4,11,20,20,9,0,1,0,1,0,1,999,66,999,1,5,2,3,1,2,1,6,6,0,94,96,52,17,11,2020,3,15,2,12,1,1,1,1,98,25.0
420612,1,1,18,1,1,0,11,3,20,9,0,1,0,1,0,1,30,71,999,0,9,1,2,1,2,1,1,80,0,13,96,73,17,11,2020,3,1,2,8,3,2,1,3,98,33.33333333
420613,1,1,76,1,1,4,11,20,1,0,0,1,0,1,0,1,40,70,999,0,9,1,3,1,2,1,1,50,0,13,96,6,27,9,2020,1,11,2,12,3,2,1,1,1,50.0
420615,1,1,24,1,1,4,11,3,8,9,0,1,0,1,0,1,45,68,999,2,0,1,2,6,2,1,1,10,0,5,96,28,22,11,2020,1,21,2,12,1,1,1,3,10,25.0
420616,1,1,83,1,1,4,11,3,20,0,0,2,0,1,0,1,999,68,999,0,0,1,4,1,2,2,11,15,0,7,0,48,25,11,2020,4,12,2,12,8,1,1,1,10,20.0
420618,1,1,24,1,1,4,11,20,1,9,0,2,0,1,0,1,999,64,999,0,4,5,3,1,2,1,6,11,0,13,96,36,3,12,2020,5,19,2,12,1,1,1,2,98,20.0
420619,1,1,76,1,1,4,11,20,8,0,0,1,0,1,0,1,25,68,999,0,0,2,3,1,2,2,11,15,0,5,96,48,14,12,2020,2,13,2,12,2,2,1,1,2,33.33333333
420620,1,1,88,1,1,4,11,8,20,0,0,1,0,1,0,1,999,66,999,0,0,6,1,1,2,2,1,66,0,7,96,0,31,12,2020,5,10,2,12,2,2,1,1,10,25.0
420621,1,1,50,1,1,0,11,3,20,0,0,1,0,3,1,1,999,73,999,1,0,2,1,5,2,3,13,80,0,63,96,87,16,12,2020,4,16,2,8,1,1,1,5,4,50.0
420625,1,1,85,1,1,4,11,3,1,0,0,1,0,2,0,1,999,68,999,0,0,1,2,1,2,2,14,8,0,13,96,6,4,12,2020,6,20,2,41,1,1,5,2,2,100.0
420626,1,1,22,1,1,4,11,20,20,0,0,1,0,1,0,1,80,69,999,0,3,2,1,5,2,1,1,5,1,80,96,82,10,10,2020,7,18,2,44,1,1,1,2,98,100.0
420630,1,1,84,2,1,0,11,3,8,0,0,1,0,1,0,1,10,63,999,0,0,1,5,1,2,1,11,15,0,13,96,38,6,11,2020,6,15,2,12,2,2,1,1,98,50.0
420631,1,1,19,2,1,4,11,20,8,9,0,2,0,2,0,1,999,63,999,0,4,2,2,1,2,2,14,12,0,13,96,87,9,12,2020,4,13,2,12,1,1,1,1,4,33.33333333
420632,1,1,69,2,1,4,11,99,99,0,0,1,0,1,0,1,40,67,999,0,0,1,2,1,2,1,1,10,1,13,96,91,10,12,2020,5,18,2,12,1,1,1,3,98,50.0
420633,1,1,34,1,1,5,11,20,3,1,0,1,0,1,0,1,999,68,999,1,0,5,5,1,2,1,1,10,0,7,96,28,16,10,2020,6,17,2,12,1,1,1,1,98,50.0
420636,1,1,26,1,1,0,11,3,20,0,0,1,0,2,0,1,55,68,999,0,0,6,1,1,2,2,16,80,0,5,96,0,21,12,2020,2,6,2,8,20,1,1,4,5,50.0
420637,1,1,31,1,1,0,11,3,20,0,0,1,0,3,6,1,50,75,999,0,0,3,2,1,2,1,1,80,0,66,98,0,22,12,2020,3,15,2,8,1,1,1,1,98,50.0
420640,1,1,24,1,1,3,11,20,20,0,0,1,0,2,0,1,25,76,999,0,3,1,2,1,2,1,1,17,0,13,96,39,6,7,2020,2,11,2,12,2,2,1,1,98,33.33333333
420641,1,1,54,1,1,0,11,3,20,0,0,1,0,1,0,1,999,69,999,0,0,4,2,1,2,2,1,80,0,13,96,0,3,1,2020,6,21,2,8,1,1,1,3,2,50.0
420642,1,1,999,9,1,9,11,20,20,9,0,99,1,9,0,1,999,999,999,99,9,9,9,9,2,99,99,80,0,125,96,999,16,11,2020,2,17,2,8,3,2,99,7,99,50.0
420644,1,1,40,1,1,4,11,3,20,0,0,1,0,1,6,1,999,70,145,0,9,2,2,1,2,2,14,12,0,66,96,999,25,12,2020,6,2,2,35,1,1,3,2,2,100.0
420645,1,1,38,1,9,4,19,20,20,9,0,2,0,2,0,1,40,999,999,99,3,1,2,6,2,2,14,11,0,7,96,999,6,7,2020,2,22,2,1,1,1,2,3,98,50.0
420646,1,1,24,2,1,0,11,99,99,0,0,1,0,1,0,1,25,999,999,1,9,1,4,1,2,1,1,17,0,13,96,999,12,7,2020,1,10,2,12,2,2,1,1,98,50.0
420647,1,1,58,1,1,3,11,3,20,0,0,1,0,3,2,1,999,67,999,0,0,1,2,1,2,1,11,15,0,11,0,48,25,9,2020,6,14,2,12,2,2,1,1,98,50.0
420648,1,1,27,2,1,4,11,1,1,0,0,1,0,1,0,1,68,67,999,0,0,1,2,1,2,1,6,13,1,60,96,35,12,8,2020,4,21,2,31,1,1,4,2,98,100.0
420649,1,1,87,1,1,4,11,3,8,0,0,1,0,1,0,1,55,77,999,0,0,3,4,1,1,1,14,99,0,7,96,999,4,3,2020,4,23,2,24,1,1,3,3,1,100.0
420650,1,1,72,1,1,4,11,20,20,0,0,1,0,1,0,1,999,72,999,0,0,1,2,6,2,1,1,72,0,3,96,0,18,10,2020,1,8,2,12,8,1,1,1,98,50.0
420651,1,1,34,1,1,4,11,20,20,9,0,1,0,2,0,1,45,68,999,0,9,1,4,1,2,1,1,62,1,6,96,999,6,8,2020,5,22,2,12,2,2,1,3,98,25.0
420652,1,1,62,1,1,5,11,3,8,0,0,2,0,1,0,1,999,75,999,0,0,1,2,6,2,1,14,54,1,3,96,51,6,11,2020,6,21,2,12,1,1,1,3,98,20.0
420653,1,1,42,1,1,0,11,99,20,0,0,2,0,1,0,1,999,69,999,0,0,1,2,5,2,1,11,15,0,13,96,48,3,7,2020,6,15,2,12,8,1,1,1,98,33.33333333
420654,1,1,74,1,1,4,11,3,20,0,0,1,0,1,0,1,10,74,999,0,0,1,3,1,2,1,1,17,0,60,96,39,2,11,2020,2,15,2,12,2,2,1,1,98,33.33333333
420656,1,1,999,1,1,3,11,99,20,9,0,2,0,9,0,1,45,999,999,99,0,1,2,1,2,1,1,13,0,13,96,39,16,11,2020,2,15,2,46,3,2,4,1,98,50.0
420657,1,1,62,1,1,4,11,20,20,0,0,1,0,3,0,1,35,69,999,0,0,1,5,1,2,1,1,8,1,60,96,0,13,11,2020,6,19,2,30,1,1,4,3,98,100.0
420658,1,1,54,1,1,0,11,3,20,0,0,1,0,1,0,1,40,71,999,0,0,1,4,1,2,1,1,83,0,13,96,0,20,11,2020,6,12,2,9,2,2,1,1,98,50.0
420659,1,1,21,1,1,4,11,99,8,9,0,2,0,2,0,1,30,68,999,0,4,1,2,1,2,1,1,13,1,13,96,0,24,11,2020,3,21,2,42,1,1,4,3,98,50.0
420661,1,1,87,1,1,4,11,20,1,0,0,1,0,2,0,1,999,69,999,0,0,1,4,1,2,1,11,15,0,5,96,48,18,11,2020,4,11,2,12,8,1,1,1,1,33.33333333
420663,1,1,55,1,1,4,11,3,1,1,0,1,0,1,0,1,45,68,999,0,9,1,2,1,2,1,1,10,0,13,96,28,2,6,2020,3,15,2,12,1,1,1,1,1,100.0
420665,1,1,67,1,1,4,11,20,99,9,0,1,0,1,0,1,999,66,240,0,3,1,2,6,2,1,14,12,0,60,96,0,23,1,2020,5,20,2,42,1,1,5,2,98,100.0
420667,1,1,57,2,1,4,11,20,8,0,0,1,0,1,0,1,85,66,999,0,3,1,4,1,2,1,1,12,0,7,96,39,1,1,2020,4,9,2,33,3,2,3,1,98,100.0
420669,1,1,53,2,1,4,11,1,20,0,0,1,0,1,0,1,45,63,999,0,0,5,3,1,2,1,14,8,0,13,96,0,13,4,2020,2,9,2,30,1,1,4,1,2,100.0
420671,1,1,33,1,1,0,11,3,20,1,0,1,1,1,0,1,999,70,999,1,4,1,2,6,2,1,14,83,0,7,96,51,23,5,2020,7,12,2,9,1,1,1,1,98,50.0
420674,1,1,53,1,1,0,11,3,20,1,0,5,0,1,0,1,40,73,999,0,3,1,2,5,2,1,1,80,1,13,96,0,15,5,2020,6,22,2,8,1,1,1,3,98,16.66666667
420675,1,1,24,1,1,4,11,20,20,0,0,1,0,2,0,1,999,71,999,0,5,1,2,6,2,1,14,6,0,98,96,0,30,7,2020,5,6,2,1,1,1,1,1,98,100.0
420676,1,1,39,2,1,4,11,20,20,1,0,1,0,2,0,1,999,64,999,0,9,1,2,5,2,1,1,13,1,13,96,999,29,7,2020,4,3,2,24,1,1,4,6,98,100.0
420678,1,1,32,1,1,4,11,20,20,0,0,1,0,2,0,1,999,73,999,0,3,1,2,5,2,1,14,14,1,85,96,39,28,7,2020,3,19,2,33,3,3,4,1,98,100.0
420679,1,1,55,1,1,4,11,99,99,9,0,1,0,3,6,1,5,68,999,2,0,1,2,3,2,1,14,91,0,66,96,38,20,8,2020,5,5,2,10,6,1,1,2,98,100.0
420680,1,1,48,1,1,4,11,20,20,0,0,1,0,1,0,1,999,74,999,0,0,6,1,5,2,6,14,5,0,81,96,87,29,8,2020,7,18,2,1,20,1,1,1,2,100.0
420684,1,1,999,9,1,9,11,99,99,9,0,1,1,9,99,1,999,999,999,99,0,2,6,1,1,1,99,80,0,999,96,999,19,12,2020,7,1,2,8,1,1,1,2,98,50.0
420685,1,1,22,1,1,0,11,99,99,0,0,1,0,1,0,1,999,70,999,0,9,1,2,1,2,1,1,80,0,13,92,999,9,6,2020,3,16,2,8,1,1,1,1,98,50.0
420689,1,1,50,1,1,4,11,99,1,9,0,1,0,1,0,1,50,69,999,0,0,2,2,1,2,1,1,50,0,13,96,6,22,1,2020,4,15,2,12,1,1,1,1,98,50.0
420692,1,1,18,1,1,3,11,20,8,0,0,4,0,2,0,1,75,69,999,1,3,1,2,5,2,1,14,11,1,13,96,0,10,8,2020,2,5,2,30,1,1,4,2,98,25.0
420696,1,1,28,1,1,0,11,3,20,1,0,1,0,2,0,1,33,68,999,0,0,1,2,1,2,1,1,80,0,60,96,0,12,12,2020,7,18,2,8,1,1,1,2,98,50.0
420697,1,1,60,1,1,0,11,20,20,0,0,1,0,1,0,1,25,70,999,0,0,1,2,1,2,1,14,84,0,60,96,0,11,12,2020,6,2,2,9,3,2,1,3,98,50.0
420698,1,1,32,1,1,4,11,99,1,0,0,1,0,1,0,1,60,67,999,0,0,2,2,1,2,1,1,54,1,3,96,51,30,8,2020,1,2,2,12,1,1,1,2,98,20.0
420699,1,1,33,2,1,0,11,3,20,0,0,1,0,3,21,1,999,63,999,0,0,1,4,1,2,2,10,80,0,16,96,48,18,1,2020,7,12,2,8,3,2,1,1,2,50.0
420703,1,1,999,9,1,9,11,99,99,9,0,1,1,9,99,1,40,999,999,99,0,1,3,1,2,2,1,80,0,998,96,0,5,12,2020,7,1,2,8,1,1,1,3,98,50.0
420704,1,1,61,1,1,4,11,3,1,0,0,1,0,1,0,1,55,71,999,0,0,1,2,2,2,1,1,12,0,7,96,0,17,10,2020,7,9,2,35,1,1,4,1,98,100.0
420705,1,1,31,2,1,4,11,99,1,9,0,1,0,1,0,1,999,65,999,0,0,1,2,6,2,2,1,99,0,13,96,999,28,2,2020,6,7,2,35,1,1,4,1,98,100.0
420707,1,1,999,9,1,9,11,99,99,9,0,1,1,9,99,1,999,999,999,99,0,1,5,1,2,1,99,80,0,998,96,999,5,12,2020,7,22,2,8,2,3,1,3,98,50.0
420708,1,1,22,1,1,4,11,3,1,9,0,1,0,2,0,1,999,64,999,0,4,3,3,1,1,1,15,6,0,13,96,0,28,11,2020,7,21,2,25,1,1,3,3,1,100.0
420710,1,1,31,1,1,1,11,1,8,0,0,1,0,1,0,1,999,70,999,0,4,3,3,1,1,1,1,12,0,3,92,0,28,12,2020,2,7,2,25,1,1,3,1,98,20.0
420711,1,1,31,1,1,4,11,20,20,8,0,1,0,1,0,1,999,72,999,0,5,1,3,1,2,1,1,62,1,98,96,0,20,11,2020,6,22,2,12,8,1,1,3,98,50.0
420712,1,1,68,1,1,4,11,99,1,9,0,1,0,1,0,1,999,74,999,0,9,2,2,5,2,1,1,54,0,13,96,51,10,12,2020,5,8,2,12,3,2,1,1,98,33.33333333
420713,1,1,20,2,1,4,11,20,8,0,0,1,0,2,0,1,999,67,999,1,0,1,2,1,2,1,1,10,0,7,96,28,19,11,2020,5,6,2,12,1,1,1,2,98,50.0
420714,1,1,65,1,1,4,11,99,1,0,0,1,0,1,0,1,999,70,999,0,0,2,3,1,2,2,11,15,0,13,96,48,3,1,2020,6,5,2,12,2,2,1,3,98,50.0
420715,1,1,79,1,1,4,11,3,1,1,0,2,0,1,0,1,999,70,999,0,0,2,5,1,2,2,11,15,0,7,96,48,15,11,2020,1,15,2,12,2,3,1,1,98,20.0
420720,1,1,20,1,1,4,11,20,20,9,0,1,0,1,0,1,40,67,999,0,0,1,2,1,2,1,1,13,0,60,96,999,9,11,2020,2,11,2,59,1,1,4,1,1,100.0
420722,1,1,55,1,1,5,11,99,20,0,0,1,0,3,0,1,999,66,999,0,9,1,4,6,2,1,1,80,0,95,0,999,12,7,2020,1,3,2,8,3,3,1,3,98,50.0
420723,1,1,45,1,1,4,11,20,20,1,0,1,0,2,0,1,50,73,999,0,4,1,2,1,2,1,14,6,1,94,96,0,7,11,2020,7,22,2,43,1,1,5,2,98,100.0
420727,1,1,78,2,1,5,11,3,20,0,0,3,0,1,0,1,999,67,999,0,0,1,2,5,2,1,1,14,0,13,96,0,25,10,2020,1,11,2,33,3,3,4,1,98,33.33333333
420728,1,1,27,1,1,4,11,20,99,0,0,1,0,2,0,1,999,70,999,1,0,1,2,5,2,1,1,8,0,5,0,0,3,11,2020,3,18,2,35,1,1,4,5,98,100.0
420731,1,1,28,2,1,4,11,99,8,0,0,1,0,1,0,1,999,65,999,0,4,1,2,6,2,1,14,13,0,7,96,0,13,10,2020,3,22,2,42,1,1,5,2,98,100.0
420732,1,1,50,1,1,0,11,3,1,0,0,1,0,3,1,1,50,70,999,0,0,3,2,1,2,1,1,50,0,62,12,6,27,9,2020,1,15,2,12,1,1,1,1,98,7.142857143
420736,1,1,23,2,1,3,11,99,1,0,0,1,0,3,0,1,999,64,999,1,0,1,4,1,2,1,14,10,1,7,96,28,21,2,2020,6,23,2,12,1,1,1,2,1,50.0
420737,1,1,35,1,1,4,11,1,8,9,0,3,0,1,0,1,80,69,999,0,5,1,4,1,2,1,14,6,1,3,96,36,30,12,2020,4,9,2,42,1,1,5,1,98,66.66666667
420738,1,1,49,1,1,4,11,99,1,9,0,1,0,1,0,1,60,67,999,0,4,4,1,6,2,99,14,6,0,13,96,0,23,12,2020,4,11,2,24,1,1,4,1,98,100.0
420741,1,1,25,1,1,0,11,99,99,0,0,1,0,2,0,1,25,70,999,0,0,5,5,1,2,1,1,54,0,7,96,51,10,11,2020,3,9,2,12,1,1,1,1,98,25.0
420742,1,1,40,2,1,4,11,99,99,9,0,1,0,1,0,1,30,72,999,0,0,4,3,1,2,4,1,12,1,13,96,0,21,12,2020,2,2,2,42,1,1,4,3,98,100.0
420743,1,1,60,1,1,4,11,20,8,9,0,1,0,1,0,1,999,66,999,0,0,1,3,1,2,1,99,12,0,5,96,0,15,12,2020,3,9,2,30,1,1,4,1,98,100.0
420744,1,1,54,1,1,0,11,3,20,0,0,1,0,3,2,1,40,72,999,0,0,1,2,6,2,1,1,50,0,11,0,999,9,1,2020,5,14,2,12,3,3,1,1,98,25.0
420745,1,1,31,2,1,0,11,3,20,0,0,1,0,1,0,1,20,69,999,0,0,1,3,1,2,1,1,80,0,7,96,0,14,12,2020,2,19,2,8,1,1,1,3,98,50.0
420746,1,1,24,2,1,0,11,3,20,0,0,1,0,1,0,1,35,71,999,0,4,1,2,5,2,2,1,80,0,13,92,999,5,5,2020,3,22,2,8,2,3,1,3,2,50.0
420747,1,1,50,1,1,4,11,20,20,9,0,1,0,1,0,1,50,75,999,0,0,1,2,1,2,1,6,71,0,80,96,6,13,12,2020,1,16,2,12,8,1,1,1,98,50.0
420748,1,1,40,1,1,4,11,20,20,9,0,2,0,0,0,1,60,72,999,0,5,1,3,1,2,1,1,63,1,69,96,18,12,12,2020,7,19,2,12,2,2,1,3,98,33.33333333
420751,1,1,24,1,1,4,11,99,1,8,0,4,0,1,0,1,30,69,999,1,0,1,2,1,2,1,1,98,0,13,96,999,24,11,2020,3,11,2,14,1,1,7,1,98,75.0
420752,1,1,58,1,1,0,11,3,20,0,0,1,0,3,6,1,999,69,999,0,0,1,2,5,2,1,1,10,0,66,92,28,21,1,2020,3,12,2,12,2,4,1,1,98,25.0
420753,1,1,55,2,1,3,11,99,1,9,0,1,0,2,0,1,10,68,999,0,0,1,2,1,2,1,11,15,0,13,96,48,27,11,2020,6,12,2,12,2,2,1,1,98,50.0
420755,1,1,32,2,1,0,11,3,20,0,0,4,0,1,0,1,50,66,999,1,0,3,2,1,2,1,1,80,0,13,96,0,24,11,2020,3,17,2,8,1,1,1,3,1,20.0
420756,1,1,78,1,1,0,11,99,8,0,0,1,0,1,0,1,10,78,999,0,0,1,2,1,2,1,11,66,0,7,0,0,26,3,2020,5,19,2,12,2,2,1,1,98,50.0
420758,1,1,51,1,1,3,11,20,20,0,0,2,0,1,0,1,45,68,999,0,0,1,2,5,2,2,14,5,0,81,96,0,26,9,2020,7,22,2,24,1,1,4,2,98,50.0
420759,1,1,83,2,1,4,11,20,1,0,0,1,0,1,0,1,20,66,999,0,0,1,2,1,2,1,11,13,0,7,96,0,24,9,2020,5,17,2,46,3,3,4,1,98,100.0
420761,1,1,18,1,1,4,11,99,20,9,0,1,0,2,0,1,45,999,999,0,4,1,2,6,2,1,1,13,0,13,96,0,25,9,2020,6,3,2,35,1,1,4,3,98,100.0
420762,1,1,999,9,1,9,11,99,99,9,0,1,1,9,99,1,999,999,999,99,9,1,2,1,2,1,1,80,0,999,96,999,12,11,2020,5,4,2,8,2,7,1,3,98,50.0
420766,1,1,33,1,1,4,11,20,1,1,0,1,0,1,0,1,999,68,999,0,4,3,2,1,2,2,1,51,0,7,96,87,24,4,2020,6,15,2,12,1,1,1,1,2,25.0
420769,1,1,75,2,1,4,11,20,20,0,0,1,0,1,0,1,40,67,999,0,0,1,2,1,2,1,14,13,0,13,96,0,6,8,2020,5,12,2,24,1,1,4,1,98,100.0