ST_CASE,VEH_NO,PER_NO,AGE,SEX,PER_TYP,INJ_SEV,SEAT_POS,REST_USE,AIR_BAG,DRUGS,LOCATION,NUMOCCS,HIT_RUN,OWNER,V_CONFIG,HAZ_INV,TRAV_SP,DR_HGT,DR_WGT,PREV_SPD,SPEEDREL,VTRAFWAY,VNUM_LAN,VPROFILE,VPAVETYP,VSURCOND,P_CRASH1,P_CRASH2,DR_DRINK,VPICBODYCLASS,DRDISTRACT,DRIVERRF,DAY,MONTH,YEAR,DAY_WEEK,HOUR,RUR_URB,HARM_EV,RELJCT2,TYP_INT,REL_ROAD,LGT_COND,WEATHER,Fatality Rate (%)
482445,1,1,58,2,1,4,11,3,20,8,0,1,0,1,0,1,998,999,999,1,0,2,2,1,8,1,1,17,0,13,96,38,24,9,2020,5,8,2,12,2,3,1,1,1,50.0
482447,1,1,43,1,1,4,11,3,8,8,0,1,0,1,0,1,998,999,999,1,0,2,3,1,8,1,1,13,0,60,96,0,28,9,2020,2,7,2,46,1,1,4,1,1,100.0
482448,1,1,53,1,1,0,11,3,20,8,0,1,0,1,0,1,998,999,999,0,0,3,5,1,8,1,1,80,0,7,10,0,23,9,2020,4,20,2,8,1,1,1,3,10,50.0
482449,1,1,38,1,1,0,11,3,20,8,0,1,0,2,0,1,998,999,999,0,0,4,2,2,8,1,1,80,0,7,96,0,30,9,2020,4,0,2,8,1,1,1,2,1,50.0
482450,1,1,62,1,1,4,11,20,9,1,0,1,0,0,0,1,998,999,999,0,0,2,2,1,1,1,1,12,0,60,96,0,25,8,2020,3,14,2,42,1,1,3,1,1,100.0
482451,1,1,42,2,1,4,11,20,20,1,0,1,0,3,0,1,998,76,290,1,4,3,3,2,8,1,1,13,0,119,96,0,29,9,2020,3,12,2,38,1,1,10,1,1,100.0
482452,1,1,46,1,1,0,11,3,20,8,0,1,0,3,1,1,998,999,999,0,0,3,4,1,8,6,1,80,0,11,96,0,22,9,2020,3,20,2,8,1,1,1,3,2,50.0
482454,1,1,68,1,1,4,11,20,20,8,0,1,0,0,0,1,998,999,999,0,5,6,1,8,8,1,16,10,0,94,96,30,27,9,2020,1,16,2,12,5,1,1,1,1,16.66666667
482455,1,1,46,2,1,0,11,3,20,8,0,1,0,1,0,1,998,999,999,2,0,5,7,1,8,1,15,80,0,7,96,0,26,9,2020,7,7,2,8,1,1,1,2,1,50.0
482460,1,1,32,2,1,4,11,3,8,8,0,1,0,2,0,1,998,999,999,0,0,2,2,1,8,1,1,54,1,13,96,51,18,9,2020,6,0,2,12,1,1,1,3,1,50.0
482463,1,1,61,1,1,4,11,20,20,8,0,1,0,0,0,1,998,999,999,0,4,5,7,1,2,1,1,50,1,94,96,0,21,9,2020,2,17,2,12,1,1,1,1,1,50.0
482465,1,1,54,1,1,1,11,3,9,8,0,2,0,1,0,1,998,999,999,0,0,1,2,8,8,1,1,68,0,60,96,0,14,9,2020,2,12,2,12,2,7,1,1,1,33.33333333
482468,1,1,38,1,1,0,11,3,20,8,0,2,0,2,0,1,998,999,999,0,0,1,4,1,8,1,11,80,0,60,96,38,1,10,2020,5,16,2,8,3,2,1,1,1,33.33333333
482469,1,1,18,1,1,1,11,3,8,8,0,2,0,2,0,1,998,999,999,0,3,1,2,1,1,1,1,67,0,13,96,0,24,9,2020,5,21,2,12,2,3,1,3,10,42.85714286
482472,1,1,35,1,1,3,11,3,9,8,0,1,0,3,0,1,998,999,999,0,0,1,2,1,8,7,1,67,0,60,96,0,2,10,2020,6,10,2,12,2,3,1,1,1,50.0
482474,1,1,19,1,1,0,11,3,20,8,0,1,0,1,0,1,998,999,999,0,0,2,3,1,8,1,1,81,0,13,96,73,27,9,2020,1,19,2,8,1,1,1,2,1,50.0
482476,1,1,24,1,1,3,11,20,8,1,0,1,0,2,0,1,103,999,999,0,3,2,4,1,8,1,3,17,1,60,96,84,27,9,2020,1,2,2,12,2,2,1,3,1,75.0
482477,1,1,64,2,1,4,11,20,8,8,0,1,0,0,0,1,998,999,999,0,5,2,5,1,8,1,15,8,0,7,0,27,4,10,2020,1,13,2,12,3,2,1,1,1,40.0
482478,1,1,999,1,1,4,11,20,8,8,0,1,0,9,0,1,998,999,999,99,0,2,2,1,8,1,1,8,0,13,96,0,29,9,2020,3,20,2,42,1,1,3,3,1,100.0
482480,1,1,36,1,1,4,11,20,20,8,0,1,0,2,0,1,998,999,999,0,3,1,4,1,8,1,14,6,0,80,96,0,11,9,2020,6,17,2,33,1,1,4,1,1,100.0
482482,1,1,18,1,1,3,11,3,9,8,0,1,0,1,0,1,65,999,999,0,0,1,2,1,8,2,6,54,0,60,96,84,10,9,2020,5,16,2,12,1,1,4,1,2,33.33333333
482484,1,1,42,1,1,0,11,3,20,8,0,1,0,0,0,1,998,999,999,0,0,1,4,1,8,1,1,80,0,60,96,0,1,10,2020,5,19,2,8,1,1,1,2,1,50.0
482488,1,1,28,2,1,0,11,3,20,8,0,1,0,2,0,1,998,999,999,1,0,2,4,1,2,1,1,80,0,13,96,0,3,10,2020,7,23,2,8,18,1,1,2,1,33.33333333
482490,1,1,31,2,1,4,11,20,9,8,0,1,0,2,0,1,998,999,999,0,3,1,4,1,8,1,1,13,0,13,96,0,29,9,2020,3,19,2,46,1,1,4,1,1,100.0
482493,1,1,999,9,1,9,11,99,98,8,0,99,1,9,99,1,998,999,999,99,0,1,2,1,2,1,1,83,0,999,96,0,1,10,2020,5,19,2,9,1,1,1,5,2,50.0
482494,1,1,22,2,1,2,11,3,9,8,0,1,0,1,0,1,998,999,999,0,0,3,4,1,8,1,1,80,0,7,96,0,30,9,2020,4,0,2,8,1,1,1,3,1,50.0
482495,1,1,53,1,1,4,11,20,20,1,0,1,0,1,0,1,998,999,999,0,4,1,2,2,8,1,14,6,1,81,96,0,29,9,2020,3,21,2,5,1,1,1,3,1,100.0
482497,1,1,35,1,1,1,11,3,9,8,0,1,0,1,0,1,998,999,999,0,0,3,2,1,8,1,1,11,0,60,93,6,1,10,2020,5,10,2,14,19,1,2,1,1,33.33333333
482498,1,1,59,1,1,4,11,20,9,8,0,1,0,1,0,1,998,999,999,0,0,6,1,2,8,1,16,11,0,13,96,27,4,10,2020,1,17,2,42,3,3,4,1,1,100.0
482499,1,1,24,1,1,4,11,20,20,8,0,1,0,1,0,1,998,999,999,0,0,1,2,2,8,1,1,14,0,12,93,73,28,8,2020,6,18,2,26,1,1,4,1,1,100.0
482501,1,1,77,1,1,1,11,3,20,8,0,1,0,3,6,1,998,999,999,1,0,1,2,1,8,1,1,83,0,66,96,0,2,10,2020,6,6,2,15,1,1,1,2,1,50.0
482503,1,1,28,1,1,4,11,99,20,8,0,1,0,3,1,2,998,66,198,1,0,3,4,1,1,1,1,90,0,11,96,0,12,8,2020,4,9,2,73,1,1,1,1,1,50.0
482505,1,1,26,2,1,4,11,99,8,1,0,6,0,1,0,1,998,999,999,0,0,1,2,1,8,1,99,19,0,7,96,39,5,10,2020,2,17,2,12,2,2,1,1,1,14.28571429
482506,1,1,61,1,1,0,11,3,20,8,0,2,0,3,1,1,998,999,999,0,0,2,3,1,8,1,15,98,0,11,96,0,8,9,2020,3,3,2,5,1,1,1,3,99,50.0
482509,1,1,74,1,1,4,11,3,9,8,0,1,0,1,0,1,998,999,999,0,5,1,5,1,8,1,1,50,1,60,96,0,7,10,2020,4,9,2,12,3,2,1,1,1,100.0
482511,1,1,28,1,1,4,11,20,20,8,0,1,0,1,0,1,998,999,999,0,0,5,5,2,8,1,1,62,0,80,96,0,5,10,2020,2,19,2,12,8,1,1,3,1,33.33333333
482513,1,1,31,1,1,4,11,20,20,8,0,1,0,2,0,1,998,999,999,0,0,6,1,2,8,99,14,12,0,82,96,0,5,10,2020,2,1,2,24,5,1,8,6,99,100.0
482514,1,1,60,1,1,0,11,3,20,8,0,1,0,1,0,1,998,999,999,0,0,1,2,1,8,1,1,80,0,60,96,0,3,10,2020,7,19,2,8,1,1,1,3,1,50.0
482515,1,1,31,2,1,4,11,20,9,8,0,2,0,1,0,1,998,999,999,0,3,5,5,1,8,1,1,67,0,13,96,0,25,9,2020,6,10,2,12,2,3,1,1,1,16.66666667
482520,1,1,43,1,1,0,11,3,20,8,0,99,1,3,1,1,998,999,999,0,0,3,2,2,8,1,1,98,0,60,96,0,18,4,2020,7,0,2,5,1,1,1,2,10,50.0
482521,1,1,28,1,1,4,11,20,20,8,0,1,0,1,0,1,998,999,999,99,0,3,2,1,8,1,1,50,0,82,96,35,6,10,2020,3,17,2,12,1,1,1,1,1,100.0
482522,1,1,25,1,1,4,11,20,20,1,0,1,0,2,0,1,998,999,999,1,0,2,2,1,8,1,15,10,0,98,96,27,28,9,2020,2,17,2,12,1,1,1,1,1,20.0
482523,1,1,76,1,1,0,11,3,9,8,0,2,0,1,0,1,998,999,999,0,0,2,3,1,8,1,11,15,0,13,96,38,2,10,2020,6,17,2,12,2,2,1,1,1,33.33333333
482524,1,1,44,1,1,0,11,3,8,8,0,1,0,0,0,1,998,999,999,0,0,2,3,1,8,1,11,15,0,13,0,38,27,9,2020,1,16,2,12,2,2,1,1,1,20.0
482528,1,1,22,1,1,0,11,3,20,8,0,1,0,1,0,1,998,999,999,0,0,1,2,1,2,1,14,80,0,13,96,0,7,10,2020,4,21,2,8,1,1,1,2,1,50.0
482529,1,1,24,1,1,0,11,3,9,8,0,1,0,0,0,1,998,999,999,1,0,5,5,1,8,1,1,10,1,3,96,91,3,10,2020,7,19,2,12,1,1,1,5,1,16.66666667
482533,1,1,56,1,1,4,11,20,20,8,0,2,0,0,0,1,998,999,999,0,4,3,3,1,8,1,10,12,1,81,96,0,3,10,2020,7,21,2,1,3,4,12,3,1,50.0
482536,1,1,65,1,1,4,11,3,8,8,0,1,0,3,0,1,998,999,999,1,0,5,5,1,8,1,1,13,0,60,96,999,6,10,2020,3,4,2,53,1,1,4,2,1,100.0
482538,1,1,47,1,1,4,11,20,8,8,0,1,0,2,0,1,998,999,999,1,4,5,5,1,8,1,1,12,1,60,96,51,30,9,2020,4,0,2,53,1,1,4,3,1,100.0
482539,1,1,16,1,1,4,11,3,9,8,0,1,0,2,0,1,998,999,999,0,5,6,1,1,8,1,1,13,0,3,96,0,8,10,2020,5,22,2,21,5,1,4,3,1,100.0
482546,1,1,23,1,1,4,11,20,20,1,0,1,0,2,0,1,998,999,999,0,5,5,5,2,8,1,14,12,1,82,96,0,10,10,2020,7,2,2,33,1,1,4,3,1,100.0
482547,1,1,29,1,1,2,11,3,20,8,0,1,0,2,0,1,998,999,999,1,0,3,3,1,1,1,1,80,0,7,96,0,7,10,2020,4,22,2,8,1,1,1,2,1,12.5
482548,1,1,999,9,1,9,11,99,99,8,0,99,1,9,99,1,998,999,999,99,0,2,2,1,8,1,1,80,0,999,96,0,1,10,2020,5,5,2,8,1,1,1,2,1,50.0
482549,1,1,82,1,1,1,11,3,9,8,0,1,0,1,0,1,998,999,999,0,0,0,0,0,0,0,11,11,0,13,96,38,5,10,2020,2,7,2,1,8,1,1,1,1,50.0
482550,1,1,20,1,1,4,11,20,20,0,0,1,0,1,0,1,998,999,999,0,3,2,3,1,8,1,1,68,0,80,96,84,1,10,2020,5,22,2,1,2,3,1,3,1,33.33333333
482552,1,1,21,2,1,1,11,20,8,8,0,1,0,2,0,1,78,999,999,2,3,2,2,3,8,1,1,52,0,13,5,0,3,10,2020,7,23,2,12,2,2,1,3,1,40.0
482553,1,1,15,1,1,1,11,99,9,8,0,99,1,2,0,1,998,999,999,0,3,1,2,8,8,98,1,17,0,7,96,91,10,10,2020,7,23,2,12,2,2,1,3,1,25.0
482554,1,1,35,1,1,3,11,20,20,8,0,2,0,0,0,1,998,999,999,0,0,1,2,8,8,1,1,19,0,1,96,38,2,10,2020,6,13,2,12,2,2,1,1,1,33.33333333
482556,1,1,67,1,1,3,11,20,9,8,0,2,0,2,0,1,998,999,999,0,0,3,3,2,8,2,1,6,0,60,96,87,9,10,2020,6,10,2,25,1,1,3,1,2,14.28571429
482557,1,1,22,1,1,4,11,20,8,8,0,1,0,1,0,1,998,65,171,0,0,3,5,1,8,1,1,13,1,3,96,0,27,9,2020,1,5,2,52,19,1,8,3,1,100.0
482558,1,1,47,1,1,0,11,3,20,1,0,2,0,2,0,1,998,999,999,0,5,1,4,1,1,1,1,80,0,13,96,0,8,8,2020,7,18,2,8,3,3,1,1,1,33.33333333
482559,1,1,43,2,1,4,11,3,9,8,0,1,0,0,0,1,998,999,999,0,0,1,2,1,8,1,1,54,0,7,96,50,7,10,2020,4,5,2,12,1,1,1,2,1,50.0
482560,1,1,76,2,1,4,11,99,8,8,0,1,0,1,0,1,998,999,999,0,0,0,0,0,0,0,12,21,0,7,96,48,7,10,2020,4,9,2,12,1,1,1,1,1,50.0
482562,1,1,20,1,1,0,11,3,20,8,0,1,0,3,0,1,998,76,165,0,0,5,5,2,8,1,1,80,0,7,96,0,11,10,2020,1,21,2,8,1,1,1,2,1,50.0
482570,1,1,79,1,1,0,11,3,20,8,0,1,0,2,0,1,998,999,999,0,0,1,5,1,8,1,11,80,0,60,93,6,22,9,2020,3,11,2,8,3,2,1,1,1,50.0
482571,1,1,22,1,1,4,11,99,9,0,0,3,0,2,0,1,998,999,999,1,5,2,2,1,8,1,1,9,0,13,96,27,29,9,2020,3,20,2,12,1,1,1,2,1,75.0
482572,1,1,999,9,1,9,11,99,20,8,0,99,1,9,99,1,999,999,999,99,5,2,2,8,8,1,1,9,0,999,96,38,14,9,2020,2,2,2,41,3,3,3,3,1,50.0
482574,1,1,38,1,1,0,11,3,8,8,0,4,0,1,0,1,998,999,999,5,0,3,4,2,8,1,15,11,0,13,96,85,10,10,2020,7,14,2,12,18,1,1,1,1,16.66666667
482576,1,1,999,9,1,9,11,99,98,8,0,99,1,9,99,1,998,999,999,99,5,5,5,1,8,1,1,80,1,999,93,6,10,10,2020,7,20,2,8,2,3,1,3,1,50.0
482577,1,1,999,9,1,9,11,99,98,8,0,2,1,9,0,1,998,999,999,99,0,1,2,2,8,1,99,13,0,7,96,0,11,10,2020,1,20,2,39,1,1,4,3,1,50.0
482578,1,1,57,1,1,4,11,3,20,8,0,1,0,3,6,2,998,999,999,0,5,3,3,3,1,1,14,9,0,66,96,0,10,10,2020,7,16,2,1,18,1,1,1,1,100.0
482580,1,1,56,2,1,4,11,20,20,8,0,1,0,1,0,1,998,999,999,1,0,6,1,2,8,1,99,12,0,94,96,999,10,10,2020,7,15,2,23,5,1,4,1,1,100.0
482581,1,1,49,1,1,0,11,3,9,8,0,1,0,0,0,1,998,999,999,0,0,0,0,0,0,0,99,19,1,13,96,91,3,10,2020,7,20,2,12,8,1,1,3,1,50.0
482582,1,1,50,1,1,4,11,20,20,8,0,1,0,0,0,1,998,999,999,0,0,1,2,2,8,1,14,9,0,125,96,999,12,10,2020,2,17,2,1,1,1,1,1,1,50.0
482584,1,1,25,1,1,4,11,20,9,8,0,1,0,2,0,1,998,999,999,0,5,3,5,1,8,1,1,51,0,7,96,0,27,9,2020,1,2,2,12,1,1,1,2,1,50.0
482587,1,1,15,1,1,4,11,3,9,0,0,1,0,3,0,1,998,999,999,0,4,5,5,1,8,1,14,6,1,13,96,51,4,10,2020,1,17,2,12,1,1,1,1,1,25.0
482588,1,1,18,2,1,0,11,3,20,8,0,2,0,1,0,1,998,999,999,0,0,5,5,1,8,1,1,80,0,5,92,6,15,9,2020,3,20,2,8,1,1,1,3,1,33.33333333
482589,1,1,20,1,1,0,11,3,20,8,0,2,0,2,0,1,998,999,999,0,0,1,4,1,8,1,1,80,0,13,96,0,30,9,2020,4,0,2,8,3,2,1,3,1,33.33333333
482591,1,1,39,2,1,3,11,20,8,1,0,1,0,2,0,1,998,999,999,0,3,3,3,1,1,2,15,11,0,13,96,91,9,10,2020,6,13,2,12,3,7,1,1,2,14.28571429
482593,1,1,39,2,1,1,11,99,99,8,0,1,0,1,0,1,998,999,999,0,0,3,3,1,8,1,1,13,1,60,96,91,11,10,2020,1,23,2,25,19,1,8,2,1,50.0
482594,1,1,39,1,1,0,11,3,20,8,0,1,0,0,0,1,998,999,999,0,0,2,3,1,8,1,1,80,0,7,96,0,10,10,2020,7,20,2,8,2,2,1,3,1,50.0
482595,1,1,44,2,1,0,11,3,9,8,0,1,0,2,0,1,998,999,999,0,0,3,5,1,8,1,1,80,0,3,96,0,23,9,2020,4,23,2,8,1,1,1,3,1,50.0
482596,1,1,29,1,1,4,11,20,20,0,0,1,0,0,0,1,998,999,999,0,3,1,2,1,8,1,99,6,1,82,96,0,8,10,2020,5,21,2,18,1,1,4,2,10,100.0
482597,1,1,65,2,1,4,11,3,8,8,0,2,0,1,0,1,998,999,999,0,0,2,2,8,8,1,1,17,0,7,96,39,9,10,2020,6,15,2,12,2,3,1,1,1,33.33333333
482598,1,1,27,1,1,0,11,99,20,8,0,99,1,2,0,1,998,999,999,0,0,1,2,1,8,1,1,17,0,60,96,39,13,10,2020,3,18,2,12,2,2,1,1,1,50.0
482605,1,1,26,2,1,4,11,20,8,8,0,1,0,1,0,1,998,999,999,0,0,2,3,1,8,1,4,8,0,13,0,0,13,10,2020,3,1,2,46,1,1,4,3,1,100.0
482606,1,1,27,1,1,0,11,3,20,8,0,2,0,1,0,1,998,999,999,1,0,2,4,1,8,1,1,60,0,60,93,6,19,9,2020,7,18,2,9,1,1,1,1,1,33.33333333
482609,1,1,60,2,1,4,11,3,8,8,0,1,0,1,0,1,998,999,999,0,0,1,7,1,8,1,11,15,0,15,96,38,12,8,2020,4,12,2,12,2,2,1,1,1,33.33333333
482610,1,1,40,1,1,4,11,20,8,0,0,1,0,1,0,1,998,69,176,0,0,2,2,2,1,1,1,8,0,7,0,89,10,9,2020,5,0,2,33,1,1,10,3,10,100.0
482611,1,1,999,1,1,9,11,3,20,8,0,99,1,9,0,1,998,999,999,99,0,1,2,1,8,1,1,11,0,13,96,0,12,10,2020,2,19,2,14,3,2,7,2,1,50.0
482613,1,1,73,2,1,0,11,3,20,8,0,1,0,3,0,1,998,999,999,0,0,5,7,1,8,1,1,80,0,7,96,0,13,10,2020,3,20,2,8,1,1,1,3,1,50.0
482614,1,1,33,1,1,4,11,20,20,8,0,1,0,1,0,1,998,999,999,4,0,6,1,2,8,1,1,13,1,81,96,0,3,10,2020,7,4,2,59,5,1,8,3,1,100.0
482615,1,1,58,1,1,0,11,3,20,8,0,1,0,3,6,1,998,999,999,1,0,1,2,8,8,1,11,15,0,66,96,38,7,10,2020,4,6,2,12,3,3,1,2,1,50.0
482618,1,1,25,2,1,0,11,3,20,8,0,99,1,3,0,1,998,999,999,0,0,1,4,1,8,1,1,80,0,7,96,0,2,5,2020,7,21,2,8,1,1,1,2,1,33.33333333
482619,1,1,22,1,1,1,11,3,20,8,0,1,0,2,0,1,998,999,999,0,0,1,4,1,8,1,14,10,0,60,96,28,24,9,2020,5,16,2,12,1,1,1,1,1,25.0
482623,1,1,58,1,1,0,11,3,20,8,0,1,1,1,0,1,998,999,999,0,0,1,2,1,8,1,11,80,0,60,93,91,10,10,2020,7,22,2,8,1,1,1,3,1,50.0
482624,1,1,19,1,1,4,11,20,9,8,0,1,0,1,0,1,998,999,999,0,0,1,2,1,1,1,1,10,0,13,96,0,15,10,2020,5,4,2,14,1,1,7,3,1,100.0
482625,1,1,40,1,1,4,11,20,9,1,0,1,0,2,0,1,998,999,999,1,4,2,2,1,8,1,1,12,0,7,96,0,13,10,2020,3,1,2,1,19,1,3,3,1,100.0
482627,2,1,55,1,2,3,13,20,20,8,0,1,0,6,0,1,0,998,997,998,8,3,4,1,8,1,0,53,0,7,16,0,8,10,2020,5,20,2,12,1,1,1,3,1,20.0
482628,1,1,46,1,1,0,11,3,20,8,0,1,0,1,0,1,998,999,999,0,0,5,5,1,8,1,1,83,0,60,96,0,11,10,2020,1,6,2,15,1,1,1,2,10,50.0
482630,1,1,60,1,1,0,11,3,20,8,0,1,0,1,0,1,998,999,999,0,0,5,5,1,8,1,11,15,0,60,96,38,11,10,2020,1,20,2,12,8,1,1,2,1,50.0
482632,1,1,36,1,1,2,11,20,9,0,0,1,1,2,0,1,998,999,999,0,5,1,2,1,8,1,1,83,1,13,96,23,4,10,2020,1,2,2,9,1,1,1,2,1,50.0
482634,1,1,15,1,1,3,11,3,8,8,0,4,0,2,0,1,998,999,999,0,0,1,2,1,8,1,6,9,0,13,93,91,18,9,2020,6,17,2,12,3,3,1,1,10,22.22222222
482635,1,1,999,9,1,9,11,99,99,8,0,99,1,9,99,1,998,999,999,99,0,5,5,1,8,1,1,80,0,999,96,0,14,10,2020,4,19,2,8,1,1,1,3,1,50.0
482636,1,1,31,1,1,4,11,20,20,8,0,1,0,2,0,1,998,999,999,1,0,2,5,1,8,1,99,19,0,80,93,6,7,10,2020,4,20,2,12,2,2,1,3,1,33.33333333
482637,1,1,45,2,1,0,11,3,20,8,0,1,0,2,0,1,998,999,999,0,0,2,2,1,8,1,1,11,0,7,96,0,16,10,2020,6,20,2,8,1,1,2,2,1,50.0
482638,1,1,40,1,1,4,11,20,8,8,0,1,0,1,0,1,998,999,999,0,4,5,3,1,8,1,1,13,0,60,96,0,8,10,2020,5,19,2,42,1,1,4,3,1,100.0
482639,1,1,77,2,1,4,11,3,8,8,0,1,0,9,0,1,998,999,999,0,0,5,3,8,8,1,1,19,0,13,96,39,8,10,2020,5,13,2,12,7,1,1,1,1,33.33333333
482640,1,1,27,2,1,2,11,3,9,8,0,1,0,1,0,1,998,999,999,1,0,1,4,1,8,1,1,80,0,13,96,0,14,10,2020,4,21,2,8,1,1,1,3,1,33.33333333
482641,1,1,22,1,1,3,11,20,20,8,0,99,0,1,0,1,998,999,999,1,2,2,2,1,8,1,1,11,0,80,96,28,5,10,2020,2,22,2,12,1,1,1,3,1,33.33333333
482642,1,1,50,2,1,0,11,3,20,8,0,1,0,1,0,1,998,999,999,0,0,3,5,1,8,1,1,82,0,7,96,0,16,10,2020,6,4,2,8,17,1,1,3,10,50.0
482643,1,1,37,1,1,0,11,3,20,8,0,1,0,3,0,1,998,999,999,0,0,5,5,1,8,98,1,10,0,95,96,91,17,9,2020,5,15,2,12,1,1,1,1,1,50.0
482644,1,1,24,1,1,4,11,99,20,8,0,2,0,1,0,1,998,999,999,0,5,4,2,1,8,1,11,12,0,13,96,48,27,9,2020,1,18,2,1,5,1,10,1,1,50.0
482646,1,1,16,2,1,0,11,3,20,8,0,1,0,2,0,1,998,999,999,0,0,1,2,1,8,2,1,83,0,7,96,73,16,10,2020,6,6,2,9,1,1,1,2,2,50.0
482648,1,1,26,1,1,9,11,99,9,8,0,2,1,1,0,1,998,999,999,0,4,4,5,1,1,1,1,51,0,7,96,0,5,9,2020,7,2,2,12,1,1,1,3,1,33.33333333
482649,1,1,53,1,1,4,11,3,8,8,0,1,0,1,0,1,998,999,999,0,0,2,3,1,1,2,1,12,0,60,96,39,9,10,2020,6,1,2,46,3,2,3,3,2,100.0
482650,1,1,36,1,1,3,11,1,8,1,0,2,0,2,0,1,998,999,999,0,4,3,4,2,1,1,1,51,0,15,96,91,14,10,2020,4,18,2,12,18,1,1,5,1,25.0
482652,1,1,28,2,1,4,11,3,8,8,0,2,0,2,0,1,998,999,999,0,0,1,2,8,8,1,1,17,0,5,96,38,2,10,2020,6,6,2,12,2,3,1,3,1,33.33333333
482654,1,1,47,1,1,4,11,3,20,0,0,1,0,3,6,1,998,999,999,1,0,1,2,1,8,1,1,99,0,66,96,0,30,9,2020,4,11,2,12,1,1,4,1,1,100.0
482657,1,1,64,1,1,4,11,20,20,8,0,1,0,3,0,1,998,999,999,0,0,0,0,0,0,0,11,15,0,60,96,38,11,10,2020,1,23,2,12,8,1,1,2,1,50.0
482658,1,1,30,1,1,4,11,3,20,8,0,1,0,0,0,1,998,999,999,1,0,3,2,2,8,1,1,13,0,60,0,0,16,10,2020,6,3,2,52,19,1,10,2,10,100.0
482659,1,1,28,1,1,0,11,3,9,8,0,1,0,1,0,1,998,999,999,0,0,5,5,1,8,2,14,80,0,60,96,0,9,10,2020,6,6,2,8,1,1,1,2,2,25.0
482661,1,1,69,2,1,4,11,20,20,8,0,1,0,0,0,1,998,999,999,0,0,1,2,8,8,1,1,17,0,105,93,39,8,10,2020,5,16,2,12,2,2,1,1,1,50.0
482663,1,1,57,2,1,0,11,3,20,8,0,2,0,2,0,1,998,999,999,0,0,0,0,0,0,0,11,15,0,60,96,38,4,10,2020,1,14,2,12,8,1,1,1,1,33.33333333
482664,1,1,29,1,1,4,11,3,8,8,0,1,0,1,0,1,998,999,999,0,0,2,2,1,1,1,1,13,0,5,96,999,8,10,2020,5,3,2,43,1,1,4,3,1,100.0
482665,1,1,17,1,1,0,11,3,20,8,0,1,0,2,0,1,998,999,999,0,0,3,2,1,8,1,1,80,0,13,96,73,29,9,2020,3,1,2,8,1,1,1,2,1,50.0
482667,1,1,33,1,1,4,11,20,20,8,0,1,0,1,0,1,998,999,999,3,3,5,3,1,8,1,6,67,0,80,96,33,26,9,2020,7,8,2,12,3,3,1,1,1,33.33333333
482668,1,1,25,2,1,0,11,3,20,8,0,1,0,1,0,1,998,999,999,0,0,4,2,1,2,1,1,80,0,13,96,0,12,10,2020,2,21,2,8,1,1,1,2,1,50.0
482670,1,1,28,1,1,4,11,20,8,8,0,2,0,4,0,1,998,75,200,0,0,2,2,1,1,1,1,12,0,13,96,58,10,10,2020,7,1,2,33,1,1,3,3,1,100.0
482672,1,1,55,1,1,1,11,3,8,8,0,1,0,2,0,1,998,999,999,0,0,3,4,1,8,1,1,51,0,60,96,0,10,10,2020,7,7,2,12,1,1,1,4,5,33.33333333
482674,1,1,41,1,1,0,11,3,20,8,0,1,0,3,0,1,998,999,999,0,0,5,5,1,8,1,11,15,0,65,96,38,19,10,2020,2,5,2,12,2,3,1,2,1,33.33333333
482675,1,1,21,1,1,4,11,20,9,8,0,1,0,3,1,1,65,999,999,1,0,3,3,1,8,1,1,13,0,63,0,0,19,10,2020,2,4,2,59,19,1,10,3,1,100.0
482676,1,1,50,2,1,4,11,20,9,8,0,1,0,0,0,1,998,999,999,0,5,2,2,1,8,1,1,51,0,7,96,0,17,10,2020,7,21,2,12,3,2,1,3,1,20.0
482677,1,1,32,1,1,0,11,3,20,8,0,1,0,3,6,1,998,999,999,0,0,5,7,1,8,1,12,21,0,66,96,0,11,10,2020,1,22,2,12,1,1,1,3,1,66.66666667
482678,1,1,42,1,1,4,11,3,8,8,0,1,0,1,0,1,998,999,999,0,0,1,2,8,8,98,11,15,0,7,96,38,16,10,2020,6,7,2,12,2,3,1,4,10,20.0
482681,1,1,58,1,1,9,11,99,98,8,0,1,1,0,6,1,998,999,999,0,0,1,2,2,8,1,1,83,0,66,96,0,18,10,2020,1,7,2,9,1,1,1,3,1,50.0
482687,1,1,46,1,1,4,11,20,20,8,0,1,0,0,0,1,998,999,999,0,0,1,3,1,8,1,1,17,0,94,93,39,4,10,2020,1,15,2,12,2,2,1,8,1,16.66666667
482690,1,1,84,2,1,4,11,3,9,8,0,1,0,1,0,1,998,999,999,0,0,2,3,8,8,1,1,62,0,7,96,0,2,9,2020,4,11,2,12,2,2,1,1,1,25.0