ST_CASE,VEH_NO,PER_NO,AGE,SEX,PER_TYP,INJ_SEV,SEAT_POS,REST_USE,AIR_BAG,DRUGS,LOCATION,NUMOCCS,HIT_RUN,OWNER,V_CONFIG,HAZ_INV,TRAV_SP,DR_HGT,DR_WGT,PREV_SPD,SPEEDREL,VTRAFWAY,VNUM_LAN,VPROFILE,VPAVETYP,VSURCOND,P_CRASH1,P_CRASH2,DR_DRINK,VPICBODYCLASS,DRDISTRACT,DRIVERRF,DAY,MONTH,YEAR,DAY_WEEK,HOUR,RUR_URB,HARM_EV,RELJCT2,TYP_INT,REL_ROAD,LGT_COND,WEATHER,Fatality Rate (%)
482927,1,1,19,1,1,4,11,99,99,1,0,1,0,1,0,1,998,999,999,0,5,2,3,2,2,1,1,62,0,3,96,0,6,11,2020,6,0,2,12,2,2,1,3,1,100.0
482929,1,1,23,2,1,3,11,99,98,8,0,2,0,2,0,1,998,999,999,0,0,1,2,1,8,1,1,13,1,60,96,0,1,11,2020,1,1,2,32,1,1,4,2,1,50.0
482930,1,1,31,1,1,4,11,20,20,8,0,1,0,0,0,1,998,999,999,0,0,1,2,1,8,1,6,10,0,98,96,37,29,10,2020,5,16,2,12,2,3,1,1,1,50.0
482932,1,1,27,1,1,0,11,3,20,8,0,2,0,2,0,1,998,999,999,0,0,4,3,1,8,1,1,80,0,13,96,0,3,11,2020,3,21,2,8,18,1,1,3,1,33.33333333
482933,1,1,23,1,1,2,11,3,9,1,0,1,0,1,0,1,998,999,999,2,0,1,2,1,8,1,14,10,1,13,96,73,7,11,2020,7,23,2,12,1,1,1,2,1,50.0
482935,1,1,16,1,1,4,11,99,20,8,0,3,0,2,0,1,999,999,999,0,3,1,2,8,4,98,1,9,0,7,96,0,11,11,2020,4,10,2,38,1,1,5,1,1,33.33333333
482937,1,1,54,1,1,4,11,20,20,8,0,1,0,1,0,1,998,999,999,2,5,2,4,1,8,1,6,6,1,81,93,27,20,6,2020,7,20,2,42,1,1,4,5,1,100.0
482939,1,1,69,2,1,4,11,20,9,8,0,2,0,2,0,1,998,999,999,0,0,1,2,8,8,1,11,15,0,13,96,38,5,11,2020,5,12,2,12,2,3,1,1,1,33.33333333
482942,1,1,50,1,1,1,11,3,20,8,0,1,0,1,0,1,998,999,999,0,5,5,5,1,8,1,11,15,1,60,96,38,4,11,2020,4,16,2,12,2,2,1,1,1,50.0
482943,1,1,35,1,1,0,11,99,20,8,0,1,1,2,0,1,998,999,999,0,0,1,5,1,8,1,11,15,0,7,96,38,9,11,2020,2,5,2,12,2,3,1,3,1,50.0
482947,1,1,20,1,1,4,11,20,20,8,0,1,0,1,0,1,998,999,999,1,5,1,2,1,8,1,1,67,0,114,93,6,7,11,2020,7,15,2,12,2,3,1,1,1,33.33333333
482948,1,1,22,1,1,3,11,3,8,8,0,6,0,3,0,1,998,68,150,0,0,3,2,1,8,1,1,13,0,7,0,0,2,11,2020,2,1,2,59,19,1,10,2,1,16.66666667
482949,1,1,23,1,1,4,11,20,9,8,0,1,0,2,0,1,998,999,999,0,0,2,2,1,8,1,1,12,0,7,96,58,10,11,2020,3,18,2,34,1,1,4,2,1,100.0
482950,1,1,26,2,1,4,11,20,9,0,0,1,0,1,0,1,998,999,999,0,3,5,3,1,2,1,6,10,1,7,96,0,22,10,2020,5,18,2,12,1,1,11,1,10,50.0
482951,1,1,80,2,1,4,11,3,9,8,0,1,0,1,0,1,998,999,999,0,0,5,5,1,8,1,1,8,0,13,0,0,1,11,2020,1,13,2,52,1,1,4,1,1,100.0
482952,1,1,42,1,1,4,11,3,20,8,0,1,0,3,0,1,998,999,999,0,0,4,2,1,8,1,1,12,0,60,96,999,10,11,2020,3,4,2,43,1,1,5,2,5,100.0
482953,1,1,38,1,1,0,11,3,20,8,0,1,0,2,0,1,998,999,999,0,5,3,4,1,1,1,1,50,0,60,96,0,10,11,2020,3,19,2,12,1,1,1,2,10,25.0
482955,1,1,36,2,1,0,11,3,20,8,0,2,0,1,0,1,998,999,999,0,0,2,4,1,8,1,11,15,0,2,96,38,14,11,2020,7,15,2,1,2,2,1,1,1,50.0
482957,1,1,18,1,1,0,11,3,20,0,0,2,0,1,0,1,998,999,999,0,2,1,2,3,8,1,6,11,1,3,96,35,15,11,2020,1,1,2,12,1,1,1,2,1,16.66666667
482958,1,1,21,1,1,0,11,3,20,8,0,3,0,2,0,1,40,999,999,0,5,1,4,2,8,1,1,83,0,60,96,52,8,11,2020,1,18,2,9,1,1,1,3,1,25.0
482959,1,1,31,2,1,4,11,20,20,8,0,1,0,9,0,1,998,999,999,3,0,3,4,8,8,1,1,66,0,80,96,0,11,10,2020,1,1,2,12,2,2,1,3,1,50.0
482960,1,1,27,1,1,4,11,20,8,8,0,1,0,2,0,1,998,999,999,0,4,3,2,3,8,1,14,6,1,60,96,0,7,11,2020,7,22,2,1,1,1,10,2,1,100.0
482961,1,1,43,1,1,0,11,3,20,8,0,1,0,1,0,1,998,999,999,3,0,4,4,2,8,1,1,66,0,60,96,0,13,11,2020,6,5,2,12,2,2,1,3,1,50.0
482963,1,1,18,1,1,1,11,3,20,8,0,1,0,2,0,1,998,999,999,0,5,1,2,1,8,1,1,17,0,60,93,39,7,11,2020,7,14,2,12,2,3,1,1,1,50.0
482964,1,1,32,1,1,0,11,3,20,1,0,1,0,2,0,1,998,999,999,0,0,4,4,1,8,1,1,3,0,60,96,91,7,11,2020,7,19,2,46,3,3,12,3,1,50.0
482965,1,1,85,2,1,4,11,3,8,8,0,1,0,1,0,1,998,999,999,0,0,1,2,8,8,1,11,15,0,13,96,38,4,11,2020,4,16,2,12,2,3,1,1,1,50.0
482967,1,1,36,1,1,4,11,20,8,1,0,1,0,2,0,1,998,999,999,0,0,1,2,1,8,1,1,13,0,7,96,36,13,11,2020,6,4,2,35,19,1,4,2,10,100.0
482968,1,1,39,1,1,4,11,20,20,8,0,1,0,1,0,1,998,999,999,0,4,2,4,1,8,1,14,13,0,103,96,0,11,11,2020,4,11,2,42,1,1,4,1,1,100.0
482969,1,1,18,1,1,4,11,20,20,0,0,1,0,0,0,1,998,999,999,0,0,2,2,1,8,1,1,13,0,6,96,73,15,11,2020,1,15,2,33,1,1,4,1,1,100.0
482970,1,1,79,1,1,4,11,20,8,8,0,1,0,1,0,1,998,999,999,0,0,2,2,1,8,6,1,12,0,7,0,0,9,11,2020,2,3,2,42,1,1,3,2,1,100.0
482971,1,1,25,1,1,4,11,99,98,8,0,2,0,0,0,1,998,999,999,1,3,6,1,1,1,1,1,13,1,13,96,0,24,10,2020,7,3,2,33,5,1,8,3,1,50.0
482972,1,1,27,1,1,4,11,20,20,0,0,1,0,1,0,1,998,66,175,2,5,3,3,2,1,1,14,51,0,80,96,28,4,11,2020,4,22,2,12,1,1,1,2,1,20.0
482973,1,1,999,1,1,4,11,3,9,8,0,4,0,1,0,1,998,999,999,0,0,3,4,1,8,1,1,50,0,7,93,6,13,11,2020,6,21,2,45,1,1,1,3,1,40.0
482974,1,1,51,2,1,0,11,3,20,8,0,1,0,0,0,1,998,999,999,0,0,2,2,1,8,1,14,80,0,7,96,0,6,11,2020,6,19,2,8,1,1,1,2,1,50.0
482975,1,1,25,1,1,4,11,99,8,8,0,1,0,2,0,1,998,999,999,0,0,6,1,8,8,1,1,54,0,13,96,50,13,11,2020,6,17,2,12,3,3,1,1,1,25.0
482976,1,1,62,1,1,0,11,3,20,8,0,1,1,1,0,1,998,999,999,99,0,5,3,1,8,1,1,80,0,60,96,0,11,11,2020,4,5,2,8,1,1,1,2,1,50.0
482978,1,1,42,1,1,0,11,3,8,8,0,5,0,2,0,1,998,999,999,0,0,0,0,0,0,0,1,17,0,7,93,6,14,11,2020,7,20,2,12,8,1,1,3,1,16.66666667
482979,1,1,25,1,1,4,11,20,8,8,0,1,0,1,0,1,998,999,999,0,0,3,4,1,8,1,10,13,0,13,96,48,14,11,2020,7,18,2,33,19,1,4,3,1,100.0
482980,1,1,30,1,1,4,11,3,20,8,0,1,0,1,0,1,998,999,999,0,0,3,3,1,8,1,1,13,0,3,0,0,14,11,2020,7,2,2,43,1,1,4,3,1,100.0
482981,1,1,31,2,1,4,11,99,9,1,0,3,0,2,0,1,998,999,999,0,0,3,5,1,8,1,1,12,1,7,96,0,6,11,2020,6,2,2,25,19,1,3,2,1,25.0
482983,1,1,27,1,1,2,11,3,20,8,0,4,0,0,0,1,998,999,999,0,5,2,2,1,8,1,1,6,0,13,96,37,5,11,2020,5,11,2,38,1,1,4,1,1,25.0
482984,1,1,37,1,1,4,11,20,20,8,0,3,0,1,0,1,998,999,999,0,0,1,2,1,8,1,14,10,0,13,96,28,4,2,2020,3,17,2,12,1,1,1,1,1,25.0
482985,1,1,57,1,1,0,11,3,20,8,0,1,0,1,0,1,0,999,999,1,0,1,4,1,8,1,5,83,0,60,96,0,13,5,2020,4,7,2,9,2,2,1,1,10,50.0
482986,1,1,41,1,1,4,11,3,9,8,0,1,0,2,0,1,998,71,161,0,0,5,5,1,8,1,1,9,0,2,96,0,28,6,2020,1,11,2,24,1,1,4,1,1,50.0
482988,1,1,30,1,1,0,11,3,20,8,0,1,0,1,0,1,998,999,999,0,0,1,2,1,8,1,1,83,0,60,96,0,20,10,2020,3,5,2,15,1,1,1,3,10,50.0
482989,1,1,31,1,1,0,11,3,20,1,0,1,0,1,0,1,998,999,999,0,0,4,3,1,1,1,1,83,0,13,96,0,9,11,2020,2,5,2,9,8,1,1,3,10,50.0
482990,1,1,62,1,1,4,11,20,20,8,0,1,0,1,0,1,998,999,999,0,0,1,3,1,8,1,14,87,0,81,96,83,12,11,2020,5,7,2,11,1,1,1,1,1,100.0
482991,1,1,56,1,1,4,11,99,9,0,0,1,0,1,0,1,998,999,999,0,0,3,3,1,8,1,11,12,1,7,96,51,15,11,2020,1,1,2,39,1,1,4,3,1,100.0
482992,1,1,28,1,1,4,11,99,9,0,0,2,0,2,0,1,998,999,999,1,0,1,4,2,8,1,12,21,1,5,96,52,16,11,2020,2,18,2,12,1,1,1,3,1,33.33333333
482993,1,1,49,1,1,4,11,20,20,0,0,2,0,1,0,1,998,999,999,0,0,3,2,2,8,1,16,8,1,81,96,0,12,11,2020,5,10,2,1,5,1,10,1,1,50.0
482994,1,1,999,1,1,0,11,99,99,8,0,99,1,9,0,1,998,999,999,99,0,1,5,1,8,1,1,83,0,60,96,0,11,11,2020,4,18,2,9,3,2,1,3,1,50.0
482995,1,1,29,2,1,0,11,3,20,8,0,1,0,2,0,1,998,999,999,0,0,5,5,1,8,1,1,80,0,7,96,0,17,11,2020,3,18,2,8,1,1,1,3,1,50.0
482997,1,1,33,1,1,0,11,3,20,8,0,2,0,1,0,1,998,999,999,0,0,5,5,1,8,1,1,10,1,60,3,91,1,11,2020,1,2,2,12,1,1,1,2,1,25.0
483000,1,1,24,1,1,4,11,20,9,8,0,1,0,2,0,1,998,999,999,1,5,1,2,1,8,1,1,8,0,13,93,6,21,10,2020,4,3,2,30,1,1,4,3,1,100.0
483002,1,1,999,9,1,9,11,99,98,8,0,99,1,9,99,1,998,999,999,99,5,1,2,1,8,1,1,80,0,999,96,0,6,11,2020,6,23,2,8,1,1,1,3,1,50.0
483003,1,1,20,1,1,0,11,3,20,8,0,1,0,0,6,1,998,999,999,0,3,3,2,1,8,1,1,50,0,66,96,84,11,11,2020,4,7,2,12,1,1,1,1,1,25.0
483004,1,1,53,1,1,4,11,20,20,8,0,1,0,1,0,1,998,999,999,0,0,3,2,1,8,1,1,98,0,94,96,0,15,10,2020,5,9,2,54,1,1,1,1,10,50.0
483005,1,1,44,1,1,4,11,20,20,0,0,1,0,2,0,1,998,999,999,0,0,2,4,1,1,1,99,19,0,12,96,39,11,11,2020,4,7,2,12,2,2,1,1,1,50.0
483010,1,1,46,2,1,4,11,99,8,8,0,1,0,1,0,1,998,999,999,0,0,3,3,1,8,1,15,11,0,13,96,27,31,10,2020,7,19,2,12,1,1,1,3,1,33.33333333
483011,1,1,18,2,1,0,11,20,20,8,0,3,0,2,0,1,10,999,999,0,0,2,2,1,8,1,1,98,0,13,96,22,9,11,2020,2,3,2,5,1,1,1,2,1,25.0
483012,1,1,16,1,1,0,11,3,9,8,0,1,0,3,1,1,998,999,999,0,0,4,2,1,8,1,1,19,0,60,96,39,11,11,2020,4,10,2,12,2,3,1,1,1,66.66666667
483013,1,1,35,1,1,1,11,3,8,8,0,1,0,1,0,1,998,999,999,0,0,3,5,2,8,1,1,54,1,60,96,91,16,11,2020,2,2,2,12,1,1,1,3,1,50.0
483014,1,1,999,9,1,9,11,99,99,8,0,99,1,9,99,1,998,999,999,99,0,4,2,2,8,99,1,80,0,999,96,28,11,11,2020,4,9,2,8,1,1,1,9,99,50.0
483015,1,1,51,1,1,4,11,20,9,8,0,1,0,2,0,1,998,999,999,0,0,2,3,2,8,1,1,54,0,13,96,50,15,11,2020,1,1,2,12,1,1,1,3,1,50.0
483016,1,1,20,1,1,4,11,99,9,8,0,1,0,2,0,1,998,999,999,0,0,1,2,1,8,1,14,10,1,13,96,51,7,11,2020,7,3,2,12,1,1,1,2,1,50.0
483018,1,1,62,1,1,4,11,20,9,0,0,1,0,2,0,1,998,69,185,0,0,3,5,1,8,1,1,8,0,5,0,0,19,11,2020,5,11,2,21,19,1,10,1,1,100.0
483019,1,1,31,1,1,1,11,20,20,8,0,1,0,0,0,1,998,999,999,0,0,1,2,1,8,1,6,10,0,7,93,33,15,11,2020,1,18,2,12,1,1,1,2,1,50.0
483020,1,1,54,2,1,0,11,3,20,8,0,1,0,0,0,1,998,999,999,0,0,1,2,1,8,1,1,80,0,60,96,0,15,11,2020,1,20,2,8,1,1,1,2,1,50.0
483024,1,1,19,2,1,4,11,3,8,8,0,1,0,2,0,1,998,999,999,0,0,3,3,3,8,1,1,12,0,7,96,0,19,11,2020,5,3,2,52,19,1,3,2,1,100.0
483025,1,1,36,1,1,0,11,3,20,0,0,3,0,2,0,1,998,999,999,0,0,2,4,1,1,1,10,80,0,60,96,0,18,11,2020,4,16,2,8,3,2,1,1,1,25.0
483027,1,1,38,1,1,0,11,3,20,8,0,1,0,1,0,1,998,999,999,0,4,3,4,2,8,1,1,51,1,60,96,0,20,11,2020,6,1,2,12,18,1,1,3,1,50.0
483028,1,1,28,1,1,9,11,99,99,8,0,99,1,2,0,1,998,999,999,1,0,5,7,2,8,1,1,80,0,60,96,0,19,11,2020,5,22,2,8,1,1,1,3,1,50.0
483030,1,1,30,1,1,0,11,99,20,8,0,2,1,2,0,1,998,999,999,0,5,5,5,1,8,1,1,80,0,7,96,0,20,11,2020,6,23,2,8,1,1,1,3,1,33.33333333
483033,1,1,53,1,1,0,11,3,20,8,0,3,0,1,0,1,998,999,999,0,0,5,5,1,8,1,1,82,0,13,96,0,13,11,2020,6,21,2,8,1,1,1,3,1,25.0
483034,1,1,43,1,1,0,11,3,20,8,0,2,0,2,0,1,998,70,999,0,0,1,4,1,8,1,1,80,0,60,96,89,14,11,2020,7,18,2,8,1,1,1,3,1,33.33333333
483037,1,1,34,1,1,2,11,3,8,8,0,1,0,1,0,1,998,999,999,1,0,1,4,1,8,1,1,66,1,60,96,60,7,11,2020,7,3,2,12,2,2,1,3,1,25.0
483038,1,1,37,1,1,0,11,3,20,8,0,1,0,2,0,1,998,999,999,2,0,5,5,1,8,1,11,15,0,13,96,38,15,11,2020,1,23,2,12,8,1,1,3,1,33.33333333
483039,1,1,21,1,1,4,11,1,20,1,0,2,0,3,1,1,998,999,999,0,5,3,4,3,1,1,1,51,0,63,96,0,19,11,2020,5,11,2,12,18,1,1,1,1,33.33333333
483040,1,1,37,1,1,4,11,20,8,8,0,1,0,1,0,1,998,999,999,0,0,5,5,1,8,1,1,10,0,13,96,28,18,11,2020,4,10,2,12,1,1,1,1,1,50.0
483041,1,1,999,9,1,9,11,99,99,8,0,99,1,9,99,1,998,999,999,99,0,1,2,1,8,1,1,80,0,999,96,0,20,11,2020,6,18,2,8,1,1,1,2,1,50.0
483042,1,1,28,1,1,4,11,20,8,8,0,1,0,0,0,1,998,999,999,0,5,2,2,1,8,1,14,12,0,7,96,0,21,11,2020,7,2,2,21,19,1,3,2,1,100.0
483044,1,1,26,2,1,0,11,3,20,8,0,1,0,1,0,1,998,999,999,0,0,5,5,1,8,1,11,80,0,5,96,0,14,11,2020,7,18,2,8,3,2,1,2,10,50.0
483046,1,1,17,1,1,4,11,20,20,8,0,1,0,0,0,1,998,999,999,0,0,1,2,1,2,1,99,19,0,69,96,39,15,11,2020,1,11,2,12,2,2,1,1,1,50.0
483048,1,1,48,1,1,0,11,3,20,8,0,1,0,3,6,1,998,999,999,0,0,3,4,1,8,1,15,80,0,66,96,0,21,10,2020,4,3,2,8,18,1,1,3,1,50.0
483050,1,1,41,1,1,4,11,20,9,8,0,1,0,2,0,1,998,999,999,2,4,4,3,1,8,1,1,8,0,7,0,0,18,11,2020,4,19,2,21,1,1,4,3,1,100.0
483051,1,1,26,1,1,3,11,20,9,8,0,1,0,0,0,1,998,999,999,0,0,5,5,1,8,1,1,10,0,60,96,28,10,11,2020,3,16,2,12,1,1,1,1,1,33.33333333
483054,1,1,20,1,1,4,11,20,9,1,0,2,0,0,0,1,998,999,999,0,0,2,2,1,8,1,1,13,0,60,96,0,11,11,2020,4,4,2,30,19,1,10,3,1,50.0
483055,1,1,23,1,1,4,11,20,9,0,0,1,0,2,0,1,998,999,999,0,0,2,2,1,1,1,1,13,1,7,96,0,18,11,2020,4,21,2,42,1,1,4,3,1,100.0
483057,1,1,19,2,1,1,11,3,8,8,0,2,0,2,0,1,998,999,999,0,0,1,4,8,8,1,1,17,0,13,96,39,24,10,2020,7,0,2,12,2,2,1,3,1,33.33333333
483058,1,1,27,2,1,0,11,3,20,8,0,2,0,2,0,1,998,999,999,0,0,5,7,1,2,1,1,80,0,60,96,0,14,11,2020,7,18,2,8,1,1,1,3,1,33.33333333
483060,1,1,33,1,1,9,11,99,99,8,0,99,1,1,0,1,998,999,99,0,0,2,4,1,8,1,1,80,1,13,96,38,26,10,2020,2,2,2,8,3,2,1,3,10,50.0
483061,1,1,21,1,1,4,11,3,9,8,0,1,0,1,0,1,998,999,999,0,3,1,2,4,8,1,1,98,0,7,96,0,20,11,2020,6,4,2,44,1,1,1,2,1,100.0
483062,2,1,46,1,1,0,11,3,9,8,0,1,0,1,0,1,998,999,999,3,3,3,2,2,8,1,6,10,0,60,96,91,23,11,2020,2,6,2,14,1,1,2,3,10,25.0
483066,1,1,21,1,1,0,11,3,8,8,0,2,0,1,0,1,998,999,999,0,5,1,2,1,8,1,1,12,1,13,96,91,23,10,2020,6,3,2,30,1,1,4,3,1,50.0
483067,1,1,998,9,1,9,11,99,98,8,0,99,1,9,99,1,998,999,999,99,0,1,4,1,1,1,1,80,0,999,96,0,9,11,2020,2,18,2,8,1,1,1,2,1,50.0
483068,1,1,20,2,1,4,11,20,8,1,0,1,0,0,0,1,998,999,999,0,0,6,2,2,8,1,14,54,1,13,96,50,22,11,2020,1,2,2,12,20,1,1,3,1,33.33333333
483069,1,1,34,1,1,0,11,3,20,8,0,1,1,2,0,1,998,999,999,0,0,1,2,1,8,1,11,15,0,13,96,38,16,11,2020,2,13,2,12,2,7,1,1,1,50.0
483070,1,1,999,9,1,9,11,99,98,8,0,99,1,9,99,1,998,999,999,99,0,1,4,1,8,1,1,80,0,999,96,0,20,11,2020,6,20,2,8,3,2,1,2,1,50.0
483071,1,1,46,2,1,0,11,3,20,8,0,2,0,1,0,1,998,999,999,1,5,5,3,1,8,1,1,80,0,7,96,0,23,11,2020,2,23,2,8,1,1,1,3,1,33.33333333
483072,1,1,71,1,1,0,11,3,20,0,0,7,0,3,21,1,998,999,999,0,0,1,2,1,8,1,4,80,0,73,96,0,17,11,2020,3,7,2,8,3,3,1,1,1,50.0
483073,1,1,45,1,1,4,11,20,20,8,0,1,0,1,0,1,998,999,999,0,4,6,2,2,8,1,14,6,0,81,96,0,13,11,2020,6,2,2,25,5,1,4,3,10,100.0
483077,1,1,19,2,1,4,11,20,8,0,0,2,0,1,0,1,998,61,91,0,0,0,0,0,0,0,1,19,0,13,96,38,22,11,2020,1,13,2,12,8,1,1,1,1,33.33333333
483081,1,1,28,1,1,4,11,20,20,8,0,1,0,1,0,1,998,999,999,0,0,4,2,1,8,1,1,13,1,94,96,0,17,10,2020,7,0,2,33,3,3,4,2,1,100.0
483082,1,1,56,1,1,0,11,3,20,1,0,1,0,1,0,1,998,999,999,0,0,2,4,1,8,1,1,80,0,60,96,0,22,10,2020,5,4,2,8,1,1,1,2,1,50.0
483083,1,1,18,1,1,3,11,20,9,1,0,2,0,2,0,1,998,999,999,0,3,1,2,1,8,1,1,9,1,60,96,37,20,11,2020,6,2,2,42,1,1,4,2,1,50.0
483084,1,1,37,2,1,4,11,99,8,8,0,1,0,2,0,1,998,999,999,0,0,2,2,1,8,1,1,54,1,7,96,51,27,11,2020,6,18,2,12,1,1,1,3,1,66.66666667
483085,1,1,28,2,1,4,11,3,9,8,0,2,0,1,0,1,998,999,999,0,4,1,2,5,8,1,14,6,0,13,96,58,18,11,2020,4,9,2,12,1,1,1,1,1,66.66666667
483086,1,1,46,1,1,4,11,20,20,0,0,1,0,1,0,1,998,68,213,0,5,2,3,1,8,1,1,17,0,98,96,0,22,11,2020,1,4,2,12,8,1,1,3,1,50.0
483087,1,1,37,2,1,0,11,3,20,8,0,3,0,1,0,1,998,999,999,0,0,5,5,1,8,1,1,80,0,13,96,0,13,11,2020,6,22,2,8,2,2,1,3,1,25.0
483088,1,1,28,1,1,4,11,20,20,0,0,1,0,9,0,1,998,999,999,0,0,4,3,1,1,1,15,9,0,98,96,999,18,11,2020,4,20,2,1,1,1,1,3,1,100.0
483089,1,1,31,1,1,4,11,20,8,8,0,1,0,1,0,1,998,999,999,0,4,3,4,1,8,1,1,50,0,13,93,6,12,11,2020,5,0,2,14,1,1,2,3,1,50.0
483090,1,1,32,1,1,4,11,20,20,1,0,1,0,0,0,1,998,999,999,0,4,3,4,1,8,1,1,50,0,98,96,0,13,11,2020,6,8,2,12,1,1,1,1,1,33.33333333
483092,1,1,28,1,1,4,11,3,8,0,0,2,0,2,0,1,998,999,999,0,0,4,3,1,1,1,16,13,1,8,96,0,15,11,2020,1,9,2,33,1,1,4,1,1,50.0
483095,1,1,19,1,1,2,11,3,20,8,0,3,0,1,0,1,998,999,999,0,0,3,4,1,8,1,1,53,0,7,96,85,26,11,2020,5,21,2,20,19,1,8,3,1,33.33333333
483096,1,1,38,2,1,3,11,3,8,8,0,1,0,1,0,1,998,999,999,0,0,5,5,2,8,1,1,62,0,7,96,0,28,11,2020,7,8,2,12,1,1,1,1,10,50.0
483099,1,1,39,1,1,0,11,99,20,8,0,2,1,0,0,1,998,999,999,1,0,5,7,1,8,1,1,80,1,13,15,0,26,11,2020,5,19,2,8,1,1,1,2,1,33.33333333
483100,1,1,67,1,1,0,11,3,20,8,0,1,0,1,0,1,33,999,999,0,0,5,5,1,8,2,1,80,0,13,0,86,24,11,2020,3,20,2,8,1,1,1,3,2,50.0
483102,1,1,999,9,1,9,11,99,98,8,0,99,1,9,99,1,998,999,999,99,0,4,2,1,8,1,1,82,0,999,96,0,22,11,2020,1,20,2,8,1,1,1,2,1,50.0
483104,1,1,32,1,1,4,11,3,98,8,0,1,0,1,0,1,998,999,999,1,4,1,2,1,8,1,1,6,1,13,96,51,25,11,2020,4,22,2,42,1,1,4,2,1,100.0
483105,1,1,19,2,1,4,11,20,9,8,0,2,0,2,0,1,998,999,999,0,5,3,3,1,8,2,3,9,0,7,96,0,29,11,2020,1,2,2,42,1,1,3,3,2,50.0
483107,1,1,62,1,1,0,11,3,20,8,0,1,0,0,0,1,998,999,999,0,3,1,2,1,8,1,1,83,0,60,96,0,13,11,2020,6,18,2,9,1,1,1,2,10,50.0
483108,1,1,43,1,1,0,11,3,9,8,0,1,0,1,0,1,998,999,999,0,0,5,7,1,8,1,1,67,0,60,93,39,18,11,2020,4,14,2,12,2,3,1,1,1,25.0
483109,1,1,32,2,1,3,11,3,9,0,0,2,0,0,0,1,998,999,999,0,0,1,2,1,8,1,1,17,0,7,96,39,25,11,2020,4,17,2,10,6,1,1,1,1,50.0
483110,1,1,51,2,1,2,11,3,8,8,0,1,0,1,0,1,998,999,999,1,0,1,3,1,8,1,1,17,0,13,93,39,16,11,2020,2,15,2,12,2,2,1,1,1,25.0
483111,1,1,35,1,1,2,11,3,20,8,0,2,0,2,0,1,998,999,999,0,5,2,3,1,8,1,14,17,0,7,93,39,27,11,2020,6,21,2,12,2,2,1,3,1,20.0
483112,1,1,44,1,1,4,11,3,8,1,0,1,0,2,0,1,998,999,999,0,0,1,2,1,8,2,1,13,0,7,96,0,27,11,2020,6,10,2,30,1,1,4,1,2,100.0
483114,1,1,41,1,1,4,11,3,9,1,0,1,0,2,0,1,70,999,999,0,0,3,1,2,8,1,1,13,0,13,96,0,23,11,2020,2,15,2,20,1,1,4,1,10,50.0
483116,1,1,26,2,1,4,11,20,9,1,0,1,0,2,0,1,998,999,999,0,4,1,2,2,8,1,99,9,1,7,96,0,25,11,2020,4,5,2,1,1,1,1,2,1,100.0
483117,1,1,21,1,1,4,11,20,8,8,0,1,0,2,0,1,998,999,999,0,3,2,2,1,8,1,14,9,0,60,96,0,28,11,2020,7,0,2,38,1,1,5,2,1,100.0
483120,1,1,70,1,1,4,11,3,9,8,0,1,0,1,0,1,998,999,999,0,0,4,1,1,8,1,1,12,0,60,96,0,11,11,2020,4,5,2,18,1,1,5,3,1,100.0
483121,1,1,30,2,1,4,11,3,9,1,0,2,0,2,0,1,998,999,999,0,3,1,2,1,8,1,6,10,0,13,96,51,22,11,2020,1,9,2,12,2,2,1,1,10,33.33333333
483123,1,1,37,1,1,4,11,3,8,1,0,1,0,1,0,1,998,999,999,0,5,3,4,1,8,1,14,13,1,13,96,0,1,12,2020,3,21,2,8,19,1,2,3,1,20.0
483124,1,1,49,1,1,4,11,20,20,8,0,2,0,4,0,1,998,69,200,1,0,3,3,1,8,1,1,12,0,7,96,0,22,11,2020,1,12,2,25,1,1,3,1,1,16.66666667
483126,1,1,52,1,1,4,11,3,20,8,0,1,0,1,0,1,998,999,999,0,0,2,1,1,8,1,1,12,0,2,96,999,26,11,2020,5,2,2,38,1,1,5,2,10,100.0
483127,1,1,52,2,1,2,11,3,9,8,0,1,0,1,0,1,998,999,999,0,0,5,5,3,8,1,1,80,0,7,96,0,2,12,2020,4,5,2,8,1,1,1,3,10,50.0
483129,1,1,20,2,1,4,11,20,20,8,0,1,0,1,0,1,998,999,999,1,5,5,7,1,8,1,1,8,0,6,96,6,24,11,2020,3,20,2,33,1,1,4,3,1,100.0
483133,1,1,77,2,1,4,11,3,8,8,0,1,0,2,0,1,998,999,999,0,0,4,3,8,8,1,1,17,0,7,96,39,26,11,2020,5,0,2,12,2,2,1,3,1,50.0
483135,1,1,34,1,1,0,11,99,20,8,0,1,1,1,0,1,998,999,999,0,4,3,2,1,8,1,1,83,1,13,96,74,2,12,2020,4,0,2,9,1,1,1,2,10,50.0