ST_CASE,VEH_NO,PER_NO,AGE,SEX,PER_TYP,INJ_SEV,SEAT_POS,REST_USE,AIR_BAG,DRUGS,LOCATION,NUMOCCS,HIT_RUN,OWNER,V_CONFIG,HAZ_INV,TRAV_SP,DR_HGT,DR_WGT,PREV_SPD,SPEEDREL,VTRAFWAY,VNUM_LAN,VPROFILE,VPAVETYP,VSURCOND,P_CRASH1,P_CRASH2,DR_DRINK,VPICBODYCLASS,DRDISTRACT,DRIVERRF,DAY,MONTH,YEAR,DAY_WEEK,HOUR,RUR_URB,HARM_EV,RELJCT2,TYP_INT,REL_ROAD,LGT_COND,WEATHER,Fatality Rate (%)
483387,1,1,19,1,1,0,11,3,8,8,0,1,0,2,0,1,998,999,999,0,0,3,2,1,8,1,1,80,0,7,96,0,7,9,2020,2,5,2,8,1,1,1,2,1,50.0
483390,1,1,28,1,1,1,11,3,8,8,0,1,0,3,0,1,998,999,999,0,4,3,2,2,8,1,1,52,0,95,93,6,12,12,2020,7,18,2,12,1,1,1,2,1,22.22222222
483391,1,1,21,1,1,4,11,20,20,0,0,2,0,2,0,1,998,999,999,0,0,1,2,8,8,1,99,19,0,60,93,38,19,12,2020,7,15,2,12,2,2,1,1,1,25.0
483392,1,1,36,2,1,4,11,3,8,8,0,1,0,2,0,1,998,999,999,0,0,2,2,1,8,1,1,12,1,7,93,6,26,12,2020,7,2,2,33,1,1,3,2,1,100.0
483394,1,1,24,1,1,4,11,3,8,0,0,1,0,0,0,1,998,999,999,0,3,1,2,1,8,1,1,10,1,13,96,28,25,12,2020,6,2,2,12,1,1,1,2,1,50.0
483396,1,1,30,2,1,4,11,20,8,8,0,1,0,1,0,1,998,999,999,0,5,3,3,1,8,1,1,12,0,7,96,0,20,12,2020,1,3,2,25,1,1,3,3,1,100.0
483399,1,1,19,1,1,9,11,99,8,8,0,1,1,2,0,1,998,999,999,0,0,3,3,2,8,2,1,80,0,3,96,0,29,11,2020,1,0,2,8,18,1,1,2,2,50.0
483402,1,1,16,1,1,2,11,3,20,8,0,2,0,2,0,1,998,999,999,0,0,4,2,1,8,1,2,12,0,60,96,73,10,12,2020,5,7,2,24,1,1,10,1,1,50.0
483403,1,1,39,1,1,4,11,20,20,1,0,1,0,1,0,1,998,999,999,1,0,1,2,2,8,1,1,52,0,82,96,26,18,12,2020,6,19,2,1,8,1,4,2,1,100.0
483404,1,1,50,1,1,4,11,3,20,8,0,1,0,0,0,1,998,999,999,0,0,1,2,1,8,1,11,8,0,60,0,0,23,12,2020,4,11,2,38,3,3,5,1,1,100.0
483408,1,1,19,1,1,2,11,99,8,8,0,5,0,2,0,1,998,999,999,0,0,1,5,8,8,98,1,17,1,13,96,91,3,10,2020,7,17,2,12,2,2,1,1,1,14.28571429
483409,1,1,17,2,1,0,11,3,20,8,0,4,0,2,0,1,998,999,999,0,0,1,2,1,8,2,1,80,0,3,96,0,18,12,2020,6,19,2,8,1,1,1,3,2,20.0
483410,1,1,74,1,1,4,11,3,20,8,0,1,0,1,0,1,998,999,999,0,0,1,2,8,8,1,1,17,0,13,93,39,20,12,2020,1,11,2,12,2,2,1,1,1,50.0
483413,1,1,39,1,1,4,11,20,20,0,0,1,0,1,0,1,90,999,999,0,2,2,3,2,8,1,1,62,0,80,96,52,20,12,2020,1,16,2,12,8,1,1,1,1,50.0
483415,1,1,51,1,1,2,11,3,8,8,0,3,0,4,0,1,998,72,195,1,0,1,2,8,8,1,1,17,0,60,96,38,17,12,2020,5,4,2,12,2,2,1,2,1,25.0
483419,1,1,30,1,1,0,11,3,20,8,0,1,1,1,0,1,998,999,999,0,5,5,5,1,8,1,1,80,0,7,96,91,10,12,2020,5,17,2,8,3,2,1,3,1,50.0
483420,1,1,40,1,1,4,11,20,20,8,0,1,0,0,0,1,998,999,999,0,4,1,2,1,8,1,1,6,1,69,96,0,25,12,2020,6,20,2,1,3,3,4,2,1,100.0
483422,1,1,54,1,1,0,11,3,20,8,0,1,0,1,0,1,65,999,999,0,0,4,3,1,8,1,1,81,0,7,96,0,18,12,2020,6,6,2,8,1,1,1,3,1,50.0
483424,1,1,24,1,1,4,11,20,20,8,0,1,0,2,0,1,998,999,999,0,0,3,2,3,8,1,1,90,0,7,96,81,24,12,2020,5,17,2,1,19,1,10,1,1,100.0
483425,1,1,38,1,1,2,11,20,8,8,0,4,0,0,0,1,998,999,999,0,0,2,2,1,1,2,1,12,0,7,96,0,13,12,2020,1,16,2,25,19,1,3,7,2,25.0
483428,1,1,34,2,1,4,11,99,8,8,0,1,0,1,0,1,998,999,999,0,5,3,2,1,8,1,1,12,0,13,92,0,29,12,2020,3,12,2,42,1,1,3,1,10,100.0
483431,1,1,28,1,1,4,11,3,8,0,0,1,0,0,0,1,998,999,999,0,4,1,2,1,8,2,1,6,1,13,96,87,14,11,2020,7,5,2,12,1,1,1,2,10,33.33333333
483432,1,1,41,1,1,4,11,3,20,0,0,2,0,1,1,1,998,999,999,0,0,2,2,1,1,2,1,13,0,60,96,0,28,11,2020,7,17,2,30,1,1,4,1,2,50.0
483433,1,1,999,9,1,9,11,99,98,8,0,99,1,9,99,1,998,999,999,99,4,2,3,1,1,1,1,83,0,999,96,0,22,11,2020,1,5,2,9,1,1,1,3,1,50.0
483435,1,1,31,1,1,4,11,20,9,8,0,1,0,2,0,1,998,999,999,0,5,2,3,1,8,1,1,12,0,3,96,0,27,12,2020,1,3,2,21,1,1,3,2,1,100.0
483437,1,1,61,1,1,4,11,3,9,8,0,1,0,1,0,1,998,999,999,1,4,2,2,1,2,1,1,50,0,7,96,0,26,12,2020,7,9,2,12,3,3,1,1,10,50.0
483440,1,1,29,1,1,4,11,20,8,0,0,1,0,1,0,1,80,999,999,0,3,2,2,1,8,1,14,6,0,3,96,0,22,12,2020,3,19,2,33,1,1,3,2,1,100.0
483441,1,1,36,1,1,4,11,3,8,0,0,1,0,0,0,1,998,999,999,2,3,2,2,1,8,1,1,6,0,3,96,0,16,12,2020,4,15,2,30,1,1,4,1,1,100.0
483442,1,1,24,1,1,0,11,20,8,8,0,2,0,1,0,1,998,999,999,99,4,2,1,2,8,1,1,51,1,13,96,0,20,12,2020,1,1,2,12,1,1,1,3,1,20.0
483445,1,1,41,1,1,0,11,3,20,8,0,1,0,2,6,1,998,71,999,0,0,3,4,3,8,2,2,53,0,66,96,0,29,12,2020,3,21,2,12,1,1,1,3,2,50.0
483449,1,1,54,1,1,4,11,20,8,8,0,1,0,1,0,1,998,999,999,0,5,1,2,3,8,2,1,13,1,60,96,0,30,12,2020,4,20,2,53,1,1,4,2,2,100.0
483452,1,1,21,1,1,4,11,20,9,0,0,1,0,2,0,1,998,999,999,0,0,1,2,1,8,1,14,13,1,13,96,0,28,12,2020,2,3,2,42,1,1,4,3,1,100.0
483453,1,1,25,1,1,4,11,3,8,8,0,1,0,2,0,1,998,999,999,0,5,2,2,1,1,2,1,12,1,13,96,0,20,12,2020,1,2,2,42,1,1,3,3,5,100.0
483455,1,1,81,1,1,0,11,3,20,8,0,1,0,1,0,1,998,999,999,0,0,1,2,1,2,1,11,15,0,60,96,38,28,12,2020,2,13,2,12,2,3,1,1,1,50.0
483457,1,1,999,9,1,9,11,99,98,8,0,99,1,9,99,1,998,999,999,99,0,2,2,1,8,1,1,80,0,999,96,0,27,12,2020,1,18,2,8,1,1,1,3,1,50.0
483459,1,1,35,2,1,1,11,3,9,8,0,1,0,1,0,1,998,999,999,0,0,6,2,1,8,1,1,50,1,7,96,91,28,11,2020,7,2,2,12,20,1,1,2,1,50.0
483460,1,1,23,2,1,2,11,3,20,8,0,1,0,1,0,1,0,999,999,0,0,3,4,2,8,1,5,53,0,13,96,54,27,11,2020,6,15,2,12,1,1,1,1,10,10.0
483461,1,1,23,1,1,4,11,3,8,8,0,2,0,1,0,1,998,999,999,0,0,2,2,8,8,1,99,19,0,13,96,38,24,12,2020,5,18,2,12,2,2,1,2,1,33.33333333
483462,1,1,36,1,1,0,11,3,20,8,0,1,0,1,0,1,998,999,999,0,0,4,1,1,8,1,1,80,0,13,7,0,29,12,2020,3,21,2,8,1,1,1,2,1,50.0
483463,1,1,56,1,1,0,11,3,20,8,0,1,0,1,0,1,998,999,999,0,0,2,2,2,8,2,1,80,0,7,96,0,30,12,2020,4,18,2,8,1,1,1,2,2,50.0
483464,1,1,44,1,1,0,11,3,20,8,0,1,0,1,0,1,998,999,999,2,0,6,2,1,8,1,1,80,0,7,96,0,27,12,2020,1,20,2,8,20,1,1,2,1,25.0
483465,1,1,20,1,1,0,11,3,20,0,0,1,0,1,0,1,998,999,999,0,0,3,5,1,8,1,1,80,0,5,96,0,20,12,2020,1,4,2,8,1,1,1,3,1,50.0
483466,1,1,23,1,1,3,11,20,20,8,0,5,0,0,0,1,998,999,999,0,0,1,2,1,8,1,1,80,1,60,96,91,11,12,2020,6,18,2,8,1,1,1,2,1,16.66666667
483467,1,1,21,2,1,0,11,3,20,8,0,1,0,2,0,1,998,999,999,0,0,2,4,1,1,1,1,80,0,13,96,73,19,12,2020,7,0,2,8,1,1,1,3,10,50.0
483468,1,1,55,1,1,0,11,3,20,8,0,2,0,1,0,1,998,74,190,1,0,5,7,3,8,1,1,80,0,60,96,0,24,12,2020,5,21,2,8,1,1,1,2,1,33.33333333
483469,1,1,28,1,1,4,11,20,8,0,0,1,0,2,0,1,998,999,999,0,0,6,2,1,8,1,1,12,1,13,96,28,31,12,2020,5,20,2,26,3,2,10,3,1,100.0
483470,1,1,30,2,1,4,11,20,8,0,0,2,0,1,0,1,998,999,999,2,0,3,4,1,1,1,99,13,1,7,96,0,25,12,2020,6,15,2,25,1,1,4,1,1,50.0
483471,1,1,21,1,1,4,11,99,99,0,0,4,0,1,0,1,998,999,999,0,0,2,2,1,8,1,1,6,1,13,96,0,22,12,2020,3,2,2,33,1,1,3,3,1,50.0
483472,1,1,28,1,1,4,11,99,8,8,0,1,0,1,0,1,998,999,999,1,4,3,2,1,8,1,1,9,0,7,96,0,27,12,2020,1,3,2,31,1,1,4,3,1,100.0
483474,1,1,52,2,1,4,11,3,9,8,0,1,0,2,0,1,998,999,999,1,0,5,5,3,8,1,14,8,0,95,0,999,20,12,2020,1,10,2,18,1,1,4,1,1,100.0
483476,1,1,39,1,1,4,11,20,8,0,0,1,0,2,0,1,998,999,999,0,0,3,4,2,8,2,1,9,0,7,96,0,30,12,2020,4,1,2,1,19,1,10,3,2,100.0
483480,1,1,24,1,1,4,11,99,8,8,0,2,0,0,0,1,998,999,999,0,0,4,2,1,2,1,6,9,1,5,96,60,13,12,2020,1,0,2,1,1,1,1,3,1,100.0
483481,1,1,28,1,1,4,11,20,8,8,0,1,0,2,0,1,998,999,999,1,4,1,2,1,8,1,1,12,0,13,96,0,25,12,2020,6,1,2,1,1,1,4,6,1,100.0
483484,1,1,51,1,1,4,11,3,20,8,0,1,0,1,0,1,998,999,999,0,0,2,2,1,8,1,1,13,0,60,96,999,23,12,2020,4,6,2,40,1,1,4,2,10,100.0
483487,1,1,40,1,1,0,11,3,20,8,0,2,0,3,7,1,998,70,999,0,0,3,2,1,8,1,1,80,0,66,96,0,28,12,2020,2,0,2,8,18,1,1,3,1,33.33333333
483489,1,1,19,1,1,3,11,3,99,1,0,3,0,2,0,1,998,999,999,0,0,1,2,1,8,1,1,13,1,7,96,36,27,12,2020,1,4,2,23,1,1,4,2,1,33.33333333
483490,1,1,59,1,1,4,11,20,20,8,0,1,0,0,0,1,998,999,999,0,3,1,2,1,8,1,14,8,0,81,96,84,7,11,2020,7,18,2,5,1,1,1,3,1,100.0
483491,1,1,21,1,1,0,11,3,9,8,0,1,0,2,0,1,998,999,999,0,0,5,5,1,8,1,1,13,1,60,96,91,17,12,2020,5,3,2,14,1,1,2,3,1,10.0
483492,1,1,73,2,1,4,11,3,9,8,0,1,0,1,0,1,998,999,999,0,0,1,4,1,8,1,1,13,0,7,15,0,30,12,2020,4,9,2,52,1,1,4,1,10,100.0
483495,1,1,46,1,1,4,11,20,9,8,0,1,0,0,0,1,998,999,999,1,0,1,2,1,8,1,1,10,0,13,96,0,28,12,2020,2,5,2,12,1,1,1,2,10,50.0
483498,1,1,65,1,1,4,11,20,20,8,0,1,0,1,0,1,998,999,999,0,4,2,3,1,8,1,15,10,1,13,96,27,28,12,2020,2,16,2,12,1,1,1,1,1,16.66666667
483500,1,1,61,1,1,4,11,20,20,8,0,1,0,1,0,1,998,70,150,0,4,4,3,1,8,1,1,6,0,125,96,0,21,12,2020,2,23,2,33,3,2,4,2,1,100.0
483502,1,1,79,1,1,4,11,20,9,8,0,1,0,0,0,1,998,999,999,2,4,1,2,1,8,1,1,51,0,13,96,0,16,12,2020,4,18,2,12,1,1,1,2,1,33.33333333
483503,1,1,23,1,1,4,11,20,20,1,0,2,0,0,0,1,998,999,999,2,0,2,2,1,8,1,1,13,1,60,96,58,22,12,2020,3,0,2,1,1,1,3,2,1,50.0
483504,1,1,47,1,1,4,11,99,20,8,0,4,0,1,0,1,998,999,999,99,4,1,2,1,8,1,14,6,0,7,96,8,29,12,2020,3,23,2,1,1,1,4,3,1,25.0
483505,1,1,76,1,1,4,11,20,9,0,0,1,0,1,0,1,998,999,999,0,0,1,3,1,8,2,1,8,0,60,96,28,24,11,2020,3,15,2,12,2,3,1,1,2,33.33333333
483506,1,1,27,2,1,3,11,3,8,0,0,2,0,1,0,1,998,999,999,0,3,4,5,1,8,1,1,80,1,7,96,73,26,11,2020,5,0,2,30,19,1,10,3,1,50.0
483508,1,1,71,2,1,0,11,3,20,8,0,1,0,1,0,1,998,999,999,0,0,2,2,2,8,1,1,80,0,7,96,0,27,12,2020,1,18,2,8,1,1,1,3,1,50.0
483509,1,1,43,2,1,2,11,3,9,1,0,2,0,1,0,1,998,999,999,0,0,4,4,1,1,1,1,17,0,7,96,91,25,12,2020,6,2,2,12,2,2,1,3,1,33.33333333
483510,1,1,43,1,1,2,11,20,8,8,0,3,0,2,0,1,998,999,999,1,5,3,3,1,8,1,1,50,1,7,96,91,27,12,2020,1,2,2,12,18,1,1,3,1,20.0
483511,1,1,47,1,1,4,11,20,8,0,0,1,0,4,0,1,998,999,999,0,4,4,2,1,8,1,1,6,1,2,96,0,20,12,2020,1,23,2,33,1,1,4,3,1,100.0
483512,1,1,29,1,1,4,11,99,9,0,0,1,0,1,0,1,998,999,999,99,0,2,2,1,8,1,1,13,1,13,96,0,27,12,2020,1,2,2,42,1,1,4,3,1,100.0
483513,1,1,61,1,1,4,11,99,20,1,0,1,0,2,0,1,998,73,207,0,0,1,3,8,8,2,1,17,0,13,96,39,31,12,2020,5,20,2,12,2,2,1,3,2,50.0
483514,1,1,999,9,1,9,11,99,98,8,0,99,1,9,99,1,998,999,999,99,0,1,2,1,8,1,1,80,0,999,96,0,19,12,2020,7,23,2,8,1,1,1,3,10,50.0
483515,1,1,40,1,1,0,11,3,9,8,0,1,0,2,1,1,998,999,999,1,4,2,3,1,8,1,1,51,1,60,96,60,11,11,2020,4,1,2,12,3,2,1,2,1,33.33333333
483517,1,1,39,1,1,4,11,3,8,8,0,1,0,1,0,1,998,999,999,0,5,3,5,1,8,1,1,13,1,7,96,0,26,12,2020,7,0,2,30,1,1,4,3,1,100.0
483518,1,1,74,1,1,2,11,3,20,8,0,2,0,1,0,1,998,999,999,0,0,2,4,3,8,1,1,51,0,60,93,6,28,12,2020,2,18,2,12,18,1,1,3,1,33.33333333
483519,1,1,34,1,1,4,11,20,9,8,0,1,0,1,0,1,998,999,999,0,5,4,3,2,8,2,1,13,0,13,96,39,29,12,2020,3,21,2,26,19,1,10,3,10,100.0
483521,1,1,43,1,1,3,11,3,8,8,0,1,0,1,0,1,82,999,999,99,3,2,4,1,8,2,14,66,0,60,96,0,31,12,2020,5,9,2,12,2,3,1,1,2,66.66666667
483522,1,1,31,2,1,0,11,3,20,8,0,3,0,1,0,1,998,999,999,0,0,2,4,1,8,1,12,21,0,7,96,48,12,12,2020,7,12,2,1,1,1,1,1,1,25.0
483525,1,1,28,1,1,4,11,99,98,8,0,1,0,2,0,1,998,999,999,0,5,1,2,1,8,1,1,12,0,60,96,0,13,12,2020,1,2,2,31,1,1,4,2,10,100.0
483526,1,1,28,1,1,2,11,99,8,0,0,2,0,2,0,1,998,999,999,1,0,2,3,1,8,1,1,17,1,7,96,0,5,10,2020,2,15,2,12,2,2,1,1,1,33.33333333
483527,1,1,35,1,1,0,11,3,20,8,0,1,0,0,6,1,998,74,200,0,0,3,2,2,1,1,2,53,0,66,96,0,14,12,2020,2,17,2,12,1,1,1,1,1,40.0
483528,1,1,36,1,1,2,11,3,9,0,0,1,0,1,0,1,998,999,999,0,3,2,4,1,1,2,1,17,0,5,96,39,29,12,2020,3,20,2,12,2,2,1,3,2,50.0
483532,1,1,33,2,1,4,11,20,8,8,0,1,0,1,0,1,998,66,156,0,0,2,2,1,8,1,1,12,0,13,96,0,24,12,2020,5,20,2,33,1,1,3,3,1,100.0
483533,1,1,18,1,1,3,11,20,9,8,0,4,0,1,0,1,62,999,999,0,3,2,4,1,8,1,1,17,0,13,96,39,28,12,2020,2,0,2,12,2,2,1,3,1,16.66666667
483534,1,1,16,2,1,2,11,3,8,8,0,1,1,2,0,1,997,999,999,0,3,3,4,1,8,1,14,11,0,13,96,91,27,12,2020,1,3,2,12,1,1,1,3,1,66.66666667
483536,1,1,27,1,1,4,11,20,8,8,0,4,0,2,0,1,998,64,152,1,0,2,2,1,1,1,1,12,1,60,96,0,26,11,2020,5,1,2,1,1,1,3,2,1,25.0
483537,1,1,62,1,1,0,11,3,20,0,0,1,0,3,0,1,998,999,999,0,0,2,5,3,8,1,1,80,1,60,96,0,30,12,2020,4,18,2,12,2,2,1,3,10,33.33333333
483538,1,1,21,2,1,4,11,3,9,8,0,2,0,2,0,1,998,999,999,0,0,3,3,1,1,1,1,54,1,5,96,51,22,12,2020,3,22,2,12,1,1,1,3,1,66.66666667
483540,1,1,19,1,1,4,11,3,8,8,0,1,0,0,0,1,998,73,155,1,4,3,3,1,8,2,14,6,0,60,96,87,30,12,2020,4,21,2,24,19,1,10,2,2,100.0
483541,1,1,28,1,1,4,11,20,20,8,0,1,0,1,0,1,998,999,999,2,5,4,2,1,8,1,1,52,0,82,96,0,29,12,2020,3,15,2,12,3,3,1,1,1,50.0
483542,1,1,28,1,1,0,11,3,20,8,0,1,0,2,6,1,70,999,999,0,0,3,3,1,8,1,1,80,0,66,0,0,31,12,2020,5,23,2,8,1,1,1,2,1,50.0
483543,1,1,86,1,1,4,11,99,20,8,0,1,0,0,0,1,998,999,999,0,5,1,4,1,8,2,1,13,0,13,93,6,31,12,2020,5,18,2,30,1,1,4,2,2,100.0
483544,1,1,26,1,1,4,11,20,20,1,0,1,0,2,0,1,998,999,999,0,5,1,2,1,8,1,1,12,0,13,96,999,13,12,2020,1,13,2,34,1,1,4,1,1,100.0
483545,1,1,40,2,1,3,11,3,9,0,0,1,0,0,0,1,998,999,999,0,0,1,2,1,8,2,1,10,1,7,96,28,31,12,2020,5,16,2,12,1,1,1,1,2,33.33333333
483547,1,1,28,1,1,0,11,3,8,8,0,1,0,1,0,1,998,999,999,1,0,2,4,1,8,1,1,83,1,13,96,0,31,5,2020,1,19,2,15,3,3,1,1,1,50.0
483548,1,1,999,9,1,0,11,99,99,8,0,99,1,9,99,1,998,999,999,99,0,2,4,1,8,1,11,15,0,999,93,6,9,6,2020,3,12,2,12,2,3,1,1,1,50.0
483549,1,1,25,1,1,1,11,3,20,8,0,1,0,1,0,1,998,999,999,0,0,2,3,1,8,1,1,17,0,3,96,39,13,7,2020,2,15,2,12,2,7,1,1,1,14.28571429
483550,1,1,45,1,1,4,11,3,20,8,0,1,0,1,0,1,998,999,999,0,0,3,4,1,8,1,1,61,0,60,96,0,25,11,2020,4,20,2,12,1,1,1,3,1,33.33333333
483551,1,1,33,1,1,1,11,3,20,8,0,1,0,0,0,1,55,999,999,0,5,3,4,1,1,1,1,52,0,7,96,26,6,12,2020,1,12,2,12,18,1,1,1,1,12.5
483554,1,1,37,2,1,2,11,3,9,8,0,2,0,1,0,1,998,999,999,99,4,5,3,2,8,2,14,6,0,60,96,87,31,12,2020,5,14,2,12,1,1,1,1,2,33.33333333
483557,1,1,999,9,1,9,11,99,98,8,0,99,1,9,99,1,998,999,999,99,0,2,2,1,8,1,1,80,0,999,96,91,10,12,2020,5,20,2,8,1,1,1,2,1,50.0
483558,1,1,30,1,1,3,11,20,8,8,0,1,0,1,0,1,998,999,999,0,0,3,5,1,8,1,1,80,0,13,96,51,27,12,2020,1,0,2,12,18,1,1,3,1,25.0
483561,1,1,999,9,1,9,11,99,99,8,0,99,1,9,99,1,998,999,999,99,0,4,2,1,8,1,1,80,0,999,96,0,17,9,2020,5,22,2,8,3,3,1,3,1,50.0
483564,1,1,16,2,1,2,11,3,8,8,0,1,0,2,0,1,998,999,999,0,3,5,5,1,1,1,1,51,0,7,96,73,17,12,2020,5,2,2,12,1,1,1,3,1,33.33333333
483567,1,1,16,1,1,2,11,20,9,1,0,2,1,0,0,1,104,999,999,0,5,1,2,1,8,1,1,9,0,7,96,91,16,10,2020,6,0,2,32,1,1,4,3,1,50.0
483568,1,1,69,1,1,4,11,3,8,8,0,2,0,3,0,1,998,999,999,0,4,3,3,1,8,1,1,51,0,13,96,0,27,12,2020,1,20,2,12,1,1,1,3,1,33.33333333
483569,1,1,35,1,1,4,11,3,8,8,0,1,0,9,0,1,998,74,233,0,0,2,3,1,8,2,99,12,1,13,96,0,6,12,2020,1,4,2,33,1,1,3,3,2,100.0
483570,1,1,24,1,1,4,11,20,20,8,0,1,0,2,0,1,998,999,999,3,5,5,5,3,8,1,1,12,0,80,96,0,28,12,2020,2,0,2,33,1,1,4,3,1,100.0
483571,1,1,38,1,1,0,11,3,20,8,0,4,0,1,4,1,998,999,999,0,0,3,2,1,8,1,11,15,0,95,96,32,20,11,2020,6,8,2,5,2,3,1,1,10,25.0
483572,1,1,39,1,1,1,11,3,20,1,0,1,0,2,0,1,998,999,999,1,0,2,2,1,2,1,99,12,0,60,96,91,25,12,2020,6,9,2,33,1,1,3,1,1,50.0
483573,1,1,21,1,1,3,11,20,8,8,0,2,0,0,0,1,998,999,999,0,4,1,2,1,8,2,1,54,1,13,96,51,11,12,2020,6,9,2,42,1,1,4,1,10,50.0
483576,1,1,21,2,1,0,11,3,20,8,0,1,1,1,0,1,998,999,999,0,5,3,4,2,8,1,1,82,1,13,96,91,24,12,2020,5,2,2,8,1,1,1,3,1,50.0
483577,1,1,36,1,1,0,11,3,20,8,0,1,0,3,6,1,998,999,999,0,4,1,2,1,8,2,14,6,0,66,96,87,19,12,2020,7,0,2,51,1,1,1,2,2,66.66666667
483579,1,1,31,1,1,1,11,3,9,8,0,1,0,1,0,1,998,999,999,2,3,3,6,3,1,1,1,50,0,13,96,0,28,12,2020,2,2,2,12,18,1,1,3,1,20.0
483580,1,1,26,1,1,0,11,3,20,8,0,1,0,1,0,1,998,999,999,99,0,2,4,1,1,1,15,80,0,3,96,0,27,12,2020,1,22,2,8,1,1,1,3,1,50.0
483581,1,1,73,1,1,0,11,3,20,8,0,1,0,1,0,1,998,999,999,0,0,1,2,1,8,1,14,10,0,7,93,28,5,10,2020,2,14,2,12,1,1,1,1,1,50.0
483582,1,1,19,2,1,0,11,3,20,8,0,3,0,1,0,1,998,999,999,0,0,1,4,1,8,1,1,80,0,13,96,0,28,10,2020,4,20,2,8,1,1,1,2,1,25.0
483583,1,1,48,2,1,4,11,20,20,8,0,1,0,3,0,1,998,999,999,1,0,5,7,2,8,2,1,98,0,60,0,0,31,12,2020,5,22,2,32,1,1,4,2,2,100.0
483584,1,1,56,1,1,0,11,3,8,8,0,2,0,1,0,1,998,999,999,0,5,2,3,1,8,1,1,50,0,60,96,0,20,10,2020,3,13,2,12,3,2,1,1,1,20.0
483585,1,1,52,2,1,0,11,3,20,8,0,1,0,2,0,1,998,999,999,0,0,5,7,1,1,1,1,83,0,7,96,0,26,11,2020,5,18,2,9,1,1,11,3,1,50.0
483586,1,1,85,1,1,4,11,3,8,8,0,1,0,1,0,1,998,999,999,0,0,1,2,1,8,1,1,8,0,2,0,48,30,10,2020,6,21,2,30,1,1,4,2,1,100.0
483587,1,1,77,2,1,4,11,3,20,8,0,1,0,1,0,1,998,999,999,0,5,4,3,1,8,1,1,61,0,7,96,0,5,11,2020,5,11,2,12,4,1,1,1,1,50.0
483588,1,1,25,1,1,4,11,20,9,8,0,1,0,0,0,1,998,999,999,0,4,2,2,2,8,1,14,6,1,7,96,0,5,12,2020,7,5,2,30,1,1,4,3,1,100.0
483589,1,1,42,1,1,4,11,20,9,8,0,1,0,2,0,1,998,999,999,0,0,2,3,1,8,1,1,50,0,7,0,0,27,6,2020,7,8,2,12,1,1,1,1,1,25.0
483591,1,1,43,1,1,1,11,3,9,1,0,1,0,1,0,1,998,999,999,0,5,3,5,1,1,1,1,51,1,60,96,0,7,8,2020,6,23,2,12,1,1,1,3,1,33.33333333
483592,1,1,64,1,1,0,11,3,20,8,0,1,0,1,0,1,998,999,999,0,0,4,3,1,8,1,1,83,0,8,92,0,26,8,2020,4,22,2,9,1,1,1,3,1,50.0
483593,1,1,16,1,1,4,11,99,20,8,0,1,0,2,0,1,998,999,999,99,5,3,2,1,8,1,1,13,0,7,96,0,4,7,2020,7,1,2,30,1,1,4,2,1,100.0
483596,1,1,999,9,1,9,11,99,99,8,0,99,1,9,0,1,998,999,999,99,0,2,4,1,8,1,1,80,0,3,96,0,25,9,2020,6,23,2,8,3,2,1,3,1,50.0
483597,1,1,21,1,1,4,11,20,20,8,0,1,0,1,0,1,998,999,999,1,3,3,6,1,8,1,15,98,0,80,96,27,14,9,2020,2,7,2,12,1,1,1,4,1,25.0
483598,1,1,999,9,1,9,11,99,99,8,0,99,1,9,99,1,998,999,999,99,0,1,2,1,8,1,1,83,0,999,96,0,28,9,2020,2,20,2,15,1,1,1,2,1,50.0
483600,1,1,26,1,1,4,11,20,9,8,0,1,0,1,0,1,998,999,999,0,0,2,2,1,8,1,1,12,0,13,96,0,26,9,2020,7,0,2,42,1,1,3,3,1,100.0
483601,1,1,29,1,1,4,11,98,8,8,0,1,0,1,0,1,998,999,999,0,0,5,5,1,8,1,14,10,0,7,96,0,27,9,2020,1,6,2,12,2,3,1,3,1,50.0
483602,1,1,19,1,1,2,11,20,9,8,0,2,0,2,0,1,998,999,999,0,4,1,2,1,8,1,1,14,0,7,96,91,25,10,2020,1,3,2,25,1,1,4,3,1,50.0
483603,1,1,67,1,1,4,11,3,20,8,0,1,0,1,0,1,998,999,999,0,0,2,5,1,1,1,11,10,0,7,96,50,8,10,2020,5,19,2,12,3,2,1,3,1,25.0
483604,1,1,39,1,1,4,11,3,9,1,0,1,0,1,0,1,998,999,999,0,4,1,2,1,8,1,14,6,1,7,96,0,21,10,2020,4,18,2,42,1,1,4,5,1,100.0
483605,1,1,23,1,1,4,11,3,9,8,0,1,0,1,0,1,998,999,999,0,4,3,5,1,1,1,1,51,1,7,96,0,11,8,2020,3,2,2,12,1,1,1,3,1,50.0
483607,1,1,19,1,1,4,11,20,20,8,0,1,0,1,0,1,998,999,999,0,5,4,2,1,8,1,14,13,0,3,96,0,19,11,2020,5,0,2,33,1,1,4,3,1,100.0