ST_CASE,VEH_NO,PER_NO,AGE,SEX,PER_TYP,INJ_SEV,SEAT_POS,REST_USE,AIR_BAG,DRUGS,LOCATION,NUMOCCS,HIT_RUN,OWNER,V_CONFIG,HAZ_INV,TRAV_SP,DR_HGT,DR_WGT,PREV_SPD,SPEEDREL,VTRAFWAY,VNUM_LAN,VPROFILE,VPAVETYP,VSURCOND,P_CRASH1,P_CRASH2,DR_DRINK,VPICBODYCLASS,DRDISTRACT,DRIVERRF,DAY,MONTH,YEAR,DAY_WEEK,HOUR,RUR_URB,HARM_EV,RELJCT2,TYP_INT,REL_ROAD,LGT_COND,WEATHER,Fatality Rate (%)
530374,1,1,33,2,1,0,11,3,20,8,0,1,0,1,0,1,998,64,165,0,0,5,7,8,2,2,1,80,0,1,96,0,25,9,2020,6,4,2,8,1,1,1,3,2,50.0
530376,1,1,33,1,1,4,11,20,8,8,0,1,0,2,0,1,998,72,190,1,3,2,2,1,1,1,1,17,1,3,96,39,13,9,2020,1,18,2,12,2,4,1,5,5,33.33333333
530379,1,1,36,2,1,4,11,3,8,8,0,3,0,1,0,1,998,61,160,0,0,2,3,1,2,2,1,17,1,7,96,38,25,9,2020,6,19,2,12,2,2,1,3,2,25.0
530380,1,1,29,1,1,0,11,99,20,8,0,1,0,1,0,1,998,71,140,3,0,1,2,2,2,1,1,80,0,13,92,0,19,9,2020,7,15,2,8,1,1,1,1,1,50.0
530381,1,1,52,1,1,0,11,3,20,8,0,1,0,3,6,1,998,66,200,0,0,1,4,1,2,1,1,80,0,66,96,0,2,10,2020,6,20,2,8,3,3,1,3,1,50.0
530382,1,1,36,2,1,4,11,20,8,1,0,1,0,2,0,1,998,62,125,0,4,3,3,2,2,1,14,6,0,2,96,0,14,9,2020,2,5,2,24,1,1,4,2,5,50.0
530384,1,1,16,1,1,0,11,3,20,8,0,1,0,1,0,1,998,67,180,0,0,1,3,1,2,1,1,80,0,13,15,73,30,9,2020,4,20,2,8,3,2,1,5,1,50.0
530385,1,1,37,2,1,4,11,20,20,8,0,1,0,1,0,1,998,64,170,0,0,1,2,1,2,1,14,12,0,13,92,0,6,10,2020,3,6,2,35,1,1,4,3,5,100.0
530386,1,1,51,2,1,4,11,3,8,8,0,1,0,1,0,1,0,66,129,0,0,1,2,1,2,1,5,98,0,13,96,39,4,10,2020,1,22,2,10,6,1,1,3,1,100.0
530387,1,1,43,2,1,1,11,3,20,8,0,1,0,1,0,1,0,61,150,0,0,1,5,2,2,1,5,8,0,7,96,0,3,10,2020,7,16,2,8,3,2,1,1,10,25.0
530389,1,1,27,1,1,0,11,3,20,1,0,1,0,1,0,1,998,67,130,0,0,3,5,1,1,1,98,80,0,13,96,39,4,7,2020,7,1,2,8,1,1,1,3,1,33.33333333
530391,1,1,56,1,1,3,11,3,8,8,0,1,0,3,0,1,998,72,210,0,0,1,2,1,1,1,6,8,0,7,0,16,29,8,2020,7,12,2,12,1,1,1,1,10,25.0
530399,1,1,16,1,1,0,11,3,20,8,0,1,0,2,0,1,998,69,125,0,0,1,6,2,2,1,14,80,0,13,0,10,5,10,2020,2,17,2,8,1,1,1,1,1,50.0
530400,1,1,27,1,1,0,11,3,20,8,0,1,0,1,0,1,998,73,185,1,0,3,2,2,2,1,15,80,0,13,13,0,12,10,2020,2,22,2,8,1,1,1,3,1,50.0
530401,1,1,20,1,1,4,11,3,8,8,0,1,0,1,0,1,998,69,120,2,3,1,2,1,2,1,1,17,1,5,96,39,13,10,2020,3,23,2,12,2,2,1,3,1,33.33333333
530402,1,1,28,1,1,0,11,3,20,8,0,1,0,1,0,1,998,72,220,0,0,5,6,1,2,1,1,80,0,60,96,0,25,9,2020,6,21,2,8,1,1,1,2,1,50.0
530403,1,1,37,2,1,4,11,20,1,8,0,1,0,2,0,1,998,70,165,0,0,1,4,1,2,2,1,14,1,7,92,39,9,10,2020,6,20,2,39,3,3,4,3,2,100.0
530404,1,1,26,1,1,2,11,99,20,1,0,1,1,2,0,1,998,68,150,0,0,4,2,2,1,1,11,15,0,13,96,38,20,5,2020,4,8,2,12,2,3,1,1,10,50.0
530405,1,1,32,1,1,9,11,99,99,8,0,1,1,1,0,1,998,67,195,0,3,1,4,1,1,1,1,80,0,13,0,38,2,10,2020,6,19,2,8,1,1,1,3,1,50.0
530406,1,1,54,1,1,0,11,3,20,8,0,1,0,3,0,1,998,76,220,0,0,5,5,3,2,2,1,80,0,60,0,10,13,10,2020,3,5,2,8,1,1,1,3,2,50.0
530408,1,1,71,1,1,4,11,99,20,8,0,1,0,1,19,1,998,73,195,0,0,3,2,2,2,1,1,8,0,108,0,0,16,10,2020,6,8,2,25,1,1,4,1,1,100.0
530412,1,1,35,1,1,4,11,99,99,8,0,4,0,0,0,1,998,72,200,3,4,1,2,8,2,1,1,11,1,60,96,39,11,10,2020,1,2,2,35,3,10,4,2,1,25.0
530413,1,1,35,2,1,0,11,99,20,8,0,99,1,1,0,1,998,65,170,0,0,1,2,1,2,1,1,99,0,60,96,0,6,10,2020,3,23,2,8,99,1,1,2,1,50.0
530415,1,1,51,1,1,0,11,3,20,8,0,1,1,2,0,1,998,68,180,1,0,3,3,1,2,1,1,51,0,95,96,91,16,10,2020,6,3,2,12,1,1,1,3,1,50.0
530417,1,1,62,1,1,4,11,3,1,8,0,1,0,2,0,1,998,68,160,0,4,5,5,2,2,1,6,6,0,3,96,0,15,10,2020,5,22,2,30,3,2,4,3,1,100.0
530421,1,1,20,2,1,0,11,99,20,8,0,2,0,2,0,1,998,62,160,0,0,1,4,1,2,1,11,98,0,13,96,0,4,10,2020,1,1,2,5,2,2,1,3,1,33.33333333
530422,1,1,37,1,1,0,11,3,20,8,0,1,0,1,0,1,998,72,190,0,0,3,3,4,1,1,1,80,0,7,96,0,17,10,2020,7,21,2,8,1,1,1,3,1,33.33333333
530423,1,1,40,1,1,3,11,20,99,8,0,2,0,1,0,1,998,72,195,1,0,3,4,1,2,1,15,10,0,7,96,33,30,10,2020,6,13,2,12,1,1,1,1,1,16.66666667
530425,1,1,60,2,1,0,11,3,20,8,0,1,0,1,0,1,998,65,150,0,0,1,4,1,2,1,1,83,0,13,0,10,31,10,2020,7,18,2,15,3,2,1,3,1,50.0
530427,1,1,27,2,1,4,11,20,8,8,0,1,0,3,0,1,998,66,130,0,4,1,2,1,2,1,1,13,0,13,96,0,3,11,2020,3,0,2,14,1,1,2,3,1,100.0
530430,1,1,29,1,1,3,11,99,8,8,0,4,0,1,0,1,998,72,250,1,3,1,2,1,2,1,14,13,1,60,96,0,31,10,2020,7,0,2,30,1,1,4,3,1,25.0
530432,1,1,38,2,1,4,11,20,20,8,0,1,0,2,0,1,998,64,100,0,0,3,2,2,2,2,1,54,1,12,96,51,4,11,2020,4,23,2,12,1,1,1,2,10,33.33333333
530433,1,1,66,2,1,0,11,3,8,8,0,2,0,1,0,1,998,63,165,0,0,3,5,1,2,1,1,80,0,7,96,0,1,11,2020,1,1,2,8,1,1,1,2,10,33.33333333
530434,1,1,30,1,1,2,11,3,8,8,0,2,0,2,0,1,998,69,175,0,0,1,2,2,1,2,14,6,0,7,96,58,5,11,2020,5,11,2,12,1,1,1,1,2,25.0
530438,1,1,999,8,1,9,11,99,99,8,0,99,1,9,0,1,998,999,999,99,0,5,7,1,2,1,1,80,0,13,96,0,6,11,2020,6,5,2,8,1,1,1,3,1,50.0
530439,1,1,23,1,1,4,11,20,8,1,0,1,0,1,0,1,998,65,135,0,0,1,2,1,2,1,1,13,1,7,96,8,8,11,2020,1,21,2,59,1,1,4,3,1,100.0
530440,1,1,25,1,1,1,11,3,8,8,0,2,0,3,0,1,998,70,280,0,0,3,2,1,2,1,1,54,1,60,96,51,7,11,2020,7,1,2,12,1,1,1,3,1,33.33333333
530441,1,1,47,2,1,0,11,3,20,0,0,1,0,1,0,1,998,67,150,0,0,2,4,1,2,1,1,80,0,7,96,0,8,11,2020,1,17,2,8,1,1,1,3,1,33.33333333
530443,1,1,55,1,1,4,11,20,20,0,0,1,0,1,0,1,998,62,285,99,0,1,2,1,2,1,11,15,0,12,96,48,12,11,2020,5,14,2,12,2,2,1,1,1,50.0
530447,1,1,25,1,1,0,11,3,8,8,0,4,0,3,1,1,998,74,185,0,0,6,1,2,2,2,1,51,0,62,12,94,18,11,2020,4,10,2,20,5,1,8,1,2,25.0
530448,1,1,28,1,1,0,11,3,20,0,0,1,0,1,0,1,998,67,150,0,0,1,5,1,2,1,1,80,0,7,96,0,31,10,2020,7,19,2,8,3,2,1,3,1,50.0
530449,1,1,20,2,1,0,11,3,20,8,0,1,0,2,0,1,998,69,192,3,0,1,5,1,2,1,11,80,0,7,96,0,19,11,2020,5,20,2,8,3,2,1,2,1,50.0
530450,1,1,24,2,1,0,11,3,20,8,0,1,0,1,0,1,998,62,142,0,4,5,5,1,2,2,1,80,0,13,96,0,4,11,2020,4,17,2,8,3,2,1,3,2,50.0
530451,1,1,66,1,1,0,11,3,8,8,0,1,0,5,0,1,998,70,250,0,0,3,2,2,2,2,1,50,0,60,96,0,18,11,2020,4,4,2,12,1,1,1,3,2,25.0
530452,1,1,16,1,1,3,11,3,20,8,0,2,0,2,0,1,998,70,145,0,0,1,2,1,2,2,4,17,0,3,96,73,14,11,2020,7,20,2,12,2,2,1,2,2,33.33333333
530453,1,1,93,1,1,4,11,20,20,8,0,2,0,1,0,1,998,72,204,0,0,1,2,2,2,1,11,15,0,13,96,38,12,11,2020,5,17,2,12,2,3,1,2,1,33.33333333
530454,1,1,23,1,1,4,11,20,1,8,0,1,0,1,0,1,998,71,165,0,3,2,4,1,2,2,6,17,0,5,96,39,13,11,2020,6,15,2,12,2,2,1,1,10,14.28571429
530455,1,1,38,1,1,4,11,20,8,8,0,1,0,1,0,1,998,73,195,0,3,1,4,1,2,1,6,6,0,13,96,28,21,11,2020,7,14,2,12,1,1,1,1,10,33.33333333
530457,1,1,60,2,1,4,11,3,8,8,0,1,0,1,0,1,998,67,220,3,0,2,2,1,1,2,1,12,0,7,96,0,13,11,2020,6,15,2,42,1,1,4,1,10,100.0
530458,1,1,20,1,1,4,11,99,8,8,0,1,0,1,0,1,998,65,115,1,0,1,2,1,2,2,1,14,1,13,96,0,22,11,2020,1,22,2,43,1,1,4,3,2,100.0
530460,1,1,26,1,1,4,11,3,1,8,0,1,0,2,0,1,998,71,310,0,4,1,2,1,2,4,14,6,0,13,96,87,21,11,2020,7,6,2,12,2,3,1,4,10,25.0
530461,1,1,40,1,1,4,11,20,20,8,0,1,0,2,0,1,998,68,200,3,3,1,2,1,2,1,1,67,0,80,96,0,23,7,2020,5,10,2,12,2,3,1,1,1,50.0
530463,1,1,81,2,1,0,11,3,20,8,0,1,0,1,0,1,998,60,138,0,0,1,5,2,2,1,11,15,0,7,96,38,29,10,2020,5,15,2,1,8,1,1,1,1,50.0
530464,1,1,88,1,1,4,11,3,8,8,0,2,0,1,0,1,998,70,185,0,0,1,3,1,2,2,11,15,0,13,96,38,16,11,2020,2,16,2,12,2,2,1,3,1,33.33333333
530466,1,1,36,8,1,4,11,20,20,8,0,1,0,1,0,1,998,72,210,1,0,1,2,1,2,1,14,10,1,5,96,58,27,11,2020,6,17,2,12,1,1,1,2,1,33.33333333
530467,1,1,55,1,1,0,11,3,20,8,0,1,1,2,0,1,998,68,166,0,0,1,2,1,2,2,1,80,1,7,96,23,20,11,2020,6,17,2,8,1,1,2,2,10,33.33333333
530470,1,1,48,1,1,3,11,3,20,8,0,3,0,1,0,1,998,69,189,0,3,1,2,1,2,1,1,80,0,13,96,0,19,8,2020,4,18,2,38,3,3,4,1,1,33.33333333
530471,1,1,47,1,1,0,11,3,20,8,0,2,0,1,0,1,998,66,172,0,0,5,3,2,2,1,1,80,0,13,0,10,30,11,2020,2,17,2,8,1,1,1,5,1,33.33333333
530472,1,1,37,1,1,4,11,99,99,8,0,1,0,2,0,1,998,70,160,0,0,3,2,1,2,1,1,54,1,60,96,51,1,12,2020,3,23,2,12,1,1,1,3,1,28.57142857
530474,1,1,53,1,1,1,11,3,1,1,0,1,0,1,0,1,998,72,179,1,0,3,2,2,2,2,14,54,0,60,96,91,4,12,2020,6,5,2,12,1,1,1,2,10,50.0
530475,1,1,53,1,1,0,11,99,20,1,0,1,1,2,0,1,998,70,245,0,0,1,2,1,2,1,1,11,0,60,96,0,1,12,2020,3,8,2,8,1,1,2,1,1,50.0
530476,1,1,56,1,1,3,11,3,1,1,0,2,0,2,0,1,998,69,165,0,0,5,5,1,2,1,1,13,0,60,96,0,7,12,2020,2,20,2,42,1,1,4,3,10,33.33333333
530477,1,1,45,1,1,0,11,3,8,1,0,1,0,1,0,1,998,69,168,0,0,1,3,2,2,1,11,15,1,13,96,38,6,12,2020,1,16,2,12,2,2,1,1,1,50.0
530478,1,1,77,1,1,0,11,3,20,8,0,2,0,1,0,1,998,72,220,0,0,5,5,1,2,2,1,80,0,9,96,0,8,12,2020,3,17,2,8,1,1,1,3,2,33.33333333
530479,1,1,26,1,1,4,11,20,20,8,0,1,0,2,0,1,998,73,250,1,0,1,2,1,2,2,14,13,1,80,92,0,10,12,2020,5,0,2,24,1,1,4,3,5,100.0
530480,1,1,50,1,1,0,11,3,20,1,0,1,0,1,0,1,998,69,165,0,0,4,2,8,2,1,10,80,0,7,96,0,9,12,2020,4,19,2,8,3,2,1,3,1,50.0
530482,1,1,40,2,1,4,11,3,20,8,0,1,0,2,0,1,998,65,240,0,0,0,0,0,0,0,11,15,0,7,96,38,10,12,2020,5,17,2,12,8,1,1,3,1,50.0
530483,1,1,51,2,1,4,11,99,20,8,0,1,0,1,0,1,998,67,160,0,0,1,2,1,2,2,14,10,0,13,92,58,5,11,2020,5,16,2,12,1,1,1,1,2,50.0
530489,1,1,66,8,1,0,11,3,20,8,0,1,0,1,0,1,998,69,240,0,0,1,3,2,2,1,11,80,0,60,0,38,14,12,2020,2,15,2,8,3,2,1,1,1,50.0
530490,1,1,27,1,1,0,11,3,20,0,0,1,0,3,0,1,998,77,215,3,0,1,2,1,2,2,11,80,0,60,0,38,8,12,2020,3,10,2,8,3,2,1,1,2,50.0
530491,1,1,43,2,1,4,11,3,20,8,0,1,0,1,0,1,998,68,180,0,0,1,2,2,2,2,14,13,0,13,92,0,14,12,2020,2,17,2,1,1,1,4,2,1,100.0
530492,1,1,79,1,1,4,11,3,8,8,0,1,0,3,0,1,998,68,210,0,0,6,1,1,2,1,98,54,0,60,96,51,10,12,2020,5,15,2,12,5,1,1,1,10,16.66666667
530494,1,1,63,2,1,4,11,20,20,8,0,1,0,1,0,1,998,69,195,0,0,3,4,1,2,1,15,10,0,6,96,35,4,12,2020,6,15,2,12,1,1,1,1,1,50.0
530496,1,1,999,9,1,9,11,99,99,8,0,99,1,9,99,1,998,999,999,99,0,1,4,1,2,2,1,80,0,999,96,0,19,12,2020,7,0,2,8,2,3,1,3,2,50.0
530497,1,1,18,1,1,2,11,3,8,1,0,4,0,2,0,1,998,71,155,0,0,1,2,1,2,2,14,12,0,5,96,0,20,12,2020,1,1,2,30,1,1,4,3,2,25.0
530498,1,1,18,1,1,0,11,3,8,8,0,1,0,2,0,1,998,72,165,1,0,1,3,1,2,2,11,15,0,13,96,48,20,11,2020,6,12,2,12,2,3,1,1,1,33.33333333
530499,1,1,20,2,1,0,11,3,20,8,0,1,1,2,0,1,998,65,126,0,0,1,3,1,2,1,11,80,0,7,96,38,2,12,2020,4,14,2,8,3,2,1,1,1,50.0
530501,1,1,17,1,1,1,11,3,8,8,0,1,1,2,0,1,998,67,240,1,0,1,2,2,2,2,1,10,1,13,96,28,20,12,2020,1,0,2,12,1,1,1,2,10,50.0
530502,1,1,32,1,1,0,11,3,20,8,0,2,0,3,0,1,998,68,195,1,0,3,2,1,2,2,1,80,0,95,96,0,10,12,2020,5,2,2,8,1,1,1,3,5,33.33333333
530504,1,1,49,2,1,4,11,99,8,8,0,2,0,1,0,1,998,59,120,0,0,1,3,1,2,2,11,15,0,13,96,48,16,12,2020,4,15,2,12,8,1,1,1,1,66.66666667
530505,1,1,35,2,1,4,11,3,8,8,0,1,0,1,0,1,998,64,212,1,0,1,2,1,2,2,1,10,0,13,96,28,18,12,2020,6,19,2,12,1,1,1,2,2,50.0
530508,1,1,30,1,1,4,11,20,20,8,0,1,0,2,0,1,998,68,200,0,4,3,3,2,2,4,1,6,0,13,96,87,24,12,2020,5,6,2,25,1,1,3,2,1,25.0
530509,1,1,40,1,1,4,11,3,20,8,0,1,0,1,0,1,998,70,170,0,4,6,2,2,2,2,1,12,0,60,96,0,15,12,2020,3,1,2,1,5,1,4,3,2,100.0
530511,1,1,40,2,1,4,11,20,8,8,0,2,0,2,0,1,998,66,190,1,0,1,2,2,2,1,1,10,1,7,92,28,26,12,2020,7,13,2,12,1,1,1,1,10,50.0
530512,1,1,27,1,1,0,11,99,20,8,0,1,0,1,0,1,998,74,185,0,0,1,3,1,2,2,11,80,0,7,0,38,19,12,2020,7,19,2,8,3,2,1,3,2,50.0
530514,1,1,74,1,1,0,11,3,1,8,0,1,0,1,0,1,998,72,200,0,0,1,2,1,2,1,1,98,0,60,0,10,2,12,2020,4,12,2,18,3,3,5,1,1,50.0
530521,1,1,44,1,1,0,11,3,20,8,0,2,0,1,0,1,998,64,150,0,0,1,2,2,2,1,1,8,0,2,3,0,30,10,2020,6,21,2,38,1,1,4,3,1,50.0
530522,1,1,24,1,1,0,11,3,20,8,0,1,0,1,0,1,998,69,172,1,0,4,2,2,1,1,1,83,1,13,96,999,27,9,2020,1,17,2,9,2,3,1,1,1,50.0
530525,1,1,24,2,1,0,11,98,99,1,0,1,1,0,0,1,998,64,125,0,0,1,8,1,1,1,1,17,0,60,96,91,12,7,2020,1,20,2,12,2,2,1,5,10,33.33333333
530526,1,1,51,1,1,1,11,3,20,8,0,1,0,3,6,1,998,69,210,2,0,1,4,2,2,2,1,8,0,66,96,28,3,2,2020,2,9,2,12,1,1,1,1,1,25.0
530527,1,1,51,1,1,0,11,3,20,8,0,1,0,1,0,1,998,72,205,1,0,5,5,1,2,2,1,80,0,7,96,0,3,1,2020,6,16,2,8,1,1,1,5,2,50.0
530528,1,1,76,2,1,0,11,3,20,1,0,1,0,1,0,1,998,67,125,0,0,5,5,1,2,2,11,15,0,60,96,48,12,11,2020,5,16,2,12,8,1,1,1,2,50.0
530530,1,1,45,2,1,0,11,3,20,8,0,1,0,1,0,1,998,65,160,1,0,8,8,1,2,1,13,83,0,7,96,0,14,9,2020,2,12,2,9,1,1,1,1,1,50.0
530531,1,1,42,2,1,0,11,3,20,8,0,1,0,3,0,1,998,67,150,0,0,6,2,1,2,1,11,15,0,5,96,38,24,1,2020,6,18,2,8,3,2,1,3,1,50.0
530534,1,1,61,1,1,0,11,3,20,8,0,1,0,1,0,1,998,73,260,0,0,1,6,1,2,1,1,80,0,95,96,0,16,4,2020,5,21,2,8,3,2,1,3,1,50.0
530535,1,1,998,8,1,9,11,99,98,8,0,99,1,9,0,1,998,999,999,99,0,4,1,1,1,1,10,80,0,13,92,0,3,5,2020,1,0,2,8,3,4,1,3,1,50.0
530537,1,1,24,1,1,4,11,20,20,8,0,1,0,2,0,1,998,67,140,1,4,5,5,1,2,2,98,13,1,13,96,74,29,2,2020,7,1,2,33,1,1,4,3,10,100.0
530538,1,1,78,1,1,4,11,3,8,8,0,1,0,1,0,1,998,73,165,0,0,1,2,1,2,2,11,15,0,5,0,38,13,3,2020,6,19,2,12,2,3,1,2,2,33.33333333
530540,1,1,25,8,1,2,11,99,99,8,0,2,0,1,0,1,998,72,180,2,0,1,2,1,2,2,11,13,1,13,96,91,23,4,2020,5,18,2,1,3,3,4,1,10,50.0
530542,1,1,32,2,1,1,11,3,8,8,0,1,0,9,0,1,998,999,999,99,0,1,2,1,2,1,11,15,0,13,96,48,25,6,2020,5,1,2,12,2,2,1,3,1,33.33333333
530543,1,1,17,1,1,4,11,3,99,8,0,2,0,2,0,1,998,66,120,0,4,2,3,1,2,1,14,12,0,3,96,28,25,6,2020,5,18,2,33,1,1,3,1,1,12.5
530544,1,1,82,1,1,4,11,3,8,8,0,1,0,1,0,1,998,71,150,0,0,2,2,2,2,1,14,13,0,13,92,28,5,7,2020,1,17,2,42,1,1,4,1,1,100.0
530545,1,1,51,1,1,4,11,20,20,8,0,1,0,1,0,1,998,73,350,0,0,6,3,2,2,1,15,9,0,81,96,28,24,7,2020,6,16,2,1,20,1,1,1,1,100.0
530548,1,1,19,1,1,0,11,3,20,8,0,1,0,3,0,1,998,72,170,0,0,4,3,1,2,1,11,83,0,7,96,0,28,8,2020,6,16,2,15,8,1,1,1,1,50.0
530549,1,1,66,1,1,4,11,20,8,8,0,1,0,1,0,1,998,72,240,1,0,1,5,1,2,1,1,17,0,8,96,39,2,9,2020,4,5,2,12,2,2,1,1,1,50.0
530550,1,1,998,8,1,9,11,98,20,8,0,99,1,9,99,1,998,999,999,99,0,1,2,1,8,98,1,83,0,998,96,0,20,10,2020,3,22,2,15,1,1,1,3,10,50.0
530551,1,1,35,2,1,3,11,3,20,1,0,2,0,1,0,1,998,65,160,0,3,1,2,1,2,1,14,13,1,13,96,91,3,6,2020,4,22,2,30,1,1,4,2,1,50.0
530552,1,1,32,1,1,0,11,99,99,8,0,1,0,3,1,1,998,62,130,0,0,1,8,2,2,1,1,11,0,67,96,0,26,7,2020,1,16,2,14,1,1,7,1,1,25.0
530553,1,1,31,2,1,4,11,3,98,8,0,3,0,1,0,1,998,63,134,1,0,1,2,8,2,1,14,13,1,13,96,0,18,4,2020,7,12,2,43,1,1,5,1,1,33.33333333
540001,1,1,29,1,1,4,11,20,8,0,0,1,0,1,0,1,40,73,330,0,4,1,2,1,2,2,14,6,1,60,96,58,4,1,2020,7,17,2,34,1,1,4,2,2,100.0
540002,1,1,68,1,1,0,11,3,20,0,0,1,0,1,0,1,998,74,189,0,0,5,5,1,2,1,1,80,0,60,0,0,8,1,2020,4,19,2,8,1,1,1,2,1,50.0
540004,1,1,32,1,1,1,11,20,99,1,0,99,0,2,0,1,998,66,170,0,3,3,3,1,2,1,1,51,1,7,96,36,1,1,2020,4,0,2,12,1,1,1,2,1,33.33333333
540010,1,1,18,1,1,3,11,99,1,0,0,2,0,2,0,1,30,74,150,0,4,1,2,6,2,1,1,10,0,7,96,28,16,1,2020,5,19,2,12,1,1,1,2,1,66.66666667
540012,1,1,26,2,1,1,11,3,1,0,0,1,0,1,0,1,998,63,150,1,0,1,2,1,2,1,14,10,0,7,96,28,12,1,2020,1,12,2,12,1,1,1,1,1,50.0
540014,1,1,48,2,1,0,11,3,20,0,0,1,0,3,0,1,998,66,185,0,0,1,2,1,2,1,1,80,0,7,0,0,27,1,2020,2,21,2,8,1,1,1,2,10,50.0
540015,1,1,37,1,1,4,11,3,1,9,0,1,0,1,0,1,998,73,200,0,0,3,3,5,2,1,1,51,0,13,15,26,27,1,2020,2,18,2,12,1,1,1,2,1,50.0
540017,1,1,92,1,1,4,11,20,20,0,0,1,0,1,0,1,998,71,240,0,0,1,2,1,2,1,11,15,0,13,96,38,27,1,2020,2,15,2,12,2,3,1,1,1,20.0
540018,1,1,42,2,1,0,11,3,20,0,0,1,0,1,0,1,998,66,200,1,0,2,2,1,2,1,11,15,0,13,0,38,29,1,2020,4,17,2,12,2,2,1,2,1,50.0
540020,1,1,49,2,1,4,11,3,20,9,0,1,0,1,0,1,998,68,200,0,0,1,2,6,5,11,14,14,0,60,96,36,3,2,2020,2,10,2,43,1,1,5,1,1,100.0
540022,1,1,36,1,1,4,11,20,1,8,0,1,0,1,0,1,998,68,165,2,0,3,2,1,2,1,14,13,0,60,96,0,5,2,2020,4,11,2,35,1,1,4,1,1,100.0
540023,1,1,44,1,1,4,11,3,99,9,0,1,0,3,6,1,998,68,140,0,0,3,2,6,2,1,1,1,0,66,96,0,11,2,2020,3,15,2,24,1,1,3,1,10,100.0
540024,1,1,89,1,1,4,11,20,8,0,0,2,0,1,0,1,998,71,180,0,0,3,2,1,2,2,14,54,0,7,96,51,8,2,2020,7,14,2,12,1,1,1,1,4,50.0
540028,1,1,24,1,1,4,11,3,8,1,0,2,0,2,0,1,998,69,168,2,3,3,2,1,2,1,1,11,1,3,12,8,14,2,2020,6,1,2,12,1,1,1,2,10,25.0
540029,1,1,22,1,1,4,11,20,20,9,0,1,0,1,0,1,998,70,360,1,3,3,2,1,2,1,6,17,1,9,96,39,14,2,2020,6,20,2,12,2,2,1,2,1,33.33333333
540033,1,1,41,1,1,1,11,20,8,0,0,2,0,1,0,1,998,70,160,2,0,2,3,6,2,1,14,67,1,60,0,0,16,2,2020,1,19,2,12,2,3,1,2,1,33.33333333
540037,1,1,27,1,1,4,11,3,1,0,0,1,0,2,0,1,998,73,250,0,0,1,2,1,2,1,1,10,0,7,96,28,19,2,2020,4,16,2,12,1,1,1,1,1,50.0
540039,1,1,60,1,1,1,11,3,1,0,0,1,0,1,0,1,998,72,195,0,0,1,2,1,2,1,1,8,0,13,0,28,24,2,2020,2,17,2,12,1,1,1,1,1,50.0
540041,1,1,43,1,1,4,11,20,20,9,0,1,0,1,0,1,998,74,240,0,4,1,2,6,2,1,14,10,1,94,96,39,1,3,2020,1,16,2,12,1,1,1,1,1,33.33333333
540047,1,1,38,1,1,3,11,3,1,0,0,1,0,1,0,1,998,76,280,1,0,2,2,1,2,1,1,17,0,60,0,0,13,3,2020,6,16,2,12,2,2,1,1,1,33.33333333
540050,1,1,20,1,1,4,11,3,1,9,0,1,0,2,0,1,998,72,190,0,4,2,3,6,2,2,14,6,0,5,96,28,27,3,2020,6,10,2,12,1,1,1,1,2,33.33333333
540053,1,1,38,1,1,4,11,20,8,9,0,2,0,2,0,1,998,72,220,0,0,1,2,5,2,1,14,13,0,119,96,6,2,4,2020,5,8,2,30,1,1,4,1,1,50.0
540055,1,1,41,1,1,4,11,3,20,0,0,2,0,1,0,1,998,66,190,1,0,5,6,1,2,1,1,17,0,15,96,39,10,4,2020,6,13,2,33,3,3,4,1,1,50.0
540058,1,1,23,1,1,4,11,3,99,0,0,1,0,1,0,1,998,70,185,0,0,3,3,1,2,1,1,53,0,13,96,0,13,4,2020,2,20,2,12,1,1,1,2,1,33.33333333
540059,1,1,23,1,1,4,11,20,20,0,0,1,0,1,0,1,998,999,999,0,0,1,2,3,2,1,14,6,0,82,96,58,15,4,2020,4,10,2,12,1,1,1,1,1,50.0
540062,1,1,53,1,1,0,11,99,20,1,0,2,0,1,0,1,998,71,205,0,3,1,2,5,2,1,14,13,1,60,96,36,3,4,2020,6,22,2,24,1,1,4,2,1,50.0
540066,1,1,48,2,1,4,11,3,8,0,0,1,0,1,0,1,998,65,165,0,0,2,2,1,2,1,1,54,1,13,96,51,1,5,2020,6,9,2,12,1,1,1,1,1,50.0
540067,1,1,999,9,1,9,11,99,98,8,0,99,1,9,99,1,998,999,999,99,9,1,2,5,2,1,1,80,0,998,99,999,9,3,2020,2,23,2,8,1,1,1,2,1,50.0
540068,1,1,60,1,1,4,11,99,20,0,0,1,0,0,0,1,998,67,165,0,4,1,2,1,2,2,14,6,0,7,96,58,23,4,2020,5,16,2,32,1,1,4,1,2,50.0
540069,1,1,26,1,1,4,11,20,20,0,0,1,0,3,1,1,998,74,999,0,0,3,2,1,2,1,1,50,0,11,5,6,30,4,2020,5,15,2,12,1,1,1,1,1,33.33333333