ST_CASE,VEH_NO,PER_NO,AGE,SEX,PER_TYP,INJ_SEV,SEAT_POS,REST_USE,AIR_BAG,DRUGS,LOCATION,NUMOCCS,HIT_RUN,OWNER,V_CONFIG,HAZ_INV,TRAV_SP,DR_HGT,DR_WGT,PREV_SPD,SPEEDREL,VTRAFWAY,VNUM_LAN,VPROFILE,VPAVETYP,VSURCOND,P_CRASH1,P_CRASH2,DR_DRINK,VPICBODYCLASS,DRDISTRACT,DRIVERRF,DAY,MONTH,YEAR,DAY_WEEK,HOUR,RUR_URB,HARM_EV,RELJCT2,TYP_INT,REL_ROAD,LGT_COND,WEATHER,Fatality Rate (%)
60734,1,1,55,1,1,0,11,3,9,0,0,1,0,2,0,1,998,69,143,0,0,2,3,8,2,1,1,80,0,1,96,0,22,2,2020,7,18,2,8,3,3,1,3,1,50.0
60735,1,1,75,1,1,4,11,3,9,0,0,1,0,4,0,1,998,68,170,0,4,2,2,8,8,1,1,54,0,13,96,0,25,1,2020,7,14,2,12,1,1,1,1,1,50.0
60736,1,1,90,1,1,0,11,98,2,0,0,2,0,1,0,1,45,67,161,0,4,1,4,1,2,1,1,13,0,13,96,27,21,2,2020,6,11,2,30,1,1,4,1,1,50.0
60737,1,1,46,1,1,0,11,3,9,9,0,99,1,1,0,1,50,65,130,0,4,1,2,5,2,1,1,50,0,7,96,0,16,2,2020,1,18,2,12,1,1,1,3,1,20.0
60738,1,1,44,1,1,0,11,98,20,0,0,1,0,1,0,1,998,68,170,0,0,2,3,8,2,1,1,80,1,7,0,0,27,1,2020,2,19,2,8,1,1,1,3,1,50.0
60742,1,1,31,1,1,0,11,3,20,0,0,1,0,1,0,1,28,69,225,1,0,1,4,8,8,1,1,80,1,13,96,38,26,1,2020,1,1,2,8,3,2,1,3,1,50.0
60743,1,1,32,1,1,9,11,99,9,9,0,99,1,1,0,1,998,66,200,0,0,1,2,8,8,1,1,19,0,7,96,91,7,1,2020,3,3,2,12,2,3,1,2,5,14.28571429
60744,1,1,22,2,1,0,11,3,20,0,0,4,0,1,0,1,998,64,125,0,0,1,2,8,8,98,10,80,0,13,96,0,20,2,2020,5,20,2,8,3,3,1,2,10,20.0
60745,1,1,35,2,1,0,11,3,20,0,0,3,0,2,0,1,13,63,125,0,0,1,2,1,8,1,14,10,0,7,0,28,5,2,2020,4,8,2,12,1,1,1,1,1,25.0
60746,1,1,30,1,1,3,11,3,1,0,0,2,0,1,0,1,998,71,170,0,0,1,2,8,8,1,1,13,1,7,96,27,22,2,2020,7,21,2,42,1,1,4,2,1,50.0
60748,1,1,51,1,1,0,11,3,20,0,0,1,0,1,6,1,54,72,190,0,0,3,5,1,2,1,1,80,0,66,0,0,9,6,2020,3,21,2,8,1,1,1,3,1,50.0
60749,1,1,23,1,1,4,11,3,9,9,0,1,0,2,0,1,999,68,130,0,4,1,2,1,2,1,6,12,0,13,96,0,24,6,2020,4,20,2,30,1,1,4,2,1,100.0
60750,1,1,26,1,1,4,11,20,9,9,0,1,0,2,0,1,63,70,170,0,0,3,5,5,8,1,14,50,0,7,99,0,2,4,2020,5,9,2,12,1,1,1,1,1,50.0
60753,1,1,76,1,1,2,11,3,20,0,0,1,0,1,0,1,998,67,175,0,0,1,2,8,2,1,1,80,0,13,0,0,11,2,2020,3,22,2,8,1,1,1,2,1,50.0
60754,1,1,21,1,1,4,11,3,9,9,0,2,0,2,0,1,43,72,200,0,4,1,2,8,8,2,1,6,0,1,99,0,22,2,2020,7,19,2,33,1,1,4,3,10,50.0
60755,1,1,61,1,1,4,11,20,20,9,0,1,0,1,0,1,53,72,270,0,4,1,2,2,2,1,14,10,0,81,96,28,19,2,2020,4,14,2,12,1,1,1,1,1,50.0
60756,1,1,31,2,1,1,11,3,20,9,0,4,0,1,0,1,998,66,170,0,0,1,2,1,8,1,1,12,0,60,96,0,21,2,2020,6,15,2,42,1,1,4,1,1,25.0
60757,1,1,24,1,1,4,11,3,9,0,0,1,0,2,0,1,998,68,120,1,0,2,2,1,2,1,1,13,1,7,96,0,21,2,2020,6,2,2,33,1,1,4,3,1,100.0
60758,2,1,23,1,1,0,11,3,20,8,0,1,0,1,0,1,65,68,173,0,0,3,6,1,8,1,1,64,0,3,96,0,25,4,2020,7,20,2,8,1,1,2,2,1,50.0
60760,1,1,999,9,1,0,11,99,99,9,0,99,1,9,99,1,999,999,999,99,0,3,3,1,2,1,14,80,0,999,0,0,5,5,2020,3,21,2,8,1,1,1,2,1,50.0
60761,1,1,45,1,1,3,11,3,9,1,0,3,0,2,0,1,83,78,240,0,4,2,2,8,2,1,14,6,1,13,96,0,18,2,2020,3,1,2,33,1,1,4,3,1,33.33333333
60762,1,1,21,1,1,0,11,3,20,0,0,1,0,2,0,1,998,74,210,0,0,1,2,8,8,1,1,80,0,3,96,0,20,2,2020,5,22,2,8,1,1,1,3,1,50.0
60763,1,1,25,1,1,4,11,20,20,0,0,1,0,2,0,1,998,67,220,0,4,2,3,8,8,1,14,13,1,7,96,39,21,2,2020,6,23,2,33,3,2,4,3,1,100.0
60764,1,1,999,9,1,9,11,98,98,9,0,1,1,9,99,1,998,999,999,99,0,1,4,8,8,1,1,80,0,999,99,0,3,1,2020,6,18,2,8,1,1,1,3,1,50.0
60765,1,1,32,1,1,0,11,3,20,0,0,1,0,2,0,1,23,65,220,0,0,1,5,8,8,1,1,80,0,7,0,0,20,2,2020,5,5,2,8,3,2,1,3,1,50.0
60766,1,1,34,1,1,0,11,3,20,0,0,1,0,1,0,1,998,70,167,0,0,1,4,8,2,1,1,80,0,13,0,0,21,2,2020,6,17,2,8,1,1,1,5,10,50.0
60767,1,1,58,1,1,1,11,3,9,0,0,1,0,1,0,1,13,66,170,1,0,5,5,8,2,1,11,15,0,13,96,0,23,2,2020,1,15,2,12,2,3,1,1,1,50.0
60768,1,1,999,9,1,9,11,98,98,9,0,99,1,9,99,1,998,999,999,99,0,1,4,8,8,1,1,80,0,999,96,0,22,2,2020,7,4,2,8,1,1,1,3,1,33.33333333
60769,1,1,26,1,1,4,11,20,20,9,0,1,0,1,0,1,998,72,170,2,4,2,2,6,8,1,14,12,1,80,96,0,22,2,2020,7,1,2,33,1,1,4,2,1,100.0
60770,1,1,22,2,1,4,11,20,9,9,0,2,0,3,0,1,998,64,172,0,4,6,1,8,2,1,14,12,0,13,96,0,23,2,2020,1,3,2,33,5,1,4,6,1,50.0
60771,1,1,999,9,1,0,11,99,99,0,0,99,1,9,99,1,55,999,999,99,0,3,4,8,2,1,1,80,1,999,99,999,14,5,2020,5,23,2,8,18,1,1,2,1,50.0
60774,1,1,999,9,1,0,11,99,99,9,0,99,1,9,99,1,60,999,999,99,0,3,5,8,8,1,14,80,0,999,96,0,1,5,2020,6,5,2,8,1,1,1,2,1,33.33333333
60779,1,1,23,1,1,0,11,3,20,0,0,1,0,1,0,1,30,68,155,1,0,5,5,8,8,1,1,80,0,13,0,0,21,4,2020,3,19,2,8,1,1,1,5,1,50.0
60780,1,1,21,2,1,4,11,3,9,0,0,2,0,2,0,1,45,66,185,0,0,2,2,1,2,6,1,13,0,7,96,0,12,3,2020,5,14,2,33,1,1,4,1,2,50.0
60781,1,1,53,1,1,0,11,3,20,0,0,1,0,1,0,1,998,70,160,0,0,2,2,8,2,1,1,80,0,3,0,0,22,2,2020,7,6,2,8,1,1,1,1,10,50.0
60783,1,1,43,2,1,0,11,3,20,0,0,99,1,1,0,1,39,65,125,0,0,1,4,8,2,1,1,80,0,13,96,60,2,1,2020,5,17,2,8,1,1,1,3,1,50.0
60784,1,1,24,1,1,4,11,20,20,0,0,1,0,1,0,1,73,71,164,0,4,8,8,1,8,1,1,17,0,82,96,0,6,1,2020,2,11,2,12,2,2,1,1,1,50.0
60785,1,1,23,1,1,2,11,3,9,0,0,1,0,2,0,1,55,67,220,0,4,1,2,8,8,1,1,17,1,13,96,91,26,2,2020,4,17,2,12,2,2,1,5,1,50.0
60786,1,1,28,1,1,4,11,20,8,9,0,1,0,2,0,1,998,66,140,0,0,1,5,8,8,1,1,17,0,3,96,0,24,2,2020,2,23,2,12,2,2,1,3,1,50.0
60787,1,1,59,1,1,4,11,20,20,9,0,1,0,1,0,1,998,68,185,0,0,2,1,8,2,1,14,12,0,82,96,0,23,2,2020,1,17,2,33,1,1,4,1,1,100.0
60788,1,1,53,1,1,0,11,3,20,0,0,2,0,2,0,1,998,72,189,0,0,1,2,1,2,1,11,80,0,60,96,38,2,3,2020,2,15,2,15,3,2,1,1,1,33.33333333
60795,1,1,40,1,1,0,11,3,20,0,0,1,0,1,0,1,23,78,225,1,0,5,7,8,2,1,1,80,0,60,96,0,28,2,2020,6,19,2,8,1,1,1,2,1,25.0
60796,1,1,50,2,1,0,11,3,98,0,0,1,0,2,0,1,40,65,150,0,0,5,5,8,2,1,1,80,0,7,96,0,22,2,2020,7,4,2,8,1,1,1,2,1,50.0
60797,1,1,998,8,1,9,11,98,98,9,0,99,1,9,99,1,999,999,999,99,0,2,3,8,8,1,1,80,0,999,99,0,22,1,2020,4,19,2,8,1,1,1,2,1,50.0
60798,1,1,49,1,1,0,11,3,9,0,0,1,0,1,0,1,998,66,190,0,0,1,3,8,8,1,11,15,1,13,96,38,23,2,2020,1,17,2,12,2,3,1,1,1,50.0
60799,1,1,47,2,1,0,11,3,20,0,0,1,0,1,0,1,998,59,120,0,0,2,4,1,2,1,10,83,0,13,96,39,25,2,2020,3,15,2,15,3,2,1,1,1,50.0
60800,1,1,82,2,1,2,11,3,9,0,0,1,0,1,0,1,998,63,180,0,0,1,6,6,2,1,11,15,0,13,96,38,28,2,2020,6,18,2,12,2,2,1,3,1,50.0
60801,1,1,21,1,1,4,11,20,9,9,0,1,0,1,0,1,998,72,180,0,4,5,3,8,2,1,1,13,0,3,96,27,24,2,2020,2,1,2,33,1,1,4,3,1,100.0
60802,1,1,54,1,1,4,11,3,20,0,0,2,0,1,0,1,999,67,160,0,4,2,2,1,2,2,1,6,0,60,0,0,19,3,2020,5,13,2,33,1,1,4,1,2,50.0
60806,1,1,24,1,1,0,11,3,20,0,0,1,1,1,0,1,68,69,160,0,0,3,4,1,1,1,14,51,0,5,96,0,23,5,2020,7,14,2,12,1,1,1,1,1,66.66666667
60807,1,1,61,1,1,0,11,3,20,0,0,1,0,4,6,1,53,70,200,1,0,3,4,1,2,1,1,80,0,66,96,0,13,2,2020,5,3,2,8,1,1,1,2,1,50.0
60808,1,1,51,2,1,0,11,3,20,0,0,2,0,1,0,1,45,61,130,1,0,1,5,8,2,1,1,80,0,7,96,28,13,1,2020,2,19,2,8,3,2,1,3,1,33.33333333
60809,1,1,72,1,1,0,11,3,20,0,0,1,0,1,0,1,58,69,202,0,0,2,4,8,1,1,1,83,0,7,0,0,6,3,2020,6,22,2,9,1,1,1,2,10,50.0
60810,1,1,52,2,1,0,11,3,20,0,0,1,0,3,1,1,998,65,160,0,0,5,5,8,2,1,11,15,0,63,96,38,15,1,2020,4,23,2,12,2,2,1,3,1,50.0
60811,1,1,31,1,1,0,11,3,20,0,0,1,0,1,0,1,998,69,185,0,0,1,2,8,8,1,11,80,0,60,96,39,5,3,2020,5,23,2,8,3,2,1,3,1,33.33333333
60812,1,1,29,1,1,4,11,20,20,0,0,1,0,2,0,1,80,64,140,0,4,1,2,8,2,1,1,13,1,2,96,0,27,6,2020,7,16,2,43,1,1,4,1,1,100.0
60813,1,1,46,2,1,4,11,3,1,0,0,1,0,1,0,1,0,63,130,0,0,3,6,1,2,1,5,53,0,13,96,54,9,7,2020,5,2,2,12,1,1,1,2,1,50.0
60816,1,1,68,1,1,4,11,20,20,0,0,1,0,2,0,1,998,64,119,1,0,3,5,1,1,1,1,51,1,6,96,0,14,5,2020,5,19,2,12,1,1,1,5,1,50.0
60817,1,1,57,1,1,0,11,3,20,0,0,1,0,1,0,1,35,73,195,0,0,5,5,8,2,1,1,80,0,13,0,0,26,4,2020,1,20,2,8,1,1,1,3,1,50.0
60818,1,1,31,1,1,4,11,99,9,0,0,2,0,2,0,1,90,74,186,0,0,3,5,1,1,1,1,8,1,13,96,0,23,5,2020,7,2,2,39,1,1,4,2,1,50.0
60820,1,1,66,2,1,0,11,3,20,0,0,1,0,1,0,1,35,62,170,0,0,1,5,8,1,1,1,80,0,7,0,0,29,2,2020,7,2,2,8,3,2,1,3,1,50.0
60821,1,1,64,2,1,2,11,3,20,0,0,1,0,1,0,1,998,67,167,0,0,1,6,8,8,1,1,80,0,13,96,0,6,3,2020,6,5,2,8,3,2,1,4,10,50.0
60822,1,1,21,2,1,4,11,20,8,0,0,1,0,1,0,1,998,62,115,0,4,1,2,8,1,1,1,14,1,13,0,39,2,1,2020,5,22,2,17,3,3,4,3,1,100.0
60823,1,1,36,2,1,0,11,3,9,1,0,1,0,1,0,1,998,66,125,1,0,2,4,1,1,1,1,17,1,60,96,39,2,3,2020,2,18,2,12,2,2,1,3,1,50.0
60824,1,1,40,1,1,4,11,20,1,1,0,2,0,2,0,1,998,72,160,0,0,1,2,1,2,1,14,10,1,13,96,0,24,1,2020,6,23,2,12,1,1,1,2,1,33.33333333
60825,1,1,60,1,1,0,11,3,20,0,0,1,0,1,0,1,998,73,200,0,0,1,4,8,8,1,1,80,0,13,96,0,29,2,2020,7,20,2,8,3,98,1,2,1,50.0
60826,1,1,21,1,1,4,11,99,9,9,0,1,0,1,0,1,999,70,213,1,4,1,7,6,8,1,1,6,0,13,96,0,9,3,2020,2,3,2,33,1,1,4,3,1,100.0
60827,1,1,50,1,1,4,11,20,9,9,0,1,0,1,0,1,998,64,200,0,4,5,3,8,2,2,1,10,0,3,96,0,9,1,2020,5,10,2,14,3,3,2,1,10,100.0
60828,1,1,28,1,1,2,11,3,20,0,0,2,0,3,0,1,998,67,155,0,0,8,8,1,5,1,14,12,0,13,96,0,20,1,2020,2,18,2,35,1,1,4,2,1,50.0
60829,1,1,999,9,1,9,11,98,98,9,0,1,1,9,19,1,998,999,999,99,0,1,5,8,8,1,11,80,0,66,96,38,5,2,2020,4,15,2,8,3,2,1,1,1,50.0
60833,1,1,71,1,1,0,11,3,20,0,0,1,0,4,0,1,998,67,170,0,0,8,2,8,8,1,11,80,0,13,96,38,2,3,2020,2,9,2,8,3,2,1,1,1,50.0
60834,1,1,32,1,1,0,11,20,20,0,0,1,0,2,0,1,45,71,200,1,4,2,2,8,2,1,1,82,0,65,5,0,11,3,2020,4,15,2,33,1,1,4,1,1,50.0
60835,1,1,999,9,1,9,11,98,98,9,0,1,1,9,99,1,998,999,999,99,0,5,5,8,8,98,1,80,0,999,96,0,23,2,2020,1,0,2,8,1,1,1,3,1,33.33333333
60836,1,1,21,1,1,4,11,99,9,9,0,1,0,2,0,1,998,62,166,0,0,1,2,8,2,1,1,13,1,13,96,28,1,3,2020,1,19,2,39,1,1,4,2,1,100.0
60837,1,1,17,1,1,2,11,3,9,0,0,4,0,2,0,1,85,68,105,0,4,1,2,1,2,1,6,6,0,13,96,0,11,3,2020,4,15,2,30,1,1,4,1,1,25.0
60838,1,1,23,1,1,0,11,1,20,0,0,2,0,1,0,1,45,65,140,0,0,5,5,1,2,2,1,80,0,13,96,0,10,3,2020,3,22,2,8,1,1,1,3,10,33.33333333
60839,1,1,54,1,1,4,11,3,20,9,0,1,0,2,1,1,998,69,231,0,0,3,3,1,2,1,1,13,0,11,96,28,3,6,2020,4,5,2,38,1,1,4,4,1,100.0
60841,1,1,23,2,1,3,11,20,9,0,0,4,0,2,0,1,998,60,105,0,4,5,5,8,8,1,98,54,1,7,96,28,9,3,2020,2,23,2,12,1,1,1,3,10,20.0
60842,1,1,67,1,1,0,11,99,20,0,0,2,0,2,0,1,998,69,275,0,0,1,2,5,8,1,1,11,0,13,96,28,15,1,2020,4,21,2,8,1,1,2,2,1,33.33333333
60843,1,1,65,1,1,2,11,3,9,0,0,1,0,2,0,1,998,67,210,0,0,1,6,8,8,2,11,15,0,5,96,38,10,3,2020,3,21,2,12,2,2,1,3,10,50.0
60844,1,1,35,1,1,0,11,3,20,0,0,1,0,1,0,1,998,71,190,0,0,1,7,8,8,1,1,80,1,13,96,0,2,3,2020,2,18,2,8,3,2,1,5,1,33.33333333
60845,1,1,46,2,1,0,11,3,20,0,0,1,0,1,0,1,998,62,125,0,0,3,3,8,2,2,1,80,0,5,96,0,16,3,2020,2,19,2,8,1,1,1,3,2,50.0
60846,1,1,23,1,1,4,11,20,20,0,0,1,0,2,0,1,998,72,150,0,4,1,5,5,8,98,1,17,0,80,96,38,24,2,2020,2,18,2,12,2,2,1,3,1,50.0
60847,1,1,999,9,1,0,11,99,99,9,0,99,1,9,99,1,999,999,999,99,0,1,4,8,8,2,1,83,0,999,96,35,15,3,2020,1,20,2,9,3,3,1,2,2,50.0
60848,1,1,58,1,1,0,11,3,20,0,0,1,0,1,0,1,20,65,170,1,0,1,3,8,2,1,11,80,0,60,96,38,26,2,2020,4,5,2,8,3,2,1,3,1,50.0
60849,1,1,67,1,1,2,11,3,98,0,0,1,0,1,0,1,998,69,175,0,4,2,2,1,8,1,1,50,0,7,96,0,1,3,2020,1,18,2,12,2,2,1,2,1,25.0
60851,1,1,23,1,1,0,11,3,20,0,0,1,0,1,0,1,70,67,180,0,0,3,6,8,2,1,1,80,0,13,0,0,29,5,2020,6,2,2,8,18,1,1,2,5,50.0
60853,1,1,21,1,1,1,11,3,20,0,0,2,0,4,1,1,65,72,225,0,0,3,2,1,2,1,1,11,0,62,15,0,30,6,2020,3,21,2,14,1,1,2,2,1,50.0
60856,1,1,57,2,1,4,11,3,9,1,0,1,0,1,0,1,80,65,165,0,0,6,2,8,1,1,15,11,1,7,96,0,16,6,2020,3,21,2,12,20,1,1,3,1,25.0
60859,1,1,56,1,1,4,11,3,9,9,0,1,0,1,0,1,998,69,205,0,0,1,2,8,8,1,98,10,0,60,96,51,12,3,2020,5,12,2,12,1,1,1,1,1,33.33333333
60860,1,1,43,2,1,0,11,3,20,0,0,1,0,2,0,1,998,60,140,0,0,1,2,8,8,2,11,80,0,7,96,39,10,3,2020,3,7,2,8,3,2,1,1,2,50.0
60861,1,1,70,1,1,4,11,3,20,0,0,1,0,1,0,1,998,64,210,0,4,2,4,1,2,1,1,10,0,13,96,28,12,3,2020,5,18,2,12,2,3,1,5,1,50.0
60862,1,1,26,1,1,0,11,3,20,0,0,99,1,2,0,1,998,64,180,1,4,1,4,8,2,1,1,80,1,13,96,0,25,2,2020,3,20,2,8,1,1,1,3,1,33.33333333
60863,1,1,70,1,1,4,11,3,20,0,0,1,0,1,0,1,999,66,185,0,0,2,2,8,2,1,1,9,1,7,96,999,25,2,2020,3,22,2,33,1,1,3,3,1,100.0
60864,1,1,82,2,1,4,11,99,9,0,0,1,0,1,0,1,998,62,140,0,0,8,8,8,8,1,1,17,0,5,96,38,6,3,2020,6,7,2,12,2,2,1,1,1,50.0
60865,1,1,70,1,1,4,11,3,1,9,0,1,0,1,0,1,50,68,175,0,4,3,2,1,2,1,1,50,0,7,0,0,1,7,2020,4,16,2,12,1,1,1,1,1,50.0
60867,1,1,18,2,1,0,11,3,9,0,0,1,0,2,0,1,55,63,110,0,0,3,5,8,2,1,15,13,0,13,15,27,26,6,2020,6,17,2,14,1,1,2,1,1,50.0
60868,1,1,998,8,1,0,11,99,99,9,0,99,1,9,99,1,999,999,999,99,0,3,4,8,2,2,1,80,0,998,96,0,11,3,2020,4,99,2,8,1,1,1,3,2,50.0
60869,1,1,17,1,1,0,11,3,20,1,0,1,0,1,0,1,76,72,180,0,0,3,4,5,1,1,14,80,1,7,0,0,9,7,2020,5,22,2,8,18,1,1,2,1,50.0
60870,1,1,26,1,1,4,11,20,20,9,0,1,0,1,0,1,998,67,154,0,4,1,8,8,8,1,1,17,0,12,96,38,4,3,2020,4,16,2,12,2,2,1,1,1,50.0
60871,1,1,23,2,1,0,11,3,20,0,0,1,0,2,0,1,998,65,115,0,0,2,4,8,8,1,1,80,0,7,96,74,7,2,2020,6,5,2,8,3,2,1,3,1,50.0
60872,1,1,999,9,1,9,11,99,99,9,0,99,1,9,99,1,999,999,999,99,0,2,4,8,8,1,1,80,0,999,96,39,5,3,2020,5,9,2,8,3,3,1,1,1,50.0
60873,1,1,19,1,1,4,11,20,98,9,0,2,0,2,0,1,106,66,155,0,4,2,3,1,2,1,1,12,1,13,96,0,28,6,2020,1,0,2,33,1,1,3,3,1,50.0
60875,1,1,29,1,1,4,11,20,20,0,0,1,0,2,0,1,999,76,400,0,4,3,5,8,2,1,1,50,0,81,96,0,9,2,2020,1,2,2,12,18,1,1,3,1,50.0
60879,1,1,37,1,1,4,11,20,20,0,0,1,0,9,0,1,998,72,230,1,4,1,2,8,8,1,1,6,1,81,96,0,28,2,2020,6,17,2,14,1,1,7,1,1,100.0
60880,1,1,40,1,1,4,11,20,9,1,0,1,0,2,0,1,998,71,240,0,4,1,2,1,2,1,1,14,1,13,96,0,5,3,2020,5,2,2,38,1,1,4,2,1,100.0
60881,1,1,29,1,1,4,11,20,8,0,0,1,0,1,0,1,100,69,195,0,3,6,8,8,2,1,98,6,1,13,0,0,5,7,2020,1,2,2,33,5,1,4,3,1,100.0
60882,1,1,38,1,1,0,11,3,20,0,0,1,0,3,7,1,998,65,140,0,0,1,5,8,8,1,10,80,0,66,96,0,24,3,2020,3,11,2,8,3,2,1,1,1,50.0
60883,1,1,52,1,1,4,11,20,9,9,0,3,0,2,0,1,998,70,185,0,0,6,3,8,8,1,1,17,0,7,96,39,25,3,2020,4,21,2,12,2,2,1,3,1,25.0
60884,1,1,29,2,1,4,11,3,1,0,0,1,0,1,0,1,45,62,155,0,4,1,8,1,2,1,11,12,1,13,96,0,26,3,2020,5,1,2,39,3,2,4,3,1,100.0
60885,1,1,24,1,1,4,11,20,8,0,0,1,0,2,0,1,998,74,260,0,4,1,7,8,8,1,1,6,1,13,96,0,26,3,2020,5,2,2,33,3,2,4,3,1,100.0
60887,1,1,44,1,1,0,11,3,20,0,0,1,0,3,1,1,38,67,200,0,0,5,7,8,8,1,15,83,0,11,96,0,28,2,2020,6,9,2,9,1,1,1,1,1,50.0
60888,1,1,41,2,1,4,11,3,9,9,0,1,0,1,0,1,998,68,195,0,0,1,4,8,2,1,1,17,0,13,96,39,1,3,2020,1,20,2,12,2,2,1,2,10,50.0
60889,1,1,72,2,1,4,11,3,20,9,0,1,0,4,0,1,998,69,160,0,0,0,0,0,0,0,11,15,0,13,96,38,26,3,2020,5,7,2,12,8,1,1,1,1,50.0
60891,1,1,999,9,1,9,11,98,98,9,0,99,1,9,99,1,998,999,999,99,0,1,5,6,8,1,1,80,0,999,96,0,26,2,2020,4,18,2,8,3,2,1,3,1,50.0
60892,1,1,45,1,1,0,11,3,20,0,0,2,0,2,0,1,998,67,140,0,0,5,5,8,1,1,11,80,0,7,3,0,31,3,2020,3,14,2,8,3,3,1,1,1,33.33333333
60893,1,1,29,1,1,0,11,3,20,0,0,1,0,1,0,1,43,74,180,0,0,2,3,1,2,2,1,80,0,3,96,0,19,3,2020,5,5,2,8,3,2,1,3,10,50.0
60894,1,1,19,2,1,0,11,3,9,0,0,1,0,2,0,1,44,60,142,0,4,5,3,1,2,1,1,80,0,7,0,0,3,4,2020,6,23,2,8,3,3,1,3,1,50.0
60895,1,1,22,1,1,2,11,20,9,0,0,1,0,1,0,1,75,74,250,0,4,2,3,8,8,1,1,80,0,3,96,0,27,2,2020,5,18,2,8,1,1,1,5,1,50.0
60899,1,1,39,1,1,1,11,3,20,0,0,1,0,1,0,1,40,76,220,0,4,3,4,8,8,1,1,80,1,7,7,60,28,3,2020,7,23,2,8,1,1,1,3,1,50.0
60900,1,1,31,1,1,4,11,20,20,9,0,1,0,1,0,1,55,74,180,0,4,3,2,8,1,1,1,51,1,80,0,0,16,4,2020,5,10,2,12,1,1,1,1,1,25.0
60901,1,1,36,1,1,4,11,99,99,9,0,1,0,2,0,1,85,71,175,0,3,3,2,8,2,1,1,13,0,60,0,6,2,8,2020,1,17,2,24,1,1,4,1,1,100.0
60902,1,1,20,1,1,0,11,3,20,0,0,2,0,1,0,1,1,72,130,0,0,5,5,1,2,1,1,80,0,5,0,0,5,7,2020,1,1,2,8,1,1,1,2,1,33.33333333
60903,1,1,37,1,1,0,11,3,20,0,0,1,0,2,0,1,43,73,215,0,0,1,3,8,1,1,1,80,0,60,96,0,2,4,2020,5,21,2,8,1,1,1,3,1,33.33333333
60904,1,1,999,9,1,9,11,98,98,9,0,99,1,9,0,1,998,999,999,99,0,1,4,8,8,1,1,80,0,13,96,0,4,4,2020,7,15,2,8,1,1,1,1,1,50.0
60908,1,1,21,1,1,4,11,20,20,9,0,1,0,1,0,1,65,67,135,2,0,6,2,8,2,1,14,8,0,80,96,0,21,5,2020,5,20,2,1,20,1,1,1,1,100.0
60909,1,1,21,1,1,2,11,20,1,9,0,5,1,1,0,1,98,72,140,0,4,3,2,1,2,1,14,12,0,13,96,74,10,6,2020,4,2,2,59,1,1,3,2,1,40.0
60913,1,1,57,2,1,0,11,3,20,0,0,1,0,1,0,1,999,64,146,0,0,6,2,8,1,1,1,80,0,13,0,0,11,4,2020,7,20,2,8,20,1,1,3,10,50.0
60915,1,1,27,1,1,0,11,3,20,0,0,1,1,2,0,1,999,74,230,0,4,1,2,1,2,1,1,80,1,7,96,0,4,7,2020,7,21,2,8,1,1,1,3,1,50.0
60916,1,1,38,1,1,0,11,3,20,0,0,1,0,1,0,1,63,68,185,0,0,6,2,8,2,1,1,80,0,7,96,0,6,5,2020,4,21,2,8,5,1,1,2,1,50.0
60917,1,1,33,1,1,4,11,20,1,0,0,1,0,2,0,1,100,69,200,1,4,3,3,8,8,1,15,6,1,13,96,0,23,5,2020,7,13,2,35,1,1,4,1,1,100.0
60919,1,1,35,1,1,0,11,3,20,0,0,2,0,1,0,1,40,64,130,0,0,2,2,8,8,1,1,80,0,13,0,0,26,3,2020,5,19,2,8,1,1,1,3,10,25.0
60920,1,1,23,2,1,0,11,3,8,0,0,3,0,2,0,1,55,64,120,0,0,1,2,8,2,1,1,83,0,3,96,0,29,3,2020,1,15,2,9,1,1,1,1,1,25.0
60921,1,1,43,1,1,2,11,99,9,0,0,1,0,2,0,1,998,71,200,0,0,2,3,1,2,1,1,17,1,13,96,39,29,3,2020,1,16,2,12,2,3,1,1,1,50.0
60922,1,1,28,1,1,4,11,20,9,9,0,1,0,2,0,1,998,71,140,0,4,1,7,8,8,1,1,12,0,13,96,51,5,4,2020,1,5,2,42,1,1,4,3,10,100.0
60923,1,1,45,1,1,0,11,3,9,0,0,2,0,1,0,1,38,74,250,1,0,2,3,8,2,2,1,80,1,13,0,0,14,3,2020,7,20,2,8,3,2,1,3,10,33.33333333
60924,1,1,999,9,1,9,11,99,99,9,0,1,1,9,99,1,68,999,999,99,0,3,4,1,2,1,14,80,0,999,0,0,23,3,2020,2,22,2,8,1,1,1,2,1,50.0
60925,1,1,20,2,1,4,11,3,20,0,0,1,0,2,0,1,998,67,160,0,4,3,3,5,2,1,1,13,1,7,0,40,18,4,2020,7,99,2,21,1,1,4,2,10,100.0
60926,1,1,43,1,1,0,11,3,20,0,0,1,0,1,0,1,65,66,160,0,0,3,5,8,8,1,1,80,0,13,0,0,13,6,2020,7,23,2,8,1,1,1,3,1,50.0